0.09815  	0.15973  	-0.0687  	0.08951  	-0.0325  	0.30436  	0.24083  	0.19002  	0.28271  	0.14752  	-0.2643  	0.88651  	0.25315  	0.00556  	-0.8578  	0.39393  	0.52240  	-0.0301  	0.44851  	0.00875  	0.14063  	0.56424  	0.43075  	-0.0502  	0.01848  	0.02765  	0.40147  	-0.7107  	-0.5870  	-0.0008  	-0.0332  	0.03047  	0.19028  	-0.2320  	0.19256  	-0.0619  	0.37938  	0.07489  	-0.3421  	-0.1490  	0.12259  	0.04198  	0.04242  	0.26409  	0.01359  	-0.0186  	-0.0518  	0.12675  	0.10085  	-0.1383  	-0.0716  	-0.0223  	-0.0097  	0.00178  	-0.0276  	0.01807  	-0.0310  	0.01487  	0.01066  	-0.0224  	-0.0227  	0.01994  	0.04424  	0.01730  	0.07088  	0.08413  	-0.0704  	0.00628  	0.03325  	0.46010  	
0.08618  	0.15548  	-0.0685  	0.09865  	-0.0153  	0.29617  	0.24403  	0.17422  	0.28926  	0.18266  	-0.2762  	0.91027  	0.25225  	-0.0069  	-0.8971  	0.40242  	0.52780  	-0.0026  	0.44653  	0.04828  	0.09566  	0.55353  	0.40787  	-0.0878  	0.02412  	0.04253  	0.35053  	-0.6287  	-0.5318  	-0.0082  	-0.0231  	0.01473  	0.20505  	-0.2292  	0.14253  	-0.0421  	0.33650  	0.05669  	-0.3253  	-0.1438  	0.14055  	0.03042  	0.06040  	0.26860  	0.01868  	-0.0195  	-0.0488  	0.12679  	0.10048  	-0.1365  	-0.0721  	-0.0236  	-0.0102  	-0.0002  	-0.0269  	0.01542  	-0.0308  	0.01421  	0.01275  	-0.0239  	-0.0220  	0.01966  	0.04493  	0.01490  	0.07106  	0.08430  	-0.0682  	0.00746  	0.03088  	0.45196  	
0.10915  	0.12752  	-0.0643  	0.07369  	0.00768  	0.28387  	0.27504  	0.13776  	0.27178  	0.25600  	-0.4057  	0.84138  	0.31456  	0.03926  	-0.9118  	0.33670  	0.52226  	0.02166  	0.45251  	0.04051  	-0.0251  	0.57164  	0.35740  	-0.1267  	0.10361  	0.03015  	0.35215  	-0.5651  	-0.4308  	0.03243  	-0.0175  	0.01472  	0.19681  	-0.2294  	0.10277  	-0.0012  	0.26221  	0.02656  	-0.2872  	-0.1089  	0.14027  	0.03442  	0.06804  	0.27608  	0.01082  	-0.0213  	-0.0568  	0.14760  	0.11030  	-0.1418  	-0.0633  	-0.0244  	-0.0118  	-0.0029  	-0.0238  	0.01833  	-0.0289  	0.00411  	0.01441  	-0.0184  	-0.0163  	0.01540  	0.04830  	0.01988  	0.07092  	0.08538  	-0.0659  	0.00861  	0.02880  	0.44519  	
-0.1047  	0.12587  	-0.2600  	-0.0072  	0.02665  	0.11203  	0.24403  	0.05184  	0.20932  	0.25580  	-0.3023  	0.89555  	0.25507  	-0.0318  	-0.9787  	0.29396  	0.49158  	0.04130  	0.43055  	0.10327  	-0.0661  	0.53528  	0.35433  	-0.1359  	0.06517  	0.05351  	0.31724  	-0.5000  	-0.4116  	0.01655  	-0.0020  	-0.0220  	0.19085  	-0.2260  	0.12334  	0.00102  	0.26570  	0.00522  	-0.3035  	-0.0841  	0.16046  	0.04382  	0.04692  	0.25395  	0.02025  	-0.0153  	-0.0535  	0.13388  	0.08612  	-0.1330  	-0.0658  	-0.0243  	-0.0192  	-0.0094  	-0.0286  	0.01240  	-0.0215  	0.01306  	0.01566  	-0.0288  	-0.0254  	0.02385  	0.04633  	0.01527  	0.07046  	0.08736  	-0.0636  	0.00974  	0.02700  	0.43979  	
-0.1527  	0.07727  	-0.3009  	-0.0002  	0.00034  	0.08430  	0.22406  	0.02621  	0.17906  	0.24105  	-0.2545  	0.88495  	0.21215  	-0.1314  	-0.9508  	0.29728  	0.51031  	0.03280  	0.39731  	0.12962  	-0.0652  	0.54742  	0.40803  	-0.1159  	0.01695  	0.06561  	0.25491  	-0.5151  	-0.3987  	-0.0004  	-0.0242  	-0.0011  	0.16952  	-0.2297  	0.07758  	0.00116  	0.24025  	0.02483  	-0.2992  	-0.0754  	0.17658  	0.05159  	0.05476  	0.26683  	0.02129  	-0.0176  	-0.0380  	0.12431  	0.08098  	-0.1290  	-0.0773  	-0.0253  	-0.0160  	0.00033  	-0.0194  	0.00927  	-0.0265  	0.01300  	0.01804  	-0.0255  	-0.0214  	0.02552  	0.04134  	0.01779  	0.06968  	0.09026  	-0.0613  	0.01085  	0.02549  	0.43577  	
-0.2045  	0.05907  	-0.3717  	-0.0151  	-0.0317  	0.07659  	0.25011  	0.01015  	0.16232  	0.25928  	-0.2411  	0.84880  	0.22302  	-0.1554  	-0.9995  	0.27793  	0.52475  	0.00741  	0.39862  	0.12271  	-0.1211  	0.57267  	0.40383  	-0.1586  	0.05517  	0.06527  	0.27041  	-0.4897  	-0.3619  	0.01915  	-0.0306  	-0.0206  	0.16856  	-0.2173  	0.03093  	0.04552  	0.22954  	0.02145  	-0.2815  	-0.0914  	0.17733  	0.04549  	0.04493  	0.26965  	0.02088  	-0.0145  	-0.0451  	0.12773  	0.07814  	-0.1311  	-0.0808  	-0.0294  	-0.0135  	0.00096  	-0.0165  	0.00876  	-0.0279  	0.01562  	0.01931  	-0.0252  	-0.0200  	0.02165  	0.04145  	0.02017  	0.06858  	0.09406  	-0.0589  	0.01194  	0.02427  	0.43312  	
-0.3347  	0.01773  	-0.3505  	-0.0558  	-0.0313  	0.03829  	0.23255  	-0.0092  	0.17623  	0.26898  	-0.2303  	0.86526  	0.21954  	-0.1751  	-1.0707  	0.28510  	0.50840  	0.05863  	0.38788  	0.14277  	-0.1246  	0.55235  	0.34972  	-0.1885  	0.01355  	0.07957  	0.19344  	-0.3989  	-0.3544  	-0.0162  	-0.0047  	-0.0369  	0.17581  	-0.2171  	0.02650  	0.05597  	0.17943  	-0.0095  	-0.2833  	-0.0858  	0.19324  	0.04972  	0.03733  	0.26422  	0.01648  	-0.0217  	-0.0454  	0.10397  	0.07889  	-0.1309  	-0.0716  	-0.0298  	-0.0103  	-0.0030  	-0.0166  	0.01096  	-0.0195  	0.01573  	0.02108  	-0.0262  	-0.0207  	0.03124  	0.03946  	0.02296  	0.06716  	0.09876  	-0.0565  	0.01300  	0.02333  	0.43185  	
-0.2009  	0.09086  	-0.2805  	-0.0155  	-0.0488  	0.11315  	0.24305  	0.06307  	0.19336  	0.21858  	-0.1814  	0.86127  	0.23093  	-0.1388  	-1.0172  	0.31226  	0.50828  	0.00293  	0.39393  	0.13190  	-0.0216  	0.53987  	0.37872  	-0.1658  	-0.0145  	0.07781  	0.21588  	-0.4746  	-0.4325  	-0.0256  	-0.0195  	-0.0291  	0.19041  	-0.2143  	0.08480  	-0.0063  	0.26399  	0.01780  	-0.3085  	-0.1147  	0.19045  	0.04172  	0.04456  	0.26532  	0.03225  	-0.0203  	-0.0419  	0.10450  	0.08199  	-0.1280  	-0.0765  	-0.0306  	-0.0105  	-0.0037  	-0.0220  	0.01186  	-0.0258  	0.01428  	0.01085  	-0.0282  	-0.0232  	0.02700  	0.03965  	0.01917  	0.06421  	0.10620  	-0.0544  	0.01507  	0.02237  	0.41873  	
-0.0663  	0.13482  	-0.2272  	0.07022  	-0.0202  	0.14987  	0.23695  	0.12229  	0.22386  	0.20813  	-0.2466  	0.84136  	0.24851  	-0.0873  	-0.9461  	0.34508  	0.51102  	-0.0227  	0.42946  	0.11120  	0.03676  	0.55407  	0.37704  	-0.1090  	0.05161  	0.05479  	0.32958  	-0.5732  	-0.4804  	0.01269  	-0.0466  	0.00752  	0.18157  	-0.2316  	0.14827  	-0.0314  	0.30714  	0.04654  	-0.3227  	-0.1141  	0.13780  	0.04683  	0.03571  	0.27193  	0.03445  	-0.0200  	-0.0460  	0.09956  	0.08975  	-0.1193  	-0.0730  	-0.0265  	-0.0097  	-0.0027  	-0.0243  	0.00733  	-0.0303  	0.01219  	0.00911  	-0.0275  	-0.0269  	0.02166  	0.04062  	0.01285  	0.06021  	0.11362  	-0.0535  	0.01616  	0.02193  	0.42703  	
-0.0063  	0.14354  	-0.1845  	0.10676  	-0.0304  	0.22399  	0.25708  	0.11341  	0.21691  	0.16981  	-0.2941  	0.83813  	0.26569  	-0.0093  	-0.8766  	0.33698  	0.51690  	-0.0232  	0.42977  	0.09484  	0.07908  	0.59748  	0.36054  	-0.0748  	0.07031  	0.05561  	0.37099  	-0.6145  	-0.4908  	0.03429  	-0.0488  	0.02063  	0.18938  	-0.2306  	0.16537  	-0.0226  	0.30610  	0.04590  	-0.3276  	-0.1215  	0.13524  	0.04880  	0.02879  	0.27195  	0.03217  	-0.0203  	-0.0503  	0.11347  	0.09318  	-0.1323  	-0.0697  	-0.0255  	-0.0082  	-0.0023  	-0.0304  	0.01295  	-0.0320  	0.00669  	0.00793  	-0.0260  	-0.0246  	0.01932  	0.03834  	0.00907  	0.05833  	0.12162  	-0.0514  	0.01682  	0.02168  	0.45303  	
0.06783  	0.13974  	-0.1532  	0.16990  	0.01940  	0.27788  	0.25096  	0.14853  	0.24151  	0.15866  	-0.3764  	0.84191  	0.28116  	0.03802  	-0.8155  	0.34638  	0.51366  	-0.0221  	0.45875  	0.03481  	0.09128  	0.60958  	0.37909  	-0.0675  	0.09909  	0.03208  	0.41396  	-0.6707  	-0.4839  	0.04369  	-0.0577  	0.03358  	0.17832  	-0.2340  	0.16498  	-0.0261  	0.32230  	0.04272  	-0.3270  	-0.1062  	0.12587  	0.04531  	0.04335  	0.27928  	0.02246  	-0.0215  	-0.0502  	0.13134  	0.10647  	-0.1404  	-0.0758  	-0.0251  	-0.0115  	-0.0031  	-0.0297  	0.01748  	-0.0344  	0.00530  	0.01247  	-0.0234  	-0.0219  	0.01839  	0.04195  	0.01080  	0.05714  	0.13148  	-0.0480  	0.01708  	0.02119  	0.47587  	
0.13132  	0.14971  	-0.1002  	0.20805  	0.04023  	0.34682  	0.24553  	0.17511  	0.24747  	0.14283  	-0.4062  	0.81213  	0.27595  	0.04020  	-0.7987  	0.38202  	0.50279  	-0.0414  	0.45701  	0.02422  	0.10705  	0.61195  	0.40515  	-0.0566  	0.12044  	0.02064  	0.42271  	-0.6979  	-0.4954  	0.03896  	-0.0656  	0.03190  	0.16904  	-0.2301  	0.17614  	-0.0171  	0.32004  	0.04620  	-0.3242  	-0.1147  	0.11631  	0.04545  	0.05344  	0.29015  	0.01994  	-0.0240  	-0.0566  	0.14205  	0.11396  	-0.1404  	-0.0699  	-0.0264  	-0.0126  	-0.0070  	-0.0261  	0.02476  	-0.0288  	0.00740  	0.00990  	-0.0252  	-0.0221  	0.01683  	0.03888  	0.01016  	0.05803  	0.13900  	-0.0425  	0.01747  	0.02077  	0.50166  	
0.05115  	0.14606  	-0.1473  	0.12250  	0.08230  	0.27401  	0.25213  	0.12132  	0.23181  	0.23939  	-0.3291  	0.89616  	0.29702  	-0.0707  	-1.0040  	0.42379  	0.43937  	0.06311  	0.46252  	0.15307  	0.02823  	0.52017  	0.28107  	-0.1282  	0.10526  	0.00737  	0.31982  	-0.5325  	-0.4078  	0.01782  	-0.0531  	0.00441  	0.20224  	-0.2210  	0.14602  	0.06890  	0.24024  	0.02334  	-0.2850  	-0.0907  	0.14622  	0.05689  	0.02940  	0.25885  	0.02471  	-0.0171  	-0.0546  	0.13645  	0.09921  	-0.1385  	-0.0511  	-0.0286  	-0.0057  	-0.0067  	-0.0263  	0.01632  	-0.0239  	0.01589  	0.01521  	-0.0295  	-0.0238  	0.00951  	0.04817  	0.01253  	0.05978  	0.14539  	-0.0355  	0.01725  	0.02099  	0.51830  	
-0.2170  	-0.0009  	-0.3045  	-0.0618  	0.01925  	0.06694  	0.23566  	-0.0517  	0.14737  	0.38949  	-0.2714  	0.86951  	0.22310  	-0.3230  	-1.3662  	0.39604  	0.44086  	0.17501  	0.44380  	0.24222  	-0.2665  	0.49450  	0.20058  	-0.1856  	0.13643  	0.03979  	0.16643  	-0.3043  	-0.2788  	0.00962  	-0.0266  	-0.0245  	0.17737  	-0.2170  	0.02200  	0.16387  	0.10774  	-0.0401  	-0.2312  	-0.0608  	0.17402  	0.03889  	0.04876  	0.27159  	0.03302  	-0.0195  	-0.0386  	0.13088  	0.10609  	-0.1512  	-0.0417  	-0.0282  	-0.0127  	-0.0115  	-0.0219  	-0.0003  	-0.0148  	0.01503  	0.01182  	-0.0240  	-0.0368  	0.00585  	0.04533  	0.01491  	0.06340  	0.15103  	-0.0252  	0.01706  	0.02179  	0.50936  	
-0.4234  	-0.0528  	-0.3942  	-0.2025  	-0.0447  	0.01934  	0.21200  	-0.1064  	0.11733  	0.35548  	-0.2551  	0.80630  	0.10746  	-0.4395  	-1.4044  	0.32058  	0.48195  	0.15126  	0.46426  	0.21177  	-0.2468  	0.47950  	0.23121  	-0.1692  	0.19801  	0.03887  	0.24196  	-0.3252  	-0.2521  	0.04243  	-0.0513  	-0.0121  	0.10454  	-0.2294  	0.00236  	0.20458  	0.13678  	-0.0354  	-0.2403  	-0.0513  	0.19772  	0.03372  	0.04658  	0.27435  	0.03604  	-0.0175  	-0.0525  	0.11441  	0.09121  	-0.1477  	-0.0426  	-0.0284  	-0.0102  	-0.0092  	-0.0213  	0.00926  	-0.0050  	0.02317  	0.01450  	-0.0307  	-0.0330  	0.00066  	0.05115  	0.02136  	0.06681  	0.15808  	-0.0119  	0.01633  	0.02241  	0.49552  	
-0.5730  	-0.0781  	-0.4773  	-0.2845  	-0.1157  	-0.0748  	0.24758  	-0.1658  	0.10390  	0.35748  	-0.2573  	0.74359  	0.11657  	-0.5009  	-1.3935  	0.22866  	0.48767  	0.15113  	0.44412  	0.20217  	-0.3026  	0.50008  	0.28022  	-0.2273  	0.14985  	0.05936  	0.18227  	-0.2827  	-0.1816  	0.03218  	-0.0045  	-0.0400  	0.11450  	-0.2124  	-0.0809  	0.20057  	0.07549  	-0.0420  	-0.2294  	-0.0726  	0.23623  	0.04245  	0.05132  	0.27740  	0.03514  	-0.0207  	-0.0500  	0.10605  	0.08707  	-0.1385  	-0.0493  	-0.0274  	-0.0097  	-0.0091  	-0.0166  	0.00324  	-0.0083  	0.02091  	0.02074  	-0.0273  	-0.0302  	0.00310  	0.05112  	0.02468  	0.07268  	0.16471  	0.00443  	0.01587  	0.02226  	0.50203  	
-0.5664  	-0.0610  	-0.4421  	-0.2536  	-0.0808  	-0.0490  	0.21482  	-0.1505  	0.11530  	0.33238  	-0.3159  	0.76844  	0.10707  	-0.4871  	-1.3008  	0.21380  	0.49496  	0.14382  	0.45037  	0.16520  	-0.2878  	0.50330  	0.32027  	-0.2526  	0.14471  	0.06236  	0.19246  	-0.3039  	-0.1975  	0.04179  	-0.0197  	-0.0267  	0.11004  	-0.2082  	-0.0938  	0.18362  	0.08238  	-0.0243  	-0.2275  	-0.0766  	0.23042  	0.04631  	0.03430  	0.27508  	0.03194  	-0.0270  	-0.0479  	0.11004  	0.08670  	-0.1464  	-0.0560  	-0.0234  	-0.0044  	-0.0057  	-0.0208  	-0.0022  	-0.0072  	0.01707  	0.02103  	-0.0312  	-0.0281  	0.00491  	0.05322  	0.02593  	0.07679  	0.17164  	0.02030  	0.01558  	0.02236  	0.50613  	
-0.5523  	-0.0663  	-0.4407  	-0.2121  	-0.0732  	-0.0515  	0.20798  	-0.1279  	0.12376  	0.33041  	-0.3380  	0.80114  	0.12363  	-0.4655  	-1.2699  	0.23160  	0.50462  	0.12096  	0.48161  	0.11776  	-0.2896  	0.54319  	0.38060  	-0.2322  	0.11600  	0.07145  	0.19702  	-0.3488  	-0.2149  	0.04472  	-0.0108  	-0.0318  	0.11392  	-0.2170  	-0.0937  	0.14205  	0.10096  	-0.0199  	-0.2455  	-0.0608  	0.24076  	0.04678  	0.04283  	0.28771  	0.02556  	-0.0239  	-0.0448  	0.11287  	0.09104  	-0.1435  	-0.0591  	-0.0242  	-0.0136  	-0.0039  	-0.0237  	-0.0045  	-0.0103  	0.01459  	0.01999  	-0.0304  	-0.0287  	0.00742  	0.04693  	0.02347  	0.07824  	0.17710  	0.03569  	0.01571  	0.02291  	0.50176  	
-0.4439  	-0.0305  	-0.4099  	-0.0537  	0.00896  	0.03948  	0.21621  	-0.0947  	0.13651  	0.26444  	-0.4267  	0.85676  	0.18616  	-0.3887  	-1.1456  	0.21944  	0.53321  	0.09381  	0.47366  	0.14534  	-0.3231  	0.55663  	0.34619  	-0.2278  	0.15782  	0.07382  	0.22644  	-0.3139  	-0.1878  	0.05862  	-0.0204  	-0.0486  	0.14150  	-0.2020  	-0.0637  	0.13329  	0.06449  	-0.0344  	-0.2388  	-0.0641  	0.20103  	0.05237  	0.03320  	0.28330  	0.02775  	-0.0253  	-0.0480  	0.11793  	0.08962  	-0.1379  	-0.0572  	-0.0255  	-0.0149  	-0.0059  	-0.0253  	-0.0010  	-0.0104  	0.01252  	0.02182  	-0.0281  	-0.0289  	0.00749  	0.05016  	0.02366  	0.07427  	0.18155  	0.04822  	0.01515  	0.02440  	0.47514  	
-0.3360  	0.01364  	-0.3706  	0.08048  	0.09068  	0.09660  	0.19742  	-0.0607  	0.14804  	0.23854  	-0.4954  	0.93132  	0.22612  	-0.2856  	-1.0350  	0.20909  	0.53178  	0.07670  	0.46045  	0.17334  	-0.2934  	0.56454  	0.29846  	-0.2365  	0.15988  	0.05778  	0.20580  	-0.2929  	-0.1718  	0.07846  	-0.0298  	-0.0478  	0.15572  	-0.1709  	-0.0159  	0.12090  	0.04439  	-0.0345  	-0.2241  	-0.0745  	0.18878  	0.03882  	0.03169  	0.27734  	0.02183  	-0.0195  	-0.0492  	0.12878  	0.09307  	-0.1384  	-0.0600  	-0.0295  	-0.0049  	-0.0091  	-0.0302  	0.00316  	-0.0169  	0.01866  	0.01645  	-0.0271  	-0.0255  	0.00499  	0.04720  	0.01833  	0.06928  	0.18312  	0.05928  	0.01469  	0.02656  	0.44319  	
-0.2927  	0.02540  	-0.3832  	0.17116  	0.14902  	0.11985  	0.22350  	-0.0374  	0.14984  	0.23073  	-0.5316  	0.95043  	0.25792  	-0.2172  	-0.9365  	0.20734  	0.51896  	0.07874  	0.43091  	0.18700  	-0.2790  	0.56991  	0.27417  	-0.2519  	0.15132  	0.05542  	0.19079  	-0.2675  	-0.1563  	0.08326  	-0.0396  	-0.0538  	0.16624  	-0.1762  	0.00394  	0.10968  	0.01526  	-0.0392  	-0.2167  	-0.0650  	0.18568  	0.03582  	0.02752  	0.27307  	0.02218  	-0.0176  	-0.0468  	0.13165  	0.09088  	-0.1310  	-0.0527  	-0.0302  	-0.0067  	-0.0156  	-0.0292  	0.00394  	-0.0163  	0.01692  	0.01527  	-0.0310  	-0.0230  	0.00272  	0.05118  	0.01568  	0.06215  	0.18446  	0.06588  	0.01408  	0.02779  	0.44224  	
-0.2377  	0.05474  	-0.3876  	0.25633  	0.21316  	0.14292  	0.24868  	-0.0272  	0.15590  	0.24142  	-0.5679  	0.95207  	0.28258  	-0.1719  	-0.8982  	0.22013  	0.48909  	0.09183  	0.39820  	0.23723  	-0.2884  	0.55354  	0.21759  	-0.2494  	0.18172  	0.05564  	0.19781  	-0.2143  	-0.1301  	0.09889  	-0.0569  	-0.0555  	0.17006  	-0.1755  	0.01700  	0.11369  	8.91089  	-0.0511  	-0.2005  	-0.0402  	0.16412  	0.04246  	0.01342  	0.26261  	0.02429  	-0.0171  	-0.0494  	0.13394  	0.09276  	-0.1355  	-0.0466  	-0.0323  	-0.0116  	-0.0148  	-0.0294  	0.00650  	-0.0091  	0.01600  	0.01690  	-0.0309  	-0.0281  	0.00370  	0.05143  	0.01431  	0.05511  	0.18737  	0.07110  	0.01372  	0.02911  	0.44887  	
-0.2313  	0.05996  	-0.3877  	0.27137  	0.22680  	0.17423  	0.23090  	-0.0194  	0.16071  	0.23566  	-0.5905  	0.94319  	0.27528  	-0.1697  	-0.8903  	0.26240  	0.49446  	0.09935  	0.41446  	0.21796  	-0.2897  	0.53535  	0.20360  	-0.2239  	0.22128  	0.04552  	0.24184  	-0.2079  	-0.1205  	0.12252  	-0.0652  	-0.0522  	0.15551  	-0.1824  	0.02601  	0.11575  	0.01460  	-0.0605  	-0.1951  	-0.0179  	0.13318  	0.05835  	0.00781  	0.24412  	0.02613  	-0.0179  	-0.0527  	0.12471  	0.08943  	-0.1432  	-0.0456  	-0.0315  	-0.0118  	-0.0119  	-0.0292  	0.00950  	-0.0069  	0.01380  	0.02081  	-0.0227  	-0.0337  	0.00889  	0.05182  	0.01795  	0.04736  	0.19295  	0.07343  	0.01297  	0.02973  	0.44753  	
-0.1280  	0.07250  	-0.3326  	0.29917  	0.25608  	0.20295  	0.24891  	0.01392  	0.17451  	0.23644  	-0.5850  	0.92220  	0.29000  	-0.1079  	-0.8370  	0.26032  	0.48423  	0.07853  	0.41717  	0.17370  	-0.2352  	0.58647  	0.22187  	-0.2301  	0.22011  	0.03523  	0.24644  	-0.3042  	-0.1869  	0.10336  	-0.0437  	-0.0493  	0.16825  	-0.1985  	0.01985  	0.08307  	0.06718  	-0.0362  	-0.2043  	-0.0204  	0.14018  	0.05207  	0.03716  	0.26260  	0.01783  	-0.0275  	-0.0462  	0.13818  	0.10406  	-0.1364  	-0.0407  	-0.0339  	-0.0227  	-0.0023  	-0.0280  	0.01892  	-0.0060  	0.01120  	0.02025  	-0.0292  	-0.0273  	0.01044  	0.04591  	0.01163  	0.04147  	0.19886  	0.07484  	0.01215  	0.03050  	0.44023  	
-0.3378  	-0.0067  	-0.3693  	0.01869  	0.14483  	0.02870  	0.26398  	-0.0222  	0.15701  	0.29925  	-0.4030  	0.88611  	0.25472  	-0.1600  	-1.0862  	0.23838  	0.45790  	0.14015  	0.41599  	0.21214  	-0.2442  	0.51989  	0.19493  	-0.2091  	0.16527  	0.03091  	0.20574  	-0.3035  	-0.1835  	0.05646  	-0.0360  	-0.0574  	0.18963  	-0.2098  	0.04917  	0.10891  	0.04045  	-0.0449  	-0.2242  	-0.0412  	0.18933  	0.05039  	0.03226  	0.27073  	0.02789  	-0.0270  	-0.0444  	0.12560  	0.10122  	-0.1362  	-0.0431  	-0.0324  	-0.0132  	-0.0092  	-0.0253  	0.00392  	-0.0095  	0.01951  	0.01735  	-0.0338  	-0.0230  	0.00386  	0.05508  	0.01738  	0.03734  	0.20687  	0.07414  	0.01127  	0.03091  	0.45162  	
-0.6694  	-0.0838  	-0.5123  	-0.3061  	-0.0410  	-0.1749  	0.25715  	-0.1133  	0.10903  	0.41997  	-0.1951  	0.80782  	0.16356  	-0.3307  	-1.3324  	0.14322  	0.46701  	0.15465  	0.43931  	0.21550  	-0.2801  	0.50942  	0.24289  	-0.1857  	0.13592  	0.05378  	0.16297  	-0.2904  	-0.2088  	0.00820  	-0.0117  	-0.0640  	0.13701  	-0.2077  	-0.0325  	0.14423  	0.04586  	-0.0463  	-0.2095  	-0.0514  	0.19461  	0.04718  	0.02427  	0.26237  	0.03376  	-0.0172  	-0.0521  	0.10894  	0.09029  	-0.1385  	-0.0594  	-0.0292  	-0.0137  	-0.0100  	-0.0278  	-0.0068  	-0.0144  	0.01853  	0.01468  	-0.0299  	-0.0284  	0.00827  	0.04632  	0.01639  	0.03373  	0.21692  	0.07332  	0.01079  	0.03075  	0.44362  	
-0.6912  	-0.0820  	-0.5277  	-0.3312  	-0.0564  	-0.2141  	0.23569  	-0.1099  	0.10461  	0.41690  	-0.1720  	0.79511  	0.14001  	-0.3785  	-1.3540  	0.16265  	0.45968  	0.15520  	0.44603  	0.22938  	-0.2665  	0.53091  	0.26599  	-0.1907  	0.10047  	0.06332  	0.16547  	-0.2909  	-0.2200  	0.00420  	-0.0225  	-0.0608  	0.13900  	-0.2086  	-0.0541  	0.15555  	0.05430  	-0.0472  	-0.2260  	-0.0530  	0.18450  	0.05215  	0.00534  	0.25991  	0.03619  	-0.0165  	-0.0458  	0.10175  	0.08705  	-0.1353  	-0.0579  	-0.0276  	-0.0131  	-0.0067  	-0.0270  	-0.0071  	-0.0085  	0.01735  	0.01964  	-0.0222  	-0.0276  	0.00677  	0.03870  	0.01826  	0.03221  	0.22964  	0.07248  	0.00995  	0.02906  	0.45999  	
-0.6336  	-0.0541  	-0.5509  	-0.1978  	0.02533  	-0.1342  	0.23587  	-0.0807  	0.11908  	0.38392  	-0.2521  	0.87063  	0.18981  	-0.3401  	-1.2864  	0.16895  	0.47413  	0.16420  	0.43008  	0.25218  	-0.3015  	0.51217  	0.25549  	-0.2072  	0.09577  	0.06771  	0.13963  	-0.2556  	-0.1599  	0.01326  	-0.0217  	-0.0794  	0.15659  	-0.2086  	-0.0343  	0.14876  	0.02112  	-0.0634  	-0.1996  	-0.0380  	0.19009  	0.05173  	0.01369  	0.26246  	0.02542  	-0.0255  	-0.0379  	0.11402  	0.08435  	-0.1436  	-0.0499  	-0.0287  	-0.0186  	-0.0091  	-0.0213  	-0.0044  	-0.0082  	0.01770  	0.01457  	-0.0214  	-0.0258  	0.01165  	0.03918  	0.01898  	0.03000  	0.25647  	0.07959  	0.00865  	0.02620  	0.50065  	
-0.6036  	-0.0459  	-0.5008  	-0.1318  	0.07133  	-0.1551  	0.20717  	-0.0282  	0.10806  	0.34644  	-0.2708  	0.89566  	0.23923  	-0.4126  	-1.2047  	0.11367  	0.57423  	-0.0031  	0.51032  	-0.0250  	-0.2372  	0.27888  	0.01236  	-0.2184  	0.02588  	0.16768  	0.12069  	-0.3081  	-0.0562  	-0.0107  	0.09807  	-0.1213  	0.06355  	-0.3729  	-0.1141  	0.11905  	-0.0852  	-0.0716  	-0.3120  	-0.1220  	0.27309  	0.17906  	-0.0948  	0.34577  	-0.0357  	-0.0022  	-0.0648  	0.13792  	0.07654  	-0.1561  	-0.0432  	-0.0236  	-0.0150  	0.00845  	-0.0130  	-0.0048  	-0.0124  	0.00572  	0.01982  	-0.0144  	-0.0215  	0.01083  	0.01983  	0.01890  	0.02903  	0.26825  	0.07595  	0.00737  	0.02469  	0.52591  	
-0.5816  	-0.0212  	-0.4412  	-0.1008  	0.08193  	-0.1728  	0.15614  	0.02348  	0.10231  	0.33895  	-0.2893  	0.92840  	0.28267  	-0.4467  	-1.1257  	0.07115  	0.65068  	-0.1492  	0.57827  	-0.2512  	-0.1820  	0.08971  	-0.1893  	-0.2296  	-0.0257  	0.25050  	0.12029  	-0.3974  	0.00285  	-0.0147  	0.20203  	-0.1530  	-0.0055  	-0.4989  	-0.1538  	0.08111  	-0.1466  	-0.0662  	-0.3982  	-0.1907  	0.33807  	0.28459  	-0.1866  	0.40956  	-0.0820  	0.01971  	-0.0890  	0.15120  	0.06437  	-0.1627  	-0.0416  	-0.0186  	-0.0131  	0.02241  	-0.0108  	-0.0037  	-0.0183  	-0.0033  	0.01865  	-0.0103  	-0.0163  	0.00800  	0.01172  	0.01978  	0.03079  	0.26652  	0.06470  	0.00619  	0.02431  	0.53427  	
-0.6289  	-0.0268  	-0.4367  	-0.1781  	0.03332  	-0.2068  	0.15969  	0.01214  	0.07491  	0.33527  	-0.2409  	0.89261  	0.28529  	-0.4757  	-1.1626  	0.05015  	0.66729  	-0.1720  	0.58954  	-0.2992  	-0.1677  	0.04766  	-0.2284  	-0.2256  	-0.0424  	0.26621  	0.11168  	-0.4354  	-0.0021  	-0.0365  	0.22072  	-0.1680  	-0.0417  	-0.5418  	-0.1888  	0.08039  	-0.1510  	-0.0641  	-0.4342  	-0.2157  	0.36888  	0.30169  	-0.2068  	0.42961  	-0.0959  	0.02422  	-0.0935  	0.15996  	0.05990  	-0.1684  	-0.0450  	-0.0188  	-0.0119  	0.02348  	-0.0096  	-0.0055  	-0.0196  	-0.0066  	0.01985  	-0.0079  	-0.0134  	0.00516  	0.00475  	0.01766  	0.03354  	0.25448  	0.04728  	0.00478  	0.02481  	0.53349  	
-0.6774  	-0.0320  	-0.4408  	-0.2534  	-0.0197  	-0.2127  	0.19408  	-0.0004  	0.07790  	0.34115  	-0.2129  	0.81623  	0.27414  	-0.4598  	-1.2011  	0.05165  	0.63650  	-0.1485  	0.57014  	-0.2525  	-0.1725  	0.11814  	-0.1758  	-0.2031  	-0.0107  	0.24981  	0.14677  	-0.4445  	-0.0408  	-0.0296  	0.19605  	-0.1537  	-0.0209  	-0.5173  	-0.1815  	0.08751  	-0.1069  	-0.0637  	-0.4277  	-0.2051  	0.35240  	0.28652  	-0.1899  	0.40969  	-0.0775  	0.01612  	-0.0880  	0.15305  	0.06109  	-0.1635  	-0.0491  	-0.0207  	-0.0118  	0.02121  	-0.0113  	-0.0076  	-0.0146  	-0.0043  	0.02186  	-0.0087  	-0.0168  	0.00596  	0.00760  	0.01731  	0.03970  	0.23256  	0.02679  	0.00378  	0.02609  	0.52330  	
-0.4367  	-0.0156  	-0.3602  	-0.0297  	0.07697  	-0.0588  	0.18001  	0.06922  	0.15741  	0.25134  	-0.3268  	0.94780  	0.30889  	-0.2493  	-0.9912  	0.14865  	0.58365  	-0.0568  	0.50477  	-0.0107  	-0.1643  	0.25400  	-0.0027  	-0.1425  	-0.0262  	0.18793  	0.17046  	-0.3890  	-0.1463  	0.00972  	0.11143  	-0.1131  	0.10604  	-0.3861  	-0.0645  	0.03630  	-0.0229  	-0.0616  	-0.3486  	-0.0926  	0.23019  	0.18626  	-0.1092  	0.33300  	-0.0265  	-0.0051  	-0.0681  	0.12626  	0.07260  	-0.1412  	-0.0314  	-0.0271  	-0.0298  	0.00598  	-0.0308  	0.01107  	-0.0188  	-0.0095  	0.01245  	-0.0135  	-0.0240  	0.01128  	0.01392  	0.01156  	0.04682  	0.20535  	0.00374  	0.00326  	0.02750  	0.51249  	
-0.0626  	0.10732  	-0.1910  	0.19218  	0.17343  	0.21892  	0.24301  	0.07933  	0.20854  	0.25052  	-0.6567  	0.88657  	0.34766  	0.05330  	-0.7035  	0.21402  	0.50442  	0.04681  	0.42679  	0.11351  	-0.1517  	0.59890  	0.32412  	-0.1063  	0.07858  	0.04937  	0.27726  	-0.4538  	-0.3185  	0.05517  	-0.0098  	-0.0303  	0.18972  	-0.2169  	0.08471  	0.00286  	0.14754  	-0.0459  	-0.2321  	-0.0392  	0.14941  	0.04525  	0.05069  	0.27483  	0.01645  	-0.0252  	-0.0471  	0.14715  	0.10508  	-0.1450  	-0.0581  	-0.0266  	-0.0197  	-0.0180  	-0.0278  	0.01558  	-0.0188  	0.00906  	0.01661  	-0.0222  	-0.0199  	0.01367  	0.03361  	0.01183  	0.05499  	0.17531  	-0.0187  	0.00307  	0.02935  	0.49216  	
0.10992  	0.14284  	-0.1220  	0.19994  	0.10159  	0.31871  	0.23955  	0.09806  	0.20950  	0.22564  	-0.6179  	0.82439  	0.35509  	0.13241  	-0.6712  	0.20723  	0.50575  	0.01714  	0.43994  	-0.0008  	-0.0653  	0.63626  	0.41295  	-0.0680  	0.08463  	0.03136  	0.35241  	-0.5978  	-0.3940  	0.06221  	-0.0149  	0.00287  	0.18503  	-0.2294  	0.12614  	-0.0206  	0.20240  	-0.0053  	-0.2632  	-0.0575  	0.15289  	0.04564  	0.05280  	0.28994  	0.01194  	-0.0235  	-0.0583  	0.15633  	0.10783  	-0.1426  	-0.0635  	-0.0306  	-0.0132  	-0.0099  	-0.0287  	0.02189  	-0.0246  	0.00484  	0.01251  	-0.0235  	-0.0239  	0.02578  	0.03527  	0.00713  	0.06271  	0.14621  	-0.0393  	0.00273  	0.03113  	0.46729  	
0.09237  	0.13086  	-0.1527  	0.31776  	0.12198  	0.36513  	0.26786  	0.13839  	0.23751  	0.22714  	-0.5671  	0.82623  	0.35968  	0.08275  	-0.8058  	0.29490  	0.50412  	0.01466  	0.45672  	0.04761  	-0.1316  	0.60850  	0.30777  	-0.1450  	0.14445  	0.03857  	0.37425  	-0.5407  	-0.3193  	0.09224  	-0.0524  	-0.0086  	0.18320  	-0.2208  	0.10550  	0.02744  	0.15071  	-0.0143  	-0.2360  	-0.0692  	0.14270  	0.05291  	0.06174  	0.28405  	0.01070  	-0.0217  	-0.0559  	0.15316  	0.11799  	-0.1453  	-0.0601  	-0.0277  	-0.0146  	-0.0052  	-0.0221  	0.01681  	-0.0317  	0.01076  	0.01139  	-0.0221  	-0.0245  	0.02235  	0.04084  	0.01396  	0.07048  	0.11937  	-0.0560  	0.00249  	0.03269  	0.44538  	
-0.1782  	0.07316  	-0.3182  	0.02003  	0.07356  	0.04649  	0.24407  	0.02862  	0.18280  	0.31880  	-0.4345  	0.83485  	0.28582  	-0.0556  	-1.0179  	0.21497  	0.47679  	0.09915  	0.43160  	0.13563  	-0.1587  	0.58304  	0.23417  	-0.1305  	0.16751  	0.02249  	0.30420  	-0.4808  	-0.2912  	0.03921  	-0.0166  	-0.0342  	0.16612  	-0.2096  	0.06551  	0.06177  	0.16478  	-0.0114  	-0.2498  	-0.0492  	0.19790  	0.03769  	0.04517  	0.25231  	0.02339  	-0.0187  	-0.0493  	0.13510  	0.10088  	-0.1326  	-0.0590  	-0.0313  	-0.0180  	-0.0124  	-0.0249  	0.01181  	-0.0254  	0.01480  	0.02090  	-0.0290  	-0.0217  	0.00722  	0.04347  	0.01378  	0.07653  	0.09898  	-0.0683  	0.00276  	0.03387  	0.42845  	
-0.5071  	-0.0437  	-0.4847  	-0.1561  	-0.0202  	-0.0976  	0.24560  	-0.0681  	0.14662  	0.37179  	-0.2999  	0.83891  	0.20008  	-0.2391  	-1.1700  	0.16859  	0.46503  	0.13635  	0.45010  	0.17036  	-0.2133  	0.51381  	0.20105  	-0.1585  	0.13593  	0.03981  	0.23916  	-0.4067  	-0.2427  	0.03412  	0.01250  	-0.0458  	0.17414  	-0.2091  	0.02248  	0.10364  	0.14010  	-0.0377  	-0.2410  	-0.0288  	0.14603  	0.05276  	0.01506  	0.26548  	0.02619  	-0.0128  	-0.0586  	0.12865  	0.08239  	-0.1243  	-0.0543  	-0.0280  	-0.0233  	-0.0075  	-0.0285  	0.00979  	-0.0202  	0.00866  	0.01744  	-0.0261  	-0.0274  	0.00983  	0.04520  	0.01611  	0.07939  	0.08640  	-0.0747  	0.00310  	0.03428  	0.40771  	
-0.7189  	-0.0701  	-0.5220  	-0.3497  	-0.1087  	-0.2027  	0.22111  	-0.1405  	0.08381  	0.41756  	-0.1942  	0.75276  	0.13772  	-0.3853  	-1.3642  	0.10734  	0.47005  	0.12917  	0.45062  	0.21165  	-0.2573  	0.52813  	0.28362  	-0.1963  	0.10964  	0.07194  	0.18172  	-0.3321  	-0.2540  	-0.0012  	0.01453  	-0.0513  	0.14364  	-0.2207  	-0.0628  	0.15034  	0.07895  	-0.0395  	-0.2190  	-0.0679  	0.20495  	0.04609  	0.01668  	0.25949  	0.03468  	-0.0197  	-0.0467  	0.11412  	0.07624  	-0.1315  	-0.0606  	-0.0228  	-0.0129  	-0.0100  	-0.0279  	-0.0107  	-0.0087  	0.02068  	0.01674  	-0.0227  	-0.0308  	0.00495  	0.04539  	0.01597  	0.07925  	0.08573  	-0.0738  	0.00276  	0.03339  	0.41241  	
-0.7206  	-0.0795  	-0.5437  	-0.3533  	-0.1109  	-0.2074  	0.22113  	-0.1386  	0.09935  	0.42677  	-0.1792  	0.76475  	0.14307  	-0.4424  	-1.4015  	0.14874  	0.46250  	0.15993  	0.44720  	0.23770  	-0.2758  	0.52286  	0.30181  	-0.2165  	0.08804  	0.07502  	0.13897  	-0.2938  	-0.2388  	-0.0110  	0.00064  	-0.0484  	0.14445  	-0.2178  	-0.0870  	0.16017  	0.06480  	-0.0412  	-0.2101  	-0.0647  	0.20727  	0.04204  	0.01972  	0.26239  	0.02819  	-0.0197  	-0.0430  	0.11537  	0.08241  	-0.1358  	-0.0558  	-0.0243  	-0.0130  	-0.0064  	-0.0256  	-0.0063  	-0.0105  	0.01998  	0.02038  	-0.0247  	-0.0282  	0.00633  	0.04096  	0.01755  	0.07519  	0.09817  	-0.0651  	0.00186  	0.03193  	0.42300  	
-0.7460  	-0.0855  	-0.5591  	-0.4270  	-0.1288  	-0.2384  	0.22707  	-0.1478  	0.09836  	0.43273  	-0.1643  	0.75609  	0.15188  	-0.4806  	-1.4391  	0.16544  	0.45892  	0.17802  	0.44769  	0.22881  	-0.2953  	0.52900  	0.32262  	-0.2407  	0.07793  	0.07796  	0.13868  	-0.2869  	-0.2182  	-0.0195  	0.00651  	-0.0530  	0.14739  	-0.2180  	-0.1007  	0.16466  	0.06006  	-0.0364  	-0.2113  	-0.0677  	0.22695  	0.03838  	0.02729  	0.27116  	0.02411  	-0.0228  	-0.0418  	0.12397  	0.07922  	-0.1366  	-0.0615  	-0.0244  	-0.0109  	-0.0040  	-0.0239  	-0.0074  	-0.0137  	0.01827  	0.01852  	-0.0252  	-0.0254  	0.00938  	0.03995  	0.01774  	0.07290  	0.09575  	-0.0655  	0.00112  	0.03166  	0.42633  	
-0.7258  	-0.0769  	-0.5290  	-0.3934  	-0.1116  	-0.2304  	0.22253  	-0.1436  	0.10371  	0.42634  	-0.1719  	0.76851  	0.14456  	-0.4916  	-1.4264  	0.16993  	0.46468  	0.16623  	0.45831  	0.22054  	-0.2801  	0.52146  	0.32909  	-0.2392  	0.07253  	0.07379  	0.13987  	-0.2819  	-0.2210  	-0.0212  	-0.0050  	-0.0470  	0.13719  	-0.2182  	-0.0973  	0.14527  	0.07200  	-0.0380  	-0.2169  	-0.0778  	0.22559  	0.03781  	0.02157  	0.27039  	0.02578  	-0.0197  	-0.0430  	0.11677  	0.08045  	-0.1382  	-0.0616  	-0.0263  	-0.0114  	-0.0075  	-0.0265  	-0.0065  	-0.0150  	0.01839  	0.02155  	-0.0247  	-0.0248  	0.00882  	0.03805  	0.01686  	0.07222  	0.09250  	-0.0662  	0.00010  	0.03142  	0.42873  	
-0.7167  	-0.0770  	-0.5144  	-0.3480  	-0.0853  	-0.2208  	0.23718  	-0.1380  	0.10892  	0.41427  	-0.2093  	0.77834  	0.14700  	-0.5003  	-1.4063  	0.18110  	0.47292  	0.16571  	0.46055  	0.23373  	-0.3035  	0.51100  	0.32552  	-0.2287  	0.07121  	0.07485  	0.14656  	-0.2724  	-0.2120  	-0.0146  	-0.0043  	-0.0450  	0.14259  	-0.2151  	-0.0960  	0.14549  	0.06020  	-0.0508  	-0.2139  	-0.0691  	0.22790  	0.03268  	0.02478  	0.27685  	0.02756  	-0.0196  	-0.0459  	0.12080  	0.08611  	-0.1417  	-0.0577  	-0.0279  	-0.0126  	-0.0088  	-0.0246  	-0.0063  	-0.0147  	0.01804  	0.02179  	-0.0242  	-0.0244  	0.00876  	0.03880  	0.01851  	0.07218  	0.08932  	-0.0671  	-0.0009  	0.03048  	0.44432  	
-0.6793  	-0.0736  	-0.5092  	-0.3032  	-0.0813  	-0.1854  	0.22476  	-0.1097  	0.10870  	0.41168  	-0.2392  	0.80568  	0.15920  	-0.4844  	-1.3640  	0.16886  	0.48600  	0.14921  	0.47298  	0.22860  	-0.3219  	0.51247  	0.33142  	-0.2317  	0.08928  	0.06605  	0.15718  	-0.2904  	-0.1922  	-0.0095  	-0.0013  	-0.0425  	0.14019  	-0.2129  	-0.0942  	0.13387  	0.06024  	-0.0395  	-0.2031  	-0.0625  	0.22967  	0.02360  	0.02486  	0.28332  	0.02259  	-0.0182  	-0.0463  	0.12533  	0.08661  	-0.1438  	-0.0617  	-0.0255  	-0.0130  	-0.0080  	-0.0240  	-0.0031  	-0.0170  	0.01612  	0.01741  	-0.0269  	-0.0199  	0.00718  	0.03860  	0.01514  	0.07286  	0.08511  	-0.0678  	-0.0019  	0.02950  	0.45499  	
-0.6827  	-0.0764  	-0.5062  	-0.2757  	-0.0583  	-0.1854  	0.23070  	-0.1237  	0.11097  	0.41260  	-0.2507  	0.80174  	0.14909  	-0.4852  	-1.3583  	0.17764  	0.48125  	0.15115  	0.46159  	0.22709  	-0.3212  	0.51144  	0.32264  	-0.2382  	0.09325  	0.06521  	0.14312  	-0.2751  	-0.1855  	-0.0004  	-0.0028  	-0.0427  	0.13433  	-0.2135  	-0.0985  	0.14072  	0.05349  	-0.0411  	-0.2005  	-0.0617  	0.22949  	0.02766  	0.02144  	0.28251  	0.02447  	-0.0205  	-0.0468  	0.11995  	0.08982  	-0.1452  	-0.0618  	-0.0255  	-0.0113  	-0.0077  	-0.0246  	-0.0037  	-0.0159  	0.01673  	0.01817  	-0.0280  	-0.0219  	0.00776  	0.04112  	0.01549  	0.07375  	0.08335  	-0.0689  	-0.0026  	0.02870  	0.45864  	
-0.6867  	-0.0802  	-0.5155  	-0.2662  	-0.0554  	-0.1832  	0.22975  	-0.1292  	0.11527  	0.41818  	-0.2322  	0.82032  	0.13731  	-0.4947  	-1.3559  	0.18534  	0.47749  	0.16493  	0.46497  	0.24085  	-0.3062  	0.50352  	0.31672  	-0.2274  	0.08073  	0.06432  	0.14009  	-0.2644  	-0.2023  	-0.0084  	-0.0016  	-0.0386  	0.13629  	-0.2096  	-0.0910  	0.13773  	0.05083  	-0.0417  	-0.1979  	-0.0644  	0.21946  	0.02966  	0.01881  	0.27937  	0.02643  	-0.0194  	-0.0471  	0.11737  	0.08782  	-0.1437  	-0.0598  	-0.0266  	-0.0113  	-0.0072  	-0.0237  	-0.0053  	-0.0171  	0.01833  	0.01983  	-0.0283  	-0.0245  	0.00650  	0.04022  	0.01570  	0.07461  	0.08159  	-0.0701  	-0.0032  	0.02873  	0.45152  	
-0.6937  	-0.0782  	-0.5194  	-0.2929  	-0.0817  	-0.1839  	0.22038  	-0.1304  	0.10714  	0.41859  	-0.2135  	0.80973  	0.13368  	-0.4952  	-1.3786  	0.18217  	0.47824  	0.16253  	0.46385  	0.23600  	-0.2945  	0.50648  	0.31638  	-0.2232  	0.08208  	0.06378  	0.15002  	-0.2775  	-0.2186  	-0.0132  	-4.0978  	-0.0386  	0.13603  	-0.2112  	-0.0904  	0.14200  	0.06210  	-0.0382  	-0.2057  	-0.0702  	0.21848  	0.02929  	0.01969  	0.27642  	0.02795  	-0.0180  	-0.0471  	0.11462  	0.08367  	-0.1399  	-0.0579  	-0.0268  	-0.0114  	-0.0080  	-0.0233  	-0.0059  	-0.0168  	0.01899  	0.02056  	-0.0255  	-0.0254  	0.00762  	0.03948  	0.01699  	0.07524  	0.08138  	-0.0708  	-0.0036  	0.02853  	0.44358  	
-0.7210  	-0.0798  	-0.5265  	-0.3365  	-0.0841  	-0.2087  	0.22665  	-0.1540  	0.10640  	0.41661  	-0.1902  	0.79050  	0.13374  	-0.5059  	-1.4112  	0.19080  	0.46351  	0.17046  	0.45881  	0.23035  	-0.2936  	0.50791  	0.31696  	-0.2345  	0.06472  	0.07061  	0.13271  	-0.2562  	-0.2210  	-0.0186  	-0.0031  	-0.0421  	0.13792  	-0.2110  	-0.0939  	0.14756  	0.05870  	-0.0456  	-0.2131  	-0.0766  	0.22084  	0.03554  	0.02165  	0.27314  	0.03015  	-0.0191  	-0.0475  	0.11378  	0.08299  	-0.1383  	-0.0555  	-0.0283  	-0.0123  	-0.0103  	-0.0256  	-0.0058  	-0.0143  	0.01948  	0.02294  	-0.0249  	-0.0251  	0.00854  	0.04039  	0.01964  	0.07503  	0.08108  	-0.0713  	-0.0041  	0.02806  	0.44387  	
-0.7140  	-0.0788  	-0.5185  	-0.3377  	-0.0964  	-0.1987  	0.22851  	-0.1487  	0.10882  	0.42199  	-0.1929  	0.79498  	0.12978  	-0.5103  	-1.4098  	0.18169  	0.47371  	0.16609  	0.46379  	0.22839  	-0.2808  	0.50517  	0.32568  	-0.2280  	0.07034  	0.06930  	0.15116  	-0.2727  	-0.2299  	-0.0164  	-0.0069  	-0.0383  	0.13709  	-0.2119  	-0.0933  	0.14211  	0.06482  	-0.0415  	-0.2103  	-0.0777  	0.21782  	0.03813  	0.02193  	0.27308  	0.02973  	-0.0185  	-0.0466  	0.11261  	0.08456  	-0.1373  	-0.0567  	-0.0287  	-0.0118  	-0.0084  	-0.0252  	-0.0051  	-0.0151  	0.01914  	0.02262  	-0.0259  	-0.0247  	0.00785  	0.04010  	0.01881  	0.07260  	0.08167  	-0.0716  	-0.0040  	0.02857  	0.43412  	
-0.7131  	-0.0834  	-0.5265  	-0.3504  	-0.0934  	-0.2164  	0.23446  	-0.1470  	0.10745  	0.41542  	-0.1910  	0.78224  	0.13926  	-0.5111  	-1.4279  	0.18072  	0.46683  	0.17034  	0.46019  	0.23234  	-0.2970  	0.51173  	0.32654  	-0.2350  	0.06729  	0.07274  	0.13500  	-0.2637  	-0.2193  	-0.0165  	-0.0041  	-0.0428  	0.13589  	-0.2139  	-0.0980  	0.14682  	0.06033  	-0.0441  	-0.2150  	-0.0734  	0.22230  	0.03462  	0.02395  	0.27468  	0.02853  	-0.0198  	-0.0458  	0.11740  	0.08415  	-0.1385  	-0.0567  	-0.0281  	-0.0118  	-0.0084  	-0.0256  	-0.0052  	-0.0143  	0.01845  	0.02167  	-0.0261  	-0.0252  	0.00872  	0.03980  	0.01758  	0.06996  	0.08078  	-0.0719  	-0.0039  	0.02940  	0.41654  	
-0.7198  	-0.0845  	-0.5296  	-0.3432  	-0.0830  	-0.2141  	0.23113  	-0.1511  	0.10786  	0.40513  	-0.1816  	0.78593  	0.13590  	-0.5118  	-1.4286  	0.19061  	0.46303  	0.17087  	0.45502  	0.23357  	-0.2901  	0.51031  	0.32137  	-0.2314  	0.05599  	0.07263  	0.12761  	-0.2571  	-0.2233  	-0.0204  	-0.0062  	-0.0430  	0.13709  	-0.2149  	-0.0952  	0.14657  	0.05771  	-0.0459  	-0.2171  	-0.0729  	0.21952  	0.03714  	0.02310  	0.27081  	0.03001  	-0.0205  	-0.0459  	0.11525  	0.08460  	-0.1381  	-0.0554  	-0.0281  	-0.0119  	-0.0094  	-0.0250  	-0.0052  	-0.0136  	0.01881  	0.02374  	-0.0249  	-0.0261  	0.00944  	0.04012  	0.01874  	0.06643  	0.08022  	-0.0721  	-0.0041  	0.02977  	0.41446  	
-0.7201  	-0.0765  	-0.5359  	-0.3302  	-0.0785  	-0.2205  	0.23196  	-0.1377  	0.10843  	0.41803  	-0.1988  	0.79909  	0.14236  	-0.5017  	-1.4047  	0.18329  	0.47050  	0.16839  	0.46439  	0.23583  	-0.3006  	0.51264  	0.31081  	-0.2290  	0.06893  	0.07178  	0.14104  	-0.2589  	-0.2143  	-0.0202  	-0.0095  	-0.0428  	0.14360  	-0.2156  	-0.0943  	0.14765  	0.05378  	-0.0505  	-0.2050  	-0.0672  	0.21558  	0.03676  	0.01939  	0.27145  	0.02645  	-0.0181  	-0.0467  	0.11897  	0.08567  	-0.1402  	-0.0535  	-0.0284  	-0.0135  	-0.0087  	-0.0234  	-0.0052  	-0.0136  	0.01895  	0.02342  	-0.0236  	-0.0246  	0.00814  	0.03749  	0.01876  	0.06329  	0.07884  	-0.0717  	-0.0042  	0.02990  	0.40939  	
-0.7320  	-0.0753  	-0.5190  	-0.3874  	-0.1053  	-0.2211  	0.22283  	-0.1366  	0.10343  	0.41751  	-0.1983  	0.75873  	0.14881  	-0.4908  	-1.4271  	0.18472  	0.46950  	0.15933  	0.45544  	0.22380  	-0.3152  	0.51800  	0.31592  	-0.2325  	0.08168  	0.07445  	0.14412  	-0.2723  	-0.2032  	-0.0162  	0.00304  	-0.0494  	0.14200  	-0.2147  	-0.0981  	0.16168  	0.06108  	-0.0502  	-0.2144  	-0.0782  	0.23113  	0.03163  	0.02632  	0.27612  	0.02784  	-0.0207  	-0.0473  	0.12314  	0.08388  	-0.1400  	-0.0579  	-0.0267  	-0.0136  	-0.0109  	-0.0224  	-0.0062  	-0.0140  	0.01867  	0.02361  	-0.0233  	-0.0247  	0.01140  	0.04161  	0.02193  	0.06044  	0.07880  	-0.0710  	-0.0042  	0.03038  	0.40366  	
-0.7331  	-0.0655  	-0.4915  	-0.4073  	-0.1172  	-0.2129  	0.24033  	-0.1377  	0.10526  	0.41615  	-0.2088  	0.73298  	0.13992  	-0.5049  	-1.4276  	0.17776  	0.47432  	0.13827  	0.45941  	0.19803  	-0.3124  	0.53039  	0.33282  	-0.2351  	0.09500  	0.07924  	0.17287  	-0.2889  	-0.2111  	-0.0084  	-0.0026  	-0.0465  	0.13810  	-0.2159  	-0.1108  	0.16292  	0.07646  	-0.0441  	-0.2146  	-0.0813  	0.24152  	0.03464  	0.03070  	0.28198  	0.03155  	-0.0218  	-0.0492  	0.12001  	0.08650  	-0.1384  	-0.0598  	-0.0272  	-0.0134  	-0.0105  	-0.0241  	-0.0057  	-0.0139  	0.01875  	0.02513  	-0.0241  	-0.0242  	0.01002  	0.04470  	0.02230  	0.05973  	0.07769  	-0.0706  	-0.0044  	0.03058  	0.40578  	
-0.6975  	-0.0534  	-0.4556  	-0.3923  	-0.1338  	-0.1721  	0.23405  	-0.1045  	0.11886  	0.39525  	-0.2442  	0.71284  	0.13531  	-0.5070  	-1.3839  	0.17827  	0.48679  	0.10044  	0.48830  	0.13931  	-0.2981  	0.54610  	0.39447  	-0.2220  	0.09799  	0.08133  	0.20972  	-0.3574  	-0.2281  	0.01772  	-0.0106  	-0.0378  	0.13234  	-0.2201  	-0.1146  	0.13839  	0.11070  	-0.0245  	-0.2254  	-0.0759  	0.25175  	0.03871  	0.03680  	0.29818  	0.02766  	-0.0195  	-0.0470  	0.11805  	0.09177  	-0.1413  	-0.0653  	-0.0277  	-0.0121  	-0.0061  	-0.0293  	-0.0056  	-0.0146  	0.01604  	0.02301  	-0.0281  	-0.0212  	0.00784  	0.04375  	0.01946  	0.06088  	0.07728  	-0.0704  	-0.0045  	0.02936  	0.42017  	
-0.6310  	-0.0536  	-0.4450  	-0.3186  	-0.1219  	-0.0915  	0.21235  	-0.0861  	0.14097  	0.37393  	-0.2990  	0.77750  	0.16459  	-0.4669  	-1.3202  	0.20746  	0.49390  	0.10230  	0.49469  	0.13522  	-0.3205  	0.54650  	0.40885  	-0.2369  	0.07472  	0.08971  	0.17904  	-0.3464  	-0.1884  	0.01785  	-0.0005  	-0.0521  	0.14316  	-0.2115  	-0.1254  	0.12307  	0.08640  	-0.0331  	-0.2228  	-0.0616  	0.25484  	0.03776  	0.04685  	0.30251  	0.02400  	-0.0217  	-0.0451  	0.12284  	0.09709  	-0.1435  	-0.0639  	-0.0262  	-0.0191  	-0.0063  	-0.0244  	-0.0032  	-0.0157  	0.01184  	0.02067  	-0.0295  	-0.0212  	0.00893  	0.04228  	0.01823  	0.06360  	0.07759  	-0.0701  	-0.0048  	0.02805  	0.43378  	
-0.5131  	0.00067  	-0.4123  	-0.1948  	-0.0500  	-0.0354  	0.20453  	-0.0690  	0.15319  	0.35005  	-0.3759  	0.84510  	0.18446  	-0.3794  	-1.2135  	0.22075  	0.49603  	0.10342  	0.45871  	0.14611  	-0.2772  	0.54551  	0.40327  	-0.2555  	0.04796  	0.08136  	0.14983  	-0.3632  	-0.2241  	0.01480  	0.01744  	-0.0590  	0.15411  	-0.1999  	-0.1014  	0.10338  	0.08339  	-0.0186  	-0.2265  	-0.0829  	0.24679  	0.03370  	0.05072  	0.29585  	0.00733  	-0.0201  	-0.0455  	0.11606  	0.08603  	-0.1463  	-0.0743  	-0.0292  	-0.0132  	-0.0034  	-0.0262  	-0.0050  	-0.0237  	0.01799  	0.01267  	-0.0364  	-0.0190  	0.01264  	0.04934  	0.01839  	0.06659  	0.08083  	-0.0700  	-0.0048  	0.02735  	0.42844  	
-0.2241  	0.05308  	-0.2557  	-0.0318  	0.03767  	0.08301  	0.21888  	-0.0709  	0.16614  	0.36288  	-0.3401  	0.87645  	0.18941  	-0.2667  	-1.2049  	0.32913  	0.45301  	0.12660  	0.45347  	0.19218  	-0.2094  	0.52722  	0.30684  	-0.1997  	0.09043  	0.04325  	0.18259  	-0.3357  	-0.2804  	0.01348  	-0.0284  	-0.0235  	0.17456  	-0.2182  	0.02090  	0.12342  	0.13045  	-0.0300  	-0.2506  	-0.0529  	0.17215  	0.04368  	0.04368  	0.27084  	0.01867  	-0.0279  	-0.0395  	0.12569  	0.09715  	-0.1482  	-0.0458  	-0.0305  	-0.0130  	-0.0074  	-0.0276  	0.00712  	-0.0174  	0.01579  	0.01606  	-0.0218  	-0.0268  	0.00828  	0.04777  	0.02058  	0.06990  	0.08371  	-0.0696  	-0.0048  	0.02727  	0.41073  	
-0.2162  	0.01143  	-0.2475  	0.00455  	0.06592  	0.07201  	0.23214  	-0.0527  	0.17083  	0.40526  	-0.2694  	0.87967  	0.17285  	-0.3320  	-1.2738  	0.41778  	0.43854  	0.15863  	0.45271  	0.25732  	-0.2749  	0.51195  	0.18377  	-0.2003  	0.11899  	0.03025  	0.16718  	-0.2706  	-0.2588  	0.02356  	-0.0656  	-0.0028  	0.16246  	-0.2195  	0.05668  	0.18069  	0.11125  	-0.0355  	-0.2458  	-0.0511  	0.18719  	0.04042  	0.04670  	0.26611  	0.02727  	-0.0227  	-0.0474  	0.12635  	0.10266  	-0.1510  	-0.0325  	-0.0305  	-0.0099  	-0.0153  	-0.0188  	0.00365  	-0.0093  	0.01902  	0.01603  	-0.0228  	-0.0321  	-0.0001  	0.04386  	0.01998  	0.07237  	0.08759  	-0.0695  	-0.0044  	0.02686  	0.40843  	
-0.2306  	-0.0195  	-0.3339  	0.02269  	0.09492  	0.07448  	0.27234  	-0.0999  	0.12984  	0.37789  	-0.3602  	0.84344  	0.22146  	-0.3719  	-1.3057  	0.39529  	0.42519  	0.11177  	0.44409  	0.22806  	-0.3386  	0.53596  	0.13970  	-0.1855  	0.23427  	0.02278  	0.23281  	-0.2285  	-0.1951  	0.07982  	-0.0588  	0.00248  	0.11900  	-0.2150  	0.01320  	0.23795  	0.06512  	-0.0377  	-0.2156  	-0.0421  	0.16821  	0.05567  	0.03903  	0.27130  	0.03177  	-0.0244  	-0.0537  	0.13104  	0.11286  	-0.1495  	-0.0331  	-0.0303  	-0.0075  	-0.0146  	-0.0156  	0.00259  	-0.0059  	0.01837  	0.01837  	-0.0249  	-0.0335  	-0.0056  	0.05660  	0.02066  	0.07091  	0.08966  	-0.0690  	-0.0043  	0.02625  	0.42427  	
-0.3488  	-0.0018  	-0.3831  	0.00568  	0.06081  	0.06313  	0.24694  	-0.1240  	0.10898  	0.33072  	-0.3928  	0.80888  	0.13811  	-0.4043  	-1.2945  	0.35386  	0.48410  	0.08861  	0.46200  	0.21210  	-0.3019  	0.51193  	0.17614  	-0.1680  	0.26227  	0.03126  	0.30266  	-0.2519  	-0.2216  	0.11007  	-0.0789  	0.02365  	0.10933  	-0.2175  	0.01302  	0.25339  	0.08942  	-0.0308  	-0.2233  	-0.0473  	0.15353  	0.03670  	0.02673  	0.28109  	0.03041  	-0.0203  	-0.0630  	0.12002  	0.10206  	-0.1531  	-0.0336  	-0.0270  	-0.0070  	-0.0117  	-0.0231  	0.00139  	-0.0066  	0.02348  	0.02109  	-0.0296  	-0.0363  	-0.0071  	0.05560  	0.01771  	0.06770  	0.09127  	-0.0686  	-0.0034  	0.02706  	0.42637  	
-0.4228  	-0.0361  	-0.4185  	0.06095  	0.11430  	-0.0378  	0.25176  	-0.1281  	0.10309  	0.33548  	-0.4712  	0.85200  	0.21095  	-0.3191  	-1.1357  	0.21235  	0.50084  	0.11593  	0.43622  	0.20886  	-0.3131  	0.50342  	0.18769  	-0.2154  	0.25064  	0.03045  	0.27629  	-0.2471  	-0.1706  	0.11288  	-0.0531  	-0.0273  	0.12892  	-0.1990  	0.00706  	0.19907  	0.03902  	-0.0538  	-0.2130  	-0.0438  	0.15162  	0.04932  	0.00716  	0.26043  	0.03393  	-0.0239  	-0.0547  	0.12539  	0.11378  	-0.1549  	-0.0336  	-0.0370  	-0.0149  	-0.0130  	-0.0232  	0.00567  	-0.0035  	0.02724  	0.01951  	-0.0327  	-0.0317  	0.00201  	0.06034  	0.02641  	0.06577  	0.09162  	-0.0683  	-0.0024  	0.02859  	0.42203  	
-0.6431  	-0.0745  	-0.5338  	-0.1296  	0.05274  	-0.1612  	0.23620  	-0.1016  	0.10724  	0.39713  	-0.3118  	0.82530  	0.19671  	-0.3045  	-1.1909  	0.14792  	0.48741  	0.12591  	0.43567  	0.19368  	-0.2888  	0.49108  	0.26757  	-0.2020  	0.17207  	0.04628  	0.20544  	-0.3060  	-0.2084  	0.04705  	-0.0140  	-0.0608  	0.15363  	-0.2150  	-0.0075  	0.12609  	0.05093  	-0.0539  	-0.2264  	-0.0506  	0.15650  	0.04513  	0.00259  	0.26469  	0.03247  	-0.0214  	-0.0487  	0.10830  	0.08244  	-0.1454  	-0.0566  	-0.0280  	-0.0183  	-0.0063  	-0.0286  	-0.0010  	-0.0116  	0.01532  	0.01591  	-0.0288  	-0.0225  	0.00489  	0.05395  	0.01653  	0.06391  	0.09253  	-0.0683  	-0.0015  	0.02989  	0.43917  	
-0.6358  	-0.0620  	-0.5560  	-0.2085  	0.02930  	-0.1839  	0.22666  	-0.1092  	0.10898  	0.41277  	-0.2401  	0.85150  	0.18598  	-0.3799  	-1.2966  	0.17483  	0.46812  	0.15266  	0.44434  	0.22688  	-0.3101  	0.51578  	0.27247  	-0.2196  	0.11377  	0.06744  	0.14631  	-0.2632  	-0.1850  	0.01154  	-0.0126  	-0.0635  	0.14215  	-0.2021  	-0.0367  	0.12834  	0.02523  	-0.0545  	-0.1957  	-0.0399  	0.19171  	0.04608  	0.00986  	0.25847  	0.02364  	-0.0241  	-0.0471  	0.11849  	0.08871  	-0.1454  	-0.0553  	-0.0268  	-0.0165  	-0.0050  	-0.0267  	-0.0010  	-0.0121  	0.01366  	0.01843  	-0.0256  	-0.0224  	0.00405  	0.04651  	0.01731  	0.06334  	0.09238  	-0.0681  	-0.0002  	0.03127  	0.43848  	
-0.6573  	-0.0789  	-0.5664  	-0.2321  	-0.0028  	-0.1972  	0.23726  	-0.1177  	0.10663  	0.41483  	-0.2197  	0.84443  	0.18834  	-0.4150  	-1.3221  	0.16142  	0.46581  	0.17555  	0.44192  	0.25941  	-0.3442  	0.52191  	0.26608  	-0.2264  	0.10152  	0.06227  	0.11339  	-0.2478  	-0.1699  	-0.0052  	0.00078  	-0.0643  	0.14812  	-0.2064  	-0.0656  	0.14717  	0.02556  	-0.0552  	-0.1901  	-0.0474  	0.20538  	0.03673  	0.02381  	0.26235  	0.01817  	-0.0222  	-0.0446  	0.13132  	0.08819  	-0.1458  	-0.0549  	-0.0253  	-0.0179  	-0.0080  	-0.0217  	-0.0014  	-0.0152  	0.01541  	0.01615  	-0.0277  	-0.0230  	0.00590  	0.04129  	0.01669  	0.06356  	0.09318  	-0.0677  	0.00118  	0.03261  	0.44086  	
-0.6735  	-0.0754  	-0.5250  	-0.2710  	-0.0224  	-0.1976  	0.23609  	-0.1091  	0.11503  	0.41486  	-0.2320  	0.84216  	0.16879  	-0.4202  	-1.3311  	0.16982  	0.47725  	0.17252  	0.45261  	0.22327  	-0.3025  	0.51102  	0.30093  	-0.2232  	0.07682  	0.06124  	0.12463  	-0.2834  	-0.2011  	-0.0104  	-0.0135  	-0.0604  	0.14740  	-0.2144  	-0.0781  	0.12428  	0.04154  	-0.0486  	-0.2044  	-0.0530  	0.21550  	0.03549  	0.02510  	0.27421  	0.02324  	-0.0159  	-0.0460  	0.12378  	0.08914  	-0.1434  	-0.0606  	-0.0279  	-0.0132  	-0.0081  	-0.0240  	-0.0036  	-0.0153  	0.01654  	0.01877  	-0.0293  	-0.0213  	0.00730  	0.03936  	0.01358  	0.06487  	0.09292  	-0.0678  	0.00233  	0.03334  	0.45140  	
-0.6500  	-0.0672  	-0.5128  	-0.2219  	-0.0193  	-0.1772  	0.23110  	-0.1220  	0.11731  	0.40531  	-0.2521  	0.84312  	0.14838  	-0.4299  	-1.3241  	0.15797  	0.48073  	0.16867  	0.45478  	0.21639  	-0.2936  	0.51195  	0.29752  	-0.2213  	0.09521  	0.05650  	0.13946  	-0.2701  	-0.1933  	0.00664  	-0.0152  	-0.0472  	0.13750  	-0.2119  	-0.0710  	0.13690  	0.03493  	-0.0400  	-0.1989  	-0.0542  	0.21012  	0.04186  	0.02559  	0.26812  	0.02730  	-0.0198  	-0.0462  	0.11871  	0.08990  	-0.1439  	-0.0588  	-0.0271  	-0.0117  	-0.0060  	-0.0231  	-0.0036  	-0.0139  	0.01730  	0.01992  	-0.0298  	-0.0255  	0.00890  	0.04135  	0.01843  	0.06691  	0.09350  	-0.0674  	0.00317  	0.03321  	0.45695  	
-0.6782  	-0.0760  	-0.5319  	-0.2426  	-0.0243  	-0.1773  	0.23256  	-0.1443  	0.11009  	0.41519  	-0.2394  	0.83784  	0.15111  	-0.4303  	-1.3330  	0.16688  	0.47273  	0.17714  	0.44331  	0.23185  	-0.3157  	0.51323  	0.27832  	-0.2313  	0.08853  	0.05946  	0.10811  	-0.2484  	-0.1743  	-0.0003  	-0.0087  	-0.0547  	0.13631  	-0.2081  	-0.0812  	0.14526  	0.02404  	-0.0465  	-0.1931  	-0.0556  	0.22028  	0.03842  	0.03003  	0.26799  	0.02374  	-0.0194  	-0.0476  	0.12027  	0.08887  	-0.1451  	-0.0588  	-0.0272  	-0.0133  	-0.0084  	-0.0217  	-0.0038  	-0.0155  	0.01686  	0.01853  	-0.0288  	-0.0244  	0.00897  	0.04066  	0.01882  	0.06913  	0.09406  	-0.0665  	0.00322  	0.03280  	0.46768  	
-0.7024  	-0.0915  	-0.5309  	-0.3035  	-0.0472  	-0.1845  	0.24195  	-0.1536  	0.11044  	0.41555  	-0.2065  	0.80872  	0.14854  	-0.4467  	-1.3725  	0.17045  	0.47494  	0.17705  	0.44427  	0.23239  	-0.2978  	0.50389  	0.29456  	-0.2307  	0.08740  	0.06895  	0.11836  	-0.2526  	-0.2014  	-0.0118  	-0.0112  	-0.0546  	0.13785  	-0.2106  	-0.0825  	0.13792  	0.04148  	-0.0444  	-0.2066  	-0.0680  	0.21892  	0.04087  	0.02932  	0.27073  	0.02666  	-0.0183  	-0.0480  	0.11637  	0.08423  	-0.1401  	-0.0606  	-0.0302  	-0.0115  	-0.0098  	-0.0249  	-0.0040  	-0.0140  	0.01783  	0.01907  	-0.0291  	-0.0213  	0.00698  	0.04125  	0.01796  	0.07015  	0.09568  	-0.0654  	0.00332  	0.03291  	0.45343  	
-0.7052  	-0.0876  	-0.5254  	-0.3434  	-0.0636  	-0.1936  	0.24655  	-0.1459  	0.11322  	0.40469  	-0.1880  	0.78479  	0.15019  	-0.4493  	-1.3986  	0.16836  	0.46684  	0.17337  	0.44609  	0.22667  	-0.2889  	0.50966  	0.31294  	-0.2274  	0.08438  	0.07054  	0.12285  	-0.2645  	-0.2118  	-0.0143  	-0.0192  	-0.0552  	0.13560  	-0.2140  	-0.0814  	0.14114  	0.06133  	-0.0397  	-0.2164  	-0.0718  	0.22204  	0.04179  	0.02904  	0.27132  	0.02547  	-0.0193  	-0.0467  	0.11527  	0.08431  	-0.1406  	-0.0619  	-0.0300  	-0.0099  	-0.0081  	-0.0262  	-0.0034  	-0.0132  	0.01688  	0.02009  	-0.0285  	-0.0216  	0.00757  	0.03929  	0.01754  	0.07115  	0.09547  	-0.0649  	0.00314  	0.03305  	0.43894  	
-0.7185  	-0.0962  	-0.5321  	-0.3649  	-0.0783  	-0.2101  	0.24150  	-0.1588  	0.10872  	0.40739  	-0.1773  	0.78156  	0.14767  	-0.4498  	-1.4188  	0.15894  	0.46951  	0.17108  	0.44171  	0.23078  	-0.2745  	0.50975  	0.32594  	-0.2228  	0.07009  	0.07690  	0.11471  	-0.2827  	-0.2283  	-0.0198  	-0.0142  	-0.0578  	0.13733  	-0.2134  	-0.0761  	0.13791  	0.06851  	-0.0378  	-0.2205  	-0.0740  	0.22148  	0.04013  	0.03098  	0.27288  	0.02508  	-0.0197  	-0.0454  	0.11737  	0.08251  	-0.1408  	-0.0622  	-0.0294  	-0.0090  	-0.0070  	-0.0267  	-0.0026  	-0.0140  	0.01675  	0.01825  	-0.0293  	-0.0219  	0.00839  	0.03996  	0.01703  	0.07007  	0.09484  	-0.0654  	0.00252  	0.03258  	0.44319  	
-0.7231  	-0.1030  	-0.5420  	-0.3579  	-0.0769  	-0.2136  	0.23504  	-0.1583  	0.10799  	0.41345  	-0.1760  	0.78842  	0.14576  	-0.4474  	-1.4220  	0.15442  	0.47200  	0.17340  	0.44271  	0.23401  	-0.2726  	0.50619  	0.32162  	-0.2232  	0.06757  	0.07777  	0.10758  	-0.2818  	-0.2360  	-0.0251  	-0.0116  	-0.0549  	0.13916  	-0.2135  	-0.0748  	0.13409  	0.06284  	-0.0387  	-0.2160  	-0.0747  	0.22067  	0.03780  	0.02921  	0.27309  	0.02473  	-0.0184  	-0.0465  	0.11955  	0.08186  	-0.1394  	-0.0613  	-0.0295  	-0.0085  	-0.0077  	-0.0265  	-0.0018  	-0.0145  	0.01719  	0.01829  	-0.0294  	-0.0218  	0.00778  	0.03924  	0.01702  	0.06716  	0.09249  	-0.0658  	0.00161  	0.03127  	0.44598  	
-0.7139  	-0.0976  	-0.5383  	-0.3516  	-0.0748  	-0.2095  	0.24517  	-0.1659  	0.10751  	0.42176  	-0.1859  	0.78174  	0.14409  	-0.4532  	-1.4139  	0.14895  	0.46987  	0.17534  	0.44694  	0.22378  	-0.2805  	0.50796  	0.31014  	-0.2258  	0.07866  	0.07323  	0.11452  	-0.2808  	-0.2289  	-0.0159  	-0.0115  	-0.0504  	0.13805  	-0.2148  	-0.0794  	0.13731  	0.05031  	-0.0449  	-0.2149  	-0.0680  	0.21415  	0.04223  	0.02833  	0.27201  	0.02882  	-0.0204  	-0.0483  	0.11640  	0.08520  	-0.1396  	-0.0586  	-0.0301  	-0.0109  	-0.0090  	-0.0264  	-0.0028  	-0.0122  	0.01831  	0.01863  	-0.0296  	-0.0234  	0.00680  	0.04013  	0.01728  	0.06505  	0.09068  	-0.0666  	0.00090  	0.03063  	0.44928  	
-0.7103  	-0.0798  	-0.5230  	-0.3298  	-0.0741  	-0.1998  	0.24463  	-0.1531  	0.11209  	0.41268  	-0.2109  	0.78643  	0.14241  	-0.4621  	-1.4074  	0.15380  	0.47155  	0.17327  	0.44946  	0.21779  	-0.2837  	0.51190  	0.31669  	-0.2278  	0.07708  	0.07180  	0.13195  	-0.2847  	-0.2183  	-0.0096  	-0.0132  	-0.0501  	0.13609  	-0.2175  	-0.0902  	0.13694  	0.05105  	-0.0478  	-0.2106  	-0.0586  	0.21528  	0.04441  	0.03024  	0.27133  	0.02832  	-0.0210  	-0.0464  	0.11611  	0.08799  	-0.1410  	-0.0596  	-0.0291  	-0.0123  	-0.0064  	-0.0255  	-0.0023  	-0.0128  	0.01711  	0.01976  	-0.0281  	-0.0242  	0.00833  	0.03801  	0.01650  	0.06509  	0.08858  	-0.0678  	-0.0001  	0.03003  	0.45585  	
-0.7146  	-0.0864  	-0.5356  	-0.3256  	-0.0756  	-0.1973  	0.22858  	-0.1467  	0.10124  	0.41493  	-0.2164  	0.80408  	0.15907  	-0.4550  	-1.3799  	0.15475  	0.48363  	0.16912  	0.45144  	0.22993  	-0.3015  	0.50858  	0.32316  	-0.2406  	0.08255  	0.07570  	0.13218  	-0.2839  	-0.2110  	-0.0191  	0.00176  	-0.0576  	0.14045  	-0.2132  	-0.0890  	0.13343  	0.05763  	-0.0435  	-0.2104  	-0.0696  	0.22800  	0.03060  	0.03366  	0.27709  	0.02328  	-0.0193  	-0.0450  	0.12206  	0.08086  	-0.1439  	-0.0617  	-0.0279  	-0.0127  	-0.0085  	-0.0244  	-0.0018  	-0.0166  	0.01615  	0.01698  	-0.0286  	-0.0191  	0.00947  	0.03885  	0.01526  	0.06565  	0.08687  	-0.0689  	-0.0012  	0.02867  	0.47656  	
-0.7135  	-0.0845  	-0.5254  	-0.3348  	-0.0681  	-0.1999  	0.22644  	-0.1310  	0.10317  	0.41495  	-0.1998  	0.79642  	0.15713  	-0.4361  	-1.3781  	0.16262  	0.47588  	0.16235  	0.44793  	0.23540  	-0.2841  	0.51496  	0.31195  	-0.2349  	0.08439  	0.07594  	0.13614  	-0.2810  	-0.2173  	-0.0195  	-0.0005  	-0.0603  	0.14108  	-0.2152  	-0.0812  	0.13243  	0.06314  	-0.0414  	-0.2149  	-0.0780  	0.21960  	0.03586  	0.02727  	0.27386  	0.02553  	-0.0203  	-0.0447  	0.12071  	0.07980  	-0.1408  	-0.0629  	-0.0279  	-0.0112  	-0.0096  	-0.0247  	-0.0035  	-0.0158  	0.01617  	0.01781  	-0.0289  	-0.0200  	0.00841  	0.04022  	0.01590  	0.06735  	0.08436  	-0.0696  	-0.0023  	0.02731  	0.48929  	
-0.7555  	-0.0983  	-0.5380  	-0.4079  	-0.1044  	-0.2179  	0.23146  	-0.1569  	0.10673  	0.42513  	-0.1694  	0.78701  	0.15007  	-0.4395  	-1.4252  	0.14681  	0.47186  	0.16421  	0.43860  	0.22752  	-0.2768  	0.51935  	0.33268  	-0.2268  	0.06974  	0.08252  	0.11519  	-0.2921  	-0.2298  	-0.0260  	-0.0013  	-0.0635  	0.14231  	-0.2135  	-0.0915  	0.13882  	0.05897  	-0.0369  	-0.2102  	-0.0794  	0.22610  	0.04565  	0.03478  	0.26888  	0.02484  	-0.0199  	-0.0457  	0.11896  	0.08099  	-0.1390  	-0.0649  	-0.0276  	-0.0087  	-0.0058  	-0.0270  	-0.0038  	-0.0151  	0.01591  	0.01834  	-0.0305  	-0.0199  	0.00944  	0.04289  	0.01645  	0.06940  	0.08378  	-0.0704  	-0.0030  	0.02616  	0.49678  	
-0.7302  	-0.0936  	-0.5216  	-0.4189  	-0.0972  	-0.2366  	0.24468  	-0.1513  	0.11308  	0.41254  	-0.1679  	0.75579  	0.15371  	-0.4317  	-1.4375  	0.14721  	0.47295  	0.15717  	0.43534  	0.21607  	-0.2693  	0.52131  	0.33306  	-0.2179  	0.07955  	0.08083  	0.12372  	-0.3176  	-0.2357  	-0.0202  	-0.0108  	-0.0646  	0.13920  	-0.2156  	-0.0834  	0.13994  	0.07976  	-0.0350  	-0.2245  	-0.0810  	0.22414  	0.04370  	0.03409  	0.26857  	0.02451  	-0.0216  	-0.0444  	0.12281  	0.08395  	-0.1426  	-0.0650  	-0.0280  	-0.0089  	-0.0056  	-0.0279  	-0.0029  	-0.0134  	0.01566  	0.01861  	-0.0299  	-0.0216  	0.00952  	0.04298  	0.01637  	0.07114  	0.08310  	-0.0711  	-0.0036  	0.02596  	0.49349  	
-0.7016  	-0.0779  	-0.5081  	-0.3476  	-0.0643  	-0.2175  	0.24533  	-0.1338  	0.11343  	0.40998  	-0.2034  	0.77929  	0.15860  	-0.4294  	-1.4076  	0.15198  	0.47589  	0.15757  	0.45241  	0.20574  	-0.2726  	0.51387  	0.32002  	-0.2293  	0.08143  	0.07366  	0.14954  	-0.3063  	-0.2271  	-0.0069  	-0.0123  	-0.0574  	0.13852  	-0.2182  	-0.0738  	0.13816  	0.07113  	-0.0441  	-0.2199  	-0.0720  	0.21543  	0.04250  	0.03020  	0.26941  	0.02484  	-0.0219  	-0.0447  	0.12337  	0.08581  	-0.1423  	-0.0605  	-0.0293  	-0.0135  	-0.0073  	-0.0260  	-0.0016  	-0.0134  	0.01600  	0.01853  	-0.0280  	-0.0226  	0.00981  	0.04158  	0.01665  	0.07230  	0.08360  	-0.0709  	-0.0041  	0.02571  	0.48567  	
-0.6703  	-0.0523  	-0.4329  	-0.2811  	-0.0560  	-0.1936  	0.21367  	-0.0298  	0.09975  	0.35457  	-0.2268  	0.78890  	0.21175  	-0.4558  	-1.2609  	0.10182  	0.57228  	-0.0414  	0.53529  	-0.0827  	-0.1957  	0.29060  	0.07807  	-0.2081  	0.01389  	0.17637  	0.18571  	-0.4257  	-0.1324  	-0.0105  	0.10522  	-0.0971  	0.05124  	-0.3877  	-0.1399  	0.09319  	-0.0041  	-0.0372  	-0.3474  	-0.1478  	0.29659  	0.18019  	-0.0873  	0.35603  	-0.0330  	-0.0002  	-0.0663  	0.13755  	0.07526  	-0.1558  	-0.0574  	-0.0255  	-0.0138  	0.00926  	-0.0191  	-0.0061  	-0.0151  	0.00429  	0.01877  	-0.0184  	-0.0180  	0.00725  	0.02482  	0.01862  	0.07250  	0.08365  	-0.0705  	-0.0045  	0.02534  	0.48633  	
-0.5546  	-0.0158  	-0.3944  	-0.1989  	-0.0244  	-0.1126  	0.15934  	0.03704  	0.11026  	0.28657  	-0.3090  	0.86660  	0.29018  	-0.4614  	-1.1047  	0.09316  	0.67579  	-0.1851  	0.61251  	-0.3215  	-0.1529  	0.13947  	-0.1001  	-0.2064  	-0.0359  	0.26433  	0.16934  	-0.5008  	-0.0427  	-0.0092  	0.20325  	-0.1516  	-0.0198  	-0.5142  	-0.1977  	0.06427  	-0.0787  	-0.0441  	-0.4414  	-0.1917  	0.35570  	0.28909  	-0.1641  	0.42469  	-0.0854  	0.01549  	-0.0854  	0.15300  	0.06880  	-0.1663  	-0.0484  	-0.0186  	-0.0206  	0.02621  	-0.0135  	-0.0033  	-0.0209  	-0.0107  	0.01842  	-0.0112  	-0.0181  	0.00521  	0.00934  	0.01791  	0.07030  	0.08440  	-0.0700  	-0.0044  	0.02604  	0.47364  	
-0.3717  	0.05081  	-0.3154  	-0.0351  	0.01628  	-0.0113  	0.14913  	0.08923  	0.13157  	0.22975  	-0.4239  	0.93591  	0.32845  	-0.3764  	-0.9733  	0.06605  	0.70122  	-0.2462  	0.60507  	-0.3784  	-0.1187  	0.12138  	-0.1436  	-0.2294  	-0.0546  	0.28417  	0.16526  	-0.5213  	-0.0406  	-0.0029  	0.23365  	-0.1616  	-0.0328  	-0.5229  	-0.1859  	0.03898  	-0.1071  	-0.0349  	-0.4567  	-0.2321  	0.36851  	0.29210  	-0.1869  	0.44477  	-0.1100  	0.01548  	-0.0888  	0.15516  	0.06289  	-0.1697  	-0.0511  	-0.0181  	-0.0131  	0.02569  	-0.0142  	-0.0035  	-0.0271  	-0.0052  	0.01751  	-0.0151  	-0.0130  	0.00644  	0.01311  	0.01822  	0.06769  	0.08332  	-0.0697  	-0.0042  	0.02719  	0.45487  	
-0.2362  	0.06756  	-0.2541  	0.05118  	0.06850  	0.03296  	0.15590  	0.05480  	0.15681  	0.29544  	-0.4311  	0.92985  	0.35413  	-0.3195  	-1.0263  	0.21703  	0.64902  	-0.1632  	0.59280  	-0.3047  	-0.1722  	0.13774  	-0.1555  	-0.2598  	-0.0093  	0.23876  	0.09789  	-0.4637  	-0.0415  	-0.0065  	0.18274  	-0.1004  	0.02395  	-0.5159  	-0.1471  	0.04481  	-0.1343  	-0.0315  	-0.4003  	-0.1812  	0.37522  	0.26307  	-0.1406  	0.41707  	-0.0931  	0.02091  	-0.0813  	0.16884  	0.07544  	-0.1656  	-0.0350  	-0.0179  	-0.0128  	0.02046  	-0.0125  	0.00283  	-0.0319  	-0.0042  	0.02124  	-0.0146  	-0.0129  	-9.0636  	0.00560  	0.01677  	0.06394  	0.08213  	-0.0700  	-0.0044  	0.02770  	0.44928  	
-0.2587  	0.04951  	-0.2606  	-0.0065  	0.06432  	0.02508  	0.21073  	0.03830  	0.16746  	0.28324  	-0.3933  	0.89616  	0.27466  	-0.2147  	-1.0666  	0.22263  	0.55884  	-0.0240  	0.53491  	-0.1231  	-0.1556  	0.27107  	0.00470  	-0.2198  	0.08681  	0.12545  	0.20358  	-0.4551  	-0.1281  	0.02416  	0.08510  	-0.0828  	0.07322  	-0.3759  	-0.0379  	0.06170  	0.03355  	-0.0242  	-0.3488  	-0.1399  	0.29788  	0.16100  	-0.0568  	0.34536  	-0.0329  	9.74535  	-0.0662  	0.13964  	0.08057  	-0.1588  	-0.0474  	-0.0250  	-0.0100  	0.00995  	-0.0158  	0.01141  	-0.0237  	-0.0007  	0.01467  	-0.0177  	-0.0168  	0.00636  	0.02408  	0.02048  	0.06064  	0.08040  	-0.0701  	-0.0042  	0.02780  	0.43799  	
-0.5806  	-0.0717  	-0.4566  	-0.2593  	-0.0564  	-0.1088  	0.25284  	-0.1089  	0.12805  	0.39092  	-0.2450  	0.78326  	0.14696  	-0.3747  	-1.3009  	0.20248  	0.46434  	0.15097  	0.45763  	0.19355  	-0.2726  	0.52430  	0.24726  	-0.1990  	0.13296  	0.05187  	0.19046  	-0.3169  	-0.2071  	0.02231  	-0.0155  	-0.0404  	0.14116  	-0.2148  	-0.0497  	0.15804  	0.07528  	-0.0435  	-0.2183  	-0.0525  	0.20027  	0.04763  	0.03263  	0.26732  	0.02706  	-0.0204  	-0.0497  	0.11448  	0.09514  	-0.1443  	-0.0509  	-0.0251  	-0.0142  	-0.0054  	-0.0223  	-0.0034  	-0.0132  	0.01723  	0.01660  	-0.0299  	-0.0289  	0.00578  	0.04610  	0.02188  	0.05761  	0.07959  	-0.0702  	-0.0040  	0.02810  	0.43140  	
-0.6692  	-0.0736  	-0.4895  	-0.3247  	-0.0843  	-0.1648  	0.24203  	-0.1453  	0.11131  	0.40828  	-0.2139  	0.78172  	0.12825  	-0.4125  	-1.3719  	0.15988  	0.46921  	0.14747  	0.44870  	0.20837  	-0.2878  	0.51242  	0.30327  	-0.2337  	0.10691  	0.06266  	0.15529  	-0.2869  	-0.2011  	0.00742  	-0.0073  	-0.0458  	0.12780  	-0.2122  	-0.0751  	0.15597  	0.07723  	-0.0360  	-0.2189  	-0.0646  	0.22462  	0.03972  	0.02845  	0.27834  	0.03335  	-0.0212  	-0.0501  	0.11195  	0.08978  	-0.1444  	-0.0631  	-0.0259  	-0.0113  	-0.0087  	-0.0270  	-0.0013  	-0.0158  	0.01453  	0.02146  	-0.0317  	-0.0227  	0.01018  	0.04819  	0.01668  	0.05646  	0.07788  	-0.0707  	-0.0040  	0.02824  	0.43494  	
-0.6845  	-0.0639  	-0.4898  	-0.3421  	-0.0840  	-0.1680  	0.21514  	-0.1274  	0.12146  	0.40632  	-0.2294  	0.80663  	0.13746  	-0.4229  	-1.3862  	0.16508  	0.47370  	0.15767  	0.44765  	0.19033  	-0.2908  	0.51536  	0.33400  	-0.2405  	0.08637  	0.07373  	0.14416  	-0.2932  	-0.1907  	0.00817  	-0.0076  	-0.0548  	0.13038  	-0.2166  	-0.0969  	0.14736  	0.07235  	-0.0346  	-0.2162  	-0.0656  	0.23474  	0.03598  	0.04313  	0.27853  	0.02682  	-0.0225  	-0.0451  	0.11543  	0.08942  	-0.1435  	-0.0647  	-0.0283  	-0.0118  	-0.0067  	-0.0254  	-0.0023  	-0.0178  	0.01460  	0.01861  	-0.0286  	-0.0238  	0.01255  	0.04513  	0.01812  	0.05710  	0.07686  	-0.0713  	-0.0040  	0.02691  	0.45053  	
-0.6587  	-0.0667  	-0.4856  	-0.2990  	-0.0516  	-0.1608  	0.20966  	-0.1256  	0.12780  	0.39896  	-0.2499  	0.83231  	0.15017  	-0.4313  	-1.3646  	0.17358  	0.47952  	0.15666  	0.45321  	0.19585  	-0.2959  	0.51127  	0.33851  	-0.2483  	0.08707  	0.07340  	0.14067  	-0.2754  	-0.1803  	0.00861  	-0.0070  	-0.0564  	0.13058  	-0.2163  	-0.0917  	0.14766  	0.06256  	-0.0404  	-0.2108  	-0.0600  	0.23488  	0.03378  	0.04411  	0.28122  	0.02387  	-0.0209  	-0.0444  	0.12428  	0.09245  	-0.1460  	-0.0642  	-0.0290  	-0.0113  	-0.0055  	-0.0224  	-0.0022  	-0.0187  	0.01442  	0.01879  	-0.0285  	-0.0231  	0.01235  	0.04259  	0.01829  	0.05950  	0.07684  	-0.0716  	-0.0042  	0.02557  	0.46642  	
-0.5625  	-0.0471  	-0.4547  	-0.2154  	-0.0195  	-0.1182  	0.21127  	-0.1095  	0.13912  	0.36113  	-0.3052  	0.86032  	0.17823  	-0.3977  	-1.2815  	0.17173  	0.50610  	0.13199  	0.45968  	0.18709  	-0.2966  	0.52226  	0.33299  	-0.2439  	0.12242  	0.06125  	0.17040  	-0.2804  	-0.1609  	0.02019  	-0.0136  	-0.0568  	0.14614  	-0.2034  	-0.0615  	0.13457  	0.05588  	-0.0375  	-0.2177  	-0.0556  	0.21677  	0.04448  	0.03295  	0.27231  	0.02103  	-0.0177  	-0.0454  	0.12783  	0.09290  	-0.1416  	-0.0599  	-0.0271  	-0.0178  	-0.0059  	-0.0205  	0.00305  	-0.0157  	0.01365  	0.01460  	-0.0304  	-0.0221  	0.00842  	0.04734  	0.02162  	0.06229  	0.07972  	-0.0718  	-0.0042  	0.02483  	0.46596  	
-0.5188  	-0.0373  	-0.4425  	-0.1573  	-0.0011  	-0.0525  	0.21773  	-0.0703  	0.14990  	0.33214  	-0.3580  	0.88046  	0.21192  	-0.3457  	-1.1955  	0.19326  	0.51534  	0.10815  	0.46651  	0.16306  	-0.3216  	0.54194  	0.34458  	-0.2419  	0.11725  	0.07060  	0.16817  	-0.2812  	-0.1459  	0.03668  	-0.0107  	-0.0662  	0.17084  	-0.1949  	-0.0678  	0.12674  	0.03716  	-0.0409  	-0.2155  	-0.0563  	0.21790  	0.04419  	0.03992  	0.27697  	0.02026  	-0.0176  	-0.0454  	0.12465  	0.09416  	-0.1413  	-0.0591  	-0.0272  	-0.0211  	-0.0063  	-0.0209  	0.00278  	-0.0157  	0.01220  	0.01626  	-0.0292  	-0.0213  	0.00829  	0.04830  	0.02205  	0.06516  	0.08258  	-0.0713  	-0.0042  	0.02499  	0.45032  	
-0.3107  	0.02276  	-0.3769  	0.09843  	0.11258  	0.08112  	0.23234  	-0.0147  	0.16437  	0.25523  	-0.5045  	0.95730  	0.27000  	-0.2062  	-0.9661  	0.21686  	0.53181  	0.10181  	0.43738  	0.17538  	-0.2841  	0.57371  	0.28872  	-0.2419  	0.11588  	0.06868  	0.15993  	-0.2640  	-0.1440  	0.06791  	-0.0262  	-0.0610  	0.17819  	-0.1844  	-0.0241  	0.09338  	0.01314  	-0.0505  	-0.2203  	-0.0510  	0.19033  	0.03071  	0.03591  	0.26651  	0.02005  	-0.0174  	-0.0445  	0.12840  	0.09504  	-0.1376  	-0.0528  	-0.0299  	-0.0120  	-0.0125  	-0.0286  	-0.0008  	-0.0192  	0.01512  	0.01444  	-0.0280  	-0.0290  	0.00633  	0.04549  	0.01807  	0.06670  	0.08628  	-0.0707  	-0.0038  	0.02482  	0.44910  	
-0.1432  	0.08683  	-0.3114  	0.19224  	0.11647  	0.19302  	0.22041  	0.03219  	0.18359  	0.21760  	-0.5575  	0.95086  	0.29504  	-0.0907  	-0.8154  	0.22205  	0.52572  	0.07046  	0.44032  	0.15845  	-0.1787  	0.59074  	0.31424  	-0.2163  	0.09862  	0.05431  	0.17070  	-0.3382  	-0.2539  	0.04158  	-0.0192  	-0.0472  	0.18539  	-0.2136  	0.01560  	0.03673  	0.09099  	-0.0261  	-0.2306  	-0.0590  	0.18192  	0.02120  	0.05487  	0.25733  	0.00894  	-0.0161  	-0.0455  	0.13217  	0.10144  	-0.1390  	-0.0462  	-0.0278  	-0.0179  	-0.0124  	-0.0276  	0.01290  	-0.0168  	0.01167  	0.01909  	-0.0321  	-0.0297  	0.01480  	0.03431  	0.00994  	0.06436  	0.08775  	-0.0701  	-0.0034  	0.02423  	0.46462  	
0.03384  	0.13158  	-0.1747  	0.27774  	0.14195  	0.33323  	0.21592  	0.12007  	0.22688  	0.17432  	-0.5152  	0.88781  	0.29499  	-0.0036  	-0.7253  	0.31284  	0.50907  	0.01732  	0.44143  	0.09595  	-0.0198  	0.60101  	0.33899  	-0.1451  	0.14064  	0.02959  	0.30523  	-0.5234  	-0.3440  	0.06207  	-0.0526  	-0.0111  	0.17139  	-0.2227  	0.10410  	0.01256  	0.18358  	0.01192  	-0.2591  	-0.0831  	0.13326  	0.04206  	0.04507  	0.26687  	0.02145  	-0.0181  	-0.0510  	0.13476  	0.09932  	-0.1467  	-0.0589  	-0.0267  	-0.0088  	-0.0144  	-0.0283  	0.01965  	-0.0196  	0.01294  	0.01314  	-0.0282  	-0.0265  	0.00701  	0.03881  	0.01687  	0.06092  	0.08935  	-0.0693  	-0.0025  	0.02517  	0.46607  	
-0.0632  	0.07261  	-0.2375  	0.18789  	0.16153  	0.20887  	0.26338  	0.03957  	0.21632  	0.23576  	-0.4625  	0.90021  	0.29609  	-0.0869  	-0.9612  	0.33852  	0.47083  	0.08959  	0.42637  	0.17358  	-0.1543  	0.52431  	0.23018  	-0.1841  	0.15735  	0.02891  	0.20378  	-0.3793  	-0.2322  	0.05714  	-0.0573  	-0.0102  	0.17576  	-0.2151  	0.07562  	0.06405  	0.10827  	-0.0072  	-0.2193  	-0.0424  	0.17058  	0.04131  	0.05448  	0.26598  	0.02518  	-0.0164  	-0.0494  	0.12063  	0.09722  	-0.1414  	-0.0468  	-0.0329  	-0.0182  	-0.0151  	-0.0236  	0.01268  	-0.0189  	0.01295  	0.01444  	-0.0335  	-0.0339  	0.00632  	0.03798  	0.01637  	0.05902  	0.08954  	-0.0686  	-0.0015  	0.02687  	0.46161  	
-0.1946  	0.04370  	-0.3553  	0.29403  	0.25714  	0.19962  	0.23090  	0.00349  	0.15866  	0.23173  	-0.4884  	0.93598  	0.27763  	-0.1130  	-0.8656  	0.31481  	0.46024  	0.06421  	0.41656  	0.20579  	-0.2201  	0.57108  	0.20219  	-0.1139  	0.18766  	0.02534  	0.28567  	-0.3308  	-0.2295  	0.07403  	-0.0497  	-0.0369  	0.14700  	-0.1988  	0.10976  	0.09720  	0.08566  	-0.0545  	-0.2326  	-0.0353  	0.08650  	0.06065  	0.01605  	0.25278  	0.02666  	-0.0209  	-0.0549  	0.13336  	0.10470  	-0.1410  	-0.0463  	-0.0298  	-0.0157  	-0.0085  	-0.0236  	0.00952  	-0.0093  	0.01711  	0.01885  	-0.0219  	-0.0320  	0.00114  	0.04095  	0.01856  	0.05777  	0.09036  	-0.0682  	-0.0006  	0.02843  	0.47639  	
-0.0433  	0.06962  	-0.3100  	0.42515  	0.28517  	0.24357  	0.21416  	0.05526  	0.16688  	0.19495  	-0.6429  	0.93181  	0.32213  	-0.0066  	-0.7282  	0.26663  	0.47794  	0.02932  	0.43024  	0.15614  	-0.1782  	0.56732  	0.23864  	-0.1382  	0.15759  	0.01650  	0.32140  	-0.3566  	-0.2541  	0.11009  	-0.0598  	-0.0229  	0.16697  	-0.2075  	0.08749  	0.05255  	0.10421  	-0.0386  	-0.2247  	-0.0337  	0.09080  	0.05114  	0.03564  	0.28191  	0.03145  	-0.0285  	-0.0549  	0.13039  	0.10401  	-0.1496  	-0.0494  	-0.0297  	-0.0223  	-0.0178  	-0.0284  	0.01760  	-0.0066  	0.01745  	0.01349  	-0.0303  	-0.0342  	0.01096  	0.04349  	0.01512  	0.05837  	0.09069  	-0.0674  	0.00063  	0.03017  	0.47066  	
0.00249  	0.09442  	-0.2345  	0.36846  	0.22626  	0.29501  	0.22578  	0.09832  	0.19502  	0.21093  	-0.5827  	0.91215  	0.32490  	0.08905  	-0.6849  	0.29998  	0.48330  	0.02957  	0.43886  	0.13954  	-0.1131  	0.61689  	0.24723  	-0.1286  	0.17193  	0.02561  	0.32250  	-0.4512  	-0.2726  	0.10516  	-0.0666  	-0.0109  	0.17555  	-0.2067  	0.11599  	0.04363  	0.11986  	-0.0176  	-0.2361  	-0.0376  	0.11116  	0.05226  	0.02455  	0.27008  	0.03140  	-0.0148  	-0.0552  	0.13220  	0.10116  	-0.1490  	-0.0505  	-0.0275  	-0.0157  	-0.0078  	-0.0310  	0.01770  	-0.0236  	0.01605  	0.01328  	-0.0289  	-0.0323  	0.00870  	0.03627  	0.01363  	0.05954  	0.09152  	-0.0665  	0.00195  	0.03197  	0.47156  	
0.00646  	0.10891  	-0.2768  	0.21389  	0.13244  	0.20956  	0.22169  	0.12000  	0.20370  	0.18854  	-0.4716  	0.91263  	0.30235  	-0.0091  	-0.7476  	0.27884  	0.49115  	-0.0060  	0.43421  	0.11976  	-0.0150  	0.59997  	0.31526  	-0.1124  	0.13366  	0.05865  	0.36986  	-0.5231  	-0.3550  	0.07338  	-0.0682  	-0.0088  	0.16544  	-0.2122  	0.11112  	0.00482  	0.19616  	2.59056  	-0.2536  	-0.0484  	0.08402  	0.05624  	0.02454  	0.27419  	0.03497  	-0.0218  	-0.0471  	0.12384  	0.09874  	-0.1346  	-0.0617  	-0.0297  	-0.0143  	-0.0108  	-0.0284  	0.01581  	-0.0205  	0.01579  	0.01190  	-0.0316  	-0.0272  	0.01488  	0.03596  	0.01338  	0.06170  	0.09152  	-0.0662  	0.00289  	0.03306  	0.48452  	
0.00574  	0.10162  	-0.2291  	0.18875  	0.10536  	0.22477  	0.22840  	0.13695  	0.23338  	0.17472  	-0.4151  	0.89730  	0.29223  	0.01969  	-0.7744  	0.31206  	0.49848  	0.00377  	0.43590  	0.11184  	0.02905  	0.59461  	0.33722  	-0.0878  	0.15284  	0.05349  	0.37917  	-0.5414  	-0.3990  	0.05888  	-0.0702  	-0.0046  	0.17111  	-0.2152  	0.14567  	-0.0197  	0.22333  	0.01098  	-0.2757  	-0.0582  	0.07145  	0.06063  	0.01606  	0.26324  	0.02926  	-0.0225  	-0.0454  	0.11627  	0.09249  	-0.1332  	-0.0643  	-0.0303  	-0.0144  	-0.0084  	-0.0321  	0.01404  	-0.0216  	0.01605  	0.00771  	-0.0315  	-0.0276  	0.01476  	0.04227  	0.01360  	0.06500  	0.09244  	-0.0655  	0.00345  	0.03311  	0.49131  	
-0.0310  	0.10215  	-0.2860  	0.44549  	0.27466  	0.30176  	0.25257  	0.10830  	0.19407  	0.21724  	-0.6305  	0.91247  	0.36649  	0.16138  	-0.6469  	0.27664  	0.48319  	0.02304  	0.42212  	0.15611  	-0.1524  	0.63034  	0.22585  	-0.1026  	0.23389  	0.02713  	0.34941  	-0.4335  	-0.2508  	0.13343  	-0.0814  	-0.0228  	0.15854  	-0.2118  	0.10261  	0.03614  	0.10826  	-0.0485  	-0.2044  	-0.0437  	0.08468  	0.06010  	0.01254  	0.24491  	0.03486  	-0.0121  	-0.0596  	0.12111  	0.10627  	-0.1364  	-0.0562  	-0.0291  	-0.0190  	-0.0141  	-0.0304  	0.01210  	-0.0249  	0.01525  	0.01605  	-0.0352  	-0.0319  	0.01045  	0.03647  	0.00752  	0.06909  	0.09348  	-0.0649  	0.00341  	0.03258  	0.50213  	
-0.0672  	0.08819  	-0.3608  	0.52902  	0.33257  	0.24808  	0.23320  	0.06079  	0.16069  	0.20318  	-0.6844  	0.96908  	0.37905  	0.10226  	-0.6492  	0.23018  	0.47850  	0.03613  	0.43948  	0.11121  	-0.2060  	0.65723  	0.23352  	-0.1717  	0.20987  	0.03026  	0.33796  	-0.3701  	-0.2174  	0.15311  	-0.0639  	-0.0402  	0.15642  	-0.2076  	0.09342  	0.03146  	0.09186  	-0.0580  	-0.1953  	-0.0357  	0.09219  	0.05970  	0.02523  	0.25566  	0.03275  	-0.0196  	-0.0600  	0.12340  	0.10849  	-0.1496  	-0.0540  	-0.0325  	-0.0166  	-0.0179  	-0.0288  	0.01145  	-0.0198  	0.01259  	0.01603  	-0.0313  	-0.0294  	0.01449  	0.03850  	0.01000  	0.07206  	0.09539  	-0.0642  	0.00335  	0.03257  	0.48911  	
-0.2942  	0.02060  	-0.3465  	0.11293  	0.15083  	0.10594  	0.25331  	-0.0379  	0.15098  	0.25239  	-0.5108  	0.89782  	0.23504  	-0.1850  	-0.9507  	0.28102  	0.51353  	0.11602  	0.46783  	0.11664  	-0.1744  	0.55594  	0.28725  	-0.1304  	0.13329  	0.03520  	0.27672  	-0.3583  	-0.2371  	0.05728  	-0.0565  	-0.0363  	0.14449  	-0.2208  	0.03432  	0.06668  	0.12716  	-0.0403  	-0.2449  	-0.0152  	0.13050  	0.05010  	0.02354  	0.27200  	0.03137  	-0.0220  	-0.0534  	0.11963  	0.09746  	-0.1526  	-0.0588  	-0.0260  	-0.0178  	-0.0132  	-0.0270  	0.00477  	-0.0135  	0.01311  	0.02266  	-0.0217  	-0.0247  	0.00784  	0.03963  	0.01526  	0.07511  	0.09541  	-0.0642  	0.00306  	0.03246  	0.47447  	
-0.2736  	-0.0131  	-0.3018  	-0.0879  	0.00410  	0.13829  	0.19379  	-0.0967  	0.13404  	0.24421  	-0.3853  	0.81521  	0.14509  	-0.3514  	-1.1280  	0.29886  	0.47425  	0.10003  	0.48582  	0.14308  	-0.1558  	0.53305  	0.32841  	-0.1516  	0.10475  	0.04361  	0.28182  	-0.4564  	-0.3406  	0.02433  	-0.0505  	-0.0012  	0.13621  	-0.2125  	0.05978  	0.11737  	0.17391  	0.00035  	-0.2771  	-0.0455  	0.19065  	0.04556  	0.03001  	0.27451  	0.01590  	-0.0198  	-0.0541  	0.11810  	0.08130  	-0.1401  	-0.0495  	-0.0220  	-0.0078  	-0.0058  	-0.0306  	0.00756  	-0.0180  	0.01612  	0.01974  	-0.0269  	-0.0288  	0.00420  	0.04647  	0.01290  	0.07638  	0.09438  	-0.0659  	0.00276  	0.03128  	0.47749  	
-0.1616  	0.00715  	-0.2890  	0.01443  	0.05476  	0.12087  	0.24378  	-0.0769  	0.16661  	0.28877  	-0.4291  	0.82729  	0.19395  	-0.2813  	-1.0786  	0.30223  	0.49231  	0.13028  	0.48367  	0.12310  	-0.1897  	0.55176  	0.28303  	-0.1768  	0.11148  	0.03801  	0.27467  	-0.4069  	-0.2952  	0.02930  	-0.0487  	0.00771  	0.15040  	-0.2259  	0.05690  	0.13371  	0.16189  	-0.0146  	-0.2778  	-0.0412  	0.17990  	0.05786  	0.02650  	0.28443  	0.03078  	-0.0263  	-0.0483  	0.11357  	0.10010  	-0.1407  	-0.0561  	-0.0296  	-0.0117  	-0.0054  	-0.0267  	0.00768  	-0.0177  	0.01634  	0.01818  	-0.0212  	-0.0245  	0.01147  	0.04515  	0.01363  	0.07649  	0.09120  	-0.0677  	0.00240  	0.02908  	0.47590  	
-0.1105  	0.02157  	-0.2407  	0.10376  	0.08525  	0.16770  	0.25657  	-0.0448  	0.16739  	0.28252  	-0.3675  	0.83175  	0.20234  	-0.2475  	-1.0646  	0.35466  	0.44999  	0.10723  	0.46464  	0.16412  	-0.1586  	0.54461  	0.26589  	-0.1649  	0.16817  	0.01571  	0.25131  	-0.3970  	-0.3085  	0.03615  	-0.0461  	0.00286  	0.14479  	-0.2273  	0.09939  	0.13185  	0.18494  	-0.0066  	-0.2699  	-0.0634  	0.15132  	0.05032  	0.02856  	0.27726  	0.02828  	-0.0255  	-0.0481  	0.12076  	0.09576  	-0.1433  	-0.0475  	-0.0319  	-0.0098  	-0.0079  	-0.0230  	0.01603  	-0.0121  	0.01489  	0.01359  	-0.0217  	-0.0264  	0.00802  	0.04675  	0.02146  	0.07733  	0.08910  	-0.0700  	0.00213  	0.02778  	0.47125  	
-0.1891  	0.00921  	-0.2872  	0.05032  	0.07253  	0.14966  	0.25335  	-0.0425  	0.16657  	0.35580  	-0.3395  	0.79243  	0.20733  	-0.2965  	-1.1897  	0.35789  	0.45773  	0.13563  	0.42286  	0.23002  	-0.2211  	0.52600  	0.19979  	-0.1727  	0.13885  	0.03255  	0.22511  	-0.2986  	-0.2808  	0.02420  	-0.0520  	-0.0030  	0.15238  	-0.2182  	0.07792  	0.15886  	0.11915  	-0.0321  	-0.2454  	-0.0609  	0.15249  	0.05516  	0.03094  	0.26377  	0.02999  	-0.0229  	-0.0466  	0.11739  	0.10203  	-0.1406  	-0.0315  	-0.0301  	-0.0093  	-0.0127  	-0.0192  	0.00546  	-0.0085  	0.01685  	0.01734  	-0.0266  	-0.0346  	-0.0001  	0.04645  	0.02336  	0.07925  	0.08699  	-0.0726  	0.00158  	0.02669  	0.47391  	
-0.2916  	-0.0434  	-0.3599  	-0.0214  	0.04496  	0.04518  	0.26708  	-0.1162  	0.12090  	0.36864  	-0.3292  	0.84875  	0.21872  	-0.3778  	-1.3235  	0.35717  	0.45514  	0.12903  	0.44006  	0.21650  	-0.3448  	0.52910  	0.17024  	-0.1903  	0.20417  	0.02556  	0.20713  	-0.2266  	-0.1991  	0.06827  	-0.0430  	-0.0052  	0.11557  	-0.2217  	-0.0064  	0.22523  	0.06118  	-0.0520  	-0.2178  	-0.0448  	0.18128  	0.06143  	0.03715  	0.26412  	0.03209  	-0.0223  	-0.0451  	0.13047  	0.10986  	-0.1488  	-0.0365  	-0.0285  	-0.0077  	-0.0110  	-0.0163  	0.00272  	-0.0054  	0.01928  	0.01936  	-0.0246  	-0.0320  	-0.0053  	0.05532  	0.02287  	0.08097  	0.08603  	-0.0748  	0.00092  	0.02498  	0.49002  	
-0.5179  	-0.0883  	-0.4577  	-0.2027  	-0.0436  	-0.0936  	0.24141  	-0.1294  	0.10419  	0.38054  	-0.2975  	0.80640  	0.15448  	-0.4648  	-1.3956  	0.29274  	0.46406  	0.14891  	0.45441  	0.24139  	-0.3432  	0.51475  	0.22634  	-0.1762  	0.16767  	0.05113  	0.20307  	-0.2452  	-0.2293  	0.05140  	-0.0323  	-0.0172  	0.10937  	-0.2013  	-0.0248  	0.23491  	0.06348  	-0.0514  	-0.2328  	-0.0499  	0.19613  	0.02885  	0.01821  	0.26551  	0.03239  	-0.0240  	-0.0511  	0.11762  	0.11183  	-0.1353  	-0.0399  	-0.0302  	-0.0136  	-0.0106  	-0.0269  	-0.0044  	-0.0075  	0.02277  	0.01956  	-0.0366  	-0.0325  	0.00115  	0.05634  	0.01756  	0.08323  	0.08494  	-0.0765  	0.00027  	0.02334  	0.50035  	
-0.7892  	-0.1380  	-0.5829  	-0.3478  	-0.0530  	-0.2490  	0.23947  	-0.1634  	0.08822  	0.43827  	-0.2107  	0.78066  	0.16516  	-0.4009  	-1.3726  	0.16438  	0.45128  	0.15016  	0.44890  	0.19317  	-0.3072  	0.52882  	0.28141  	-0.1942  	0.09457  	0.07544  	0.15727  	-0.2839  	-0.2221  	0.00486  	0.00036  	-0.0579  	0.14029  	-0.2012  	-0.0324  	0.17150  	0.02798  	-0.0510  	-0.2286  	-0.0661  	0.18598  	0.05857  	0.01694  	0.25086  	0.02884  	-0.0211  	-0.0512  	0.11164  	0.09020  	-0.1463  	-0.0558  	-0.0305  	-0.0134  	-0.0091  	-0.0318  	-0.0027  	-0.0133  	0.01586  	0.02295  	-0.0253  	-0.0251  	0.00267  	0.04667  	0.01779  	0.08471  	0.08563  	-0.0776  	-0.0003  	0.02195  	0.51502  	
-0.8057  	-0.1416  	-0.5716  	-0.4542  	-0.1089  	-0.2743  	0.23816  	-0.1567  	0.10521  	0.42129  	-0.1511  	0.76919  	0.14321  	-0.4010  	-1.4030  	0.15076  	0.47622  	0.16616  	0.43869  	0.21395  	-0.2549  	0.50514  	0.32858  	-0.1929  	0.04718  	0.07771  	0.12914  	-0.3049  	-0.2565  	-0.0112  	-0.0032  	-0.0443  	0.14891  	-0.2093  	-0.0629  	0.13899  	0.07022  	-0.0438  	-0.2380  	-0.0809  	0.19662  	0.03998  	0.02241  	0.25159  	0.03283  	-0.0198  	-0.0490  	0.11083  	0.08937  	-0.1380  	-0.0571  	-0.0315  	-0.0153  	-0.0071  	-0.0285  	-0.0014  	-0.0127  	0.01985  	0.01849  	-0.0242  	-0.0260  	0.01324  	0.04484  	0.01810  	0.08530  	0.08691  	-0.0780  	-0.0010  	0.02135  	0.52250  	
-0.7903  	-0.1283  	-0.5837  	-0.4584  	-0.0984  	-0.2728  	0.24816  	-0.1552  	0.11876  	0.42488  	-0.1344  	0.79734  	0.13529  	-0.4197  	-1.4460  	0.14773  	0.46416  	0.16986  	0.43814  	0.22623  	-0.2665  	0.50639  	0.31598  	-0.2036  	0.02712  	0.08337  	0.11287  	-0.3011  	-0.2405  	-0.0282  	-0.0092  	-0.0510  	0.15013  	-0.2081  	-0.0664  	0.13516  	0.06746  	-0.0377  	-0.2285  	-0.0699  	0.20562  	0.04444  	0.02450  	0.25330  	0.02965  	-0.0234  	-0.0469  	0.11934  	0.09018  	-0.1349  	-0.0566  	-0.0343  	-0.0157  	-0.0041  	-0.0256  	0.00108  	-0.0120  	0.01841  	0.01729  	-0.0247  	-0.0272  	0.01288  	0.04479  	0.01579  	0.08531  	0.08936  	-0.0773  	-0.0016  	0.02066  	0.52587  	
-0.8119  	-0.1320  	-0.5735  	-0.4801  	-0.1194  	-0.2730  	0.24779  	-0.1706  	0.11794  	0.43021  	-0.1071  	0.77732  	0.12780  	-0.4541  	-1.4976  	0.14006  	0.46309  	0.17190  	0.43107  	0.22805  	-0.2598  	0.50019  	0.32462  	-0.2020  	0.01855  	0.09111  	0.10292  	-0.3109  	-0.2647  	-0.0415  	-0.0105  	-0.0525  	0.14746  	-0.2073  	-0.0704  	0.13455  	0.07077  	-0.0305  	-0.2286  	-0.0784  	0.21695  	0.04641  	0.02506  	0.25623  	0.02759  	-0.0248  	-0.0486  	0.11947  	0.08894  	-0.1320  	-0.0598  	-0.0344  	-0.0119  	-0.0021  	-0.0262  	0.00118  	-0.0135  	0.01842  	0.01879  	-0.0274  	-0.0256  	0.01252  	0.04476  	0.01735  	0.08459  	0.09102  	-0.0763  	-0.0020  	0.01975  	0.53364  	
-0.7675  	-0.1208  	-0.5689  	-0.4511  	-0.0994  	-0.2694  	0.25267  	-0.1635  	0.12059  	0.42645  	-0.1368  	0.77580  	0.14070  	-0.4501  	-1.4595  	0.13482  	0.46786  	0.16372  	0.43451  	0.20471  	-0.2452  	0.51320  	0.32956  	-0.2076  	0.03648  	0.08343  	0.13301  	-0.3159  	-0.2571  	-0.0242  	-0.0198  	-0.0530  	0.14562  	-0.2104  	-0.0698  	0.13212  	0.07511  	-0.0289  	-0.2298  	-0.0712  	0.20847  	0.04688  	0.02143  	0.25912  	0.02771  	-0.0242  	-0.0474  	0.11918  	0.08791  	-0.1345  	-0.0584  	-0.0336  	-0.0118  	-0.0036  	-0.0267  	-0.0009  	-0.0136  	0.01776  	0.01805  	-0.0291  	-0.0262  	0.00993  	0.04573  	0.01967  	0.08135  	0.09262  	-0.0752  	-0.0023  	0.02021  	0.52752  	
-0.7590  	-0.1042  	-0.5588  	-0.4430  	-0.1110  	-0.2596  	0.24322  	-0.1608  	0.11655  	0.43330  	-0.1457  	0.76933  	0.14127  	-0.4504  	-1.4649  	0.13424  	0.46469  	0.16670  	0.43533  	0.20817  	-0.2513  	0.51784  	0.33022  	-0.2172  	0.04871  	0.08112  	0.12603  	-0.3132  	-0.2496  	-0.0246  	-0.0157  	-0.0545  	0.14177  	-0.2124  	-0.0739  	0.13845  	0.06982  	-0.0309  	-0.2225  	-0.0706  	0.21000  	0.04602  	0.02740  	0.26316  	0.02615  	-0.0233  	-0.0457  	0.11809  	0.08483  	-0.1346  	-0.0617  	-0.0308  	-0.0109  	-0.0032  	-0.0261  	-0.0021  	-0.0117  	0.01900  	0.01665  	-0.0302  	-0.0262  	0.00871  	0.04411  	0.01898  	0.07806  	0.09244  	-0.0745  	-0.0026  	0.02128  	0.52034  	
-0.7583  	-0.0975  	-0.5427  	-0.4003  	-0.1020  	-0.2432  	0.23073  	-0.1640  	0.10828  	0.43203  	-0.1708  	0.77839  	0.13934  	-0.4636  	-1.4519  	0.13770  	0.47179  	0.16727  	0.44452  	0.22675  	-0.2704  	0.51089  	0.32973  	-0.2222  	0.06438  	0.08082  	0.12121  	-0.2973  	-0.2400  	-0.0241  	-0.0101  	-0.0567  	0.14031  	-0.2134  	-0.0859  	0.13726  	0.06571  	-0.0401  	-0.2128  	-0.0726  	0.21279  	0.04163  	0.02689  	0.26968  	0.02745  	-0.0194  	-0.0449  	0.11844  	0.08019  	-0.1359  	-0.0633  	-0.0295  	-0.0092  	-0.0052  	-0.0261  	-0.0020  	-0.0125  	0.01790  	0.01785  	-0.0290  	-0.0230  	0.00611  	0.04042  	0.01720  	0.07459  	0.09108  	-0.0747  	-0.0028  	0.02160  	0.51729  	
-0.7209  	-0.0934  	-0.5245  	-0.3410  	-0.0683  	-0.2212  	0.24076  	-0.1525  	0.10902  	0.42080  	-0.1966  	0.79022  	0.14222  	-0.4598  	-1.4173  	0.15306  	0.47229  	0.17167  	0.45167  	0.22316  	-0.2802  	0.50116  	0.31481  	-0.2276  	0.06469  	0.07605  	0.12850  	-0.2884  	-0.2313  	-0.0167  	-0.0115  	-0.0528  	0.14006  	-0.2148  	-0.0851  	0.13252  	0.06020  	-0.0449  	-0.2158  	-0.0679  	0.21458  	0.04062  	0.02797  	0.27393  	0.02875  	-0.0196  	-0.0459  	0.11913  	0.08296  	-0.1367  	-0.0603  	-0.0307  	-0.0118  	-0.0073  	-0.0255  	-0.0029  	-0.0124  	0.01801  	0.01817  	-0.0282  	-0.0236  	0.00602  	0.03963  	0.01671  	0.07223  	0.08842  	-0.0749  	-0.0026  	0.02162  	0.50240  	
-0.7003  	-0.0866  	-0.5212  	-0.3079  	-0.0657  	-0.1904  	0.24363  	-0.1518  	0.11217  	0.41643  	-0.2060  	0.79209  	0.14242  	-0.4533  	-1.3908  	0.15787  	0.47584  	0.17223  	0.45304  	0.21911  	-0.2820  	0.50947  	0.30604  	-0.2210  	0.08143  	0.06580  	0.12900  	-0.2831  	-0.2255  	-0.0064  	-0.0158  	-0.0470  	0.13499  	-0.2126  	-0.0819  	0.13368  	0.04878  	-0.0414  	-0.2111  	-0.0671  	0.21406  	0.04637  	0.02986  	0.26849  	0.02676  	-0.0197  	-0.0467  	0.11735  	0.08768  	-0.1403  	-0.0588  	-0.0294  	-0.0120  	-0.0066  	-0.0263  	-0.0029  	-0.0128  	0.01789  	0.01977  	-0.0289  	-0.0239  	0.00739  	0.03860  	0.01752  	0.06931  	0.08601  	-0.0749  	-0.0023  	0.02193  	0.49071  	
-0.7332  	-0.1029  	-0.5406  	-0.3244  	-0.0679  	-0.2082  	0.23703  	-0.1689  	0.10187  	0.42569  	-0.1974  	0.80429  	0.14531  	-0.4512  	-1.4053  	0.15244  	0.47360  	0.17840  	0.44413  	0.23630  	-0.3009  	0.50296  	0.30022  	-0.2275  	0.07182  	0.07030  	0.10028  	-0.2724  	-0.2199  	-0.0166  	-0.0049  	-0.0551  	0.13975  	-0.2094  	-0.0834  	0.13878  	0.04061  	-0.0474  	-0.2063  	-0.0683  	0.21315  	0.04096  	0.02868  	0.27041  	0.02759  	-0.0185  	-0.0478  	0.11839  	0.08443  	-0.1394  	-0.0580  	-0.0305  	-0.0132  	-0.0088  	-0.0246  	-0.0029  	-0.0127  	0.01877  	0.01709  	-0.0290  	-0.0231  	0.00706  	0.04045  	0.01752  	0.06741  	0.08302  	-0.0755  	-0.0022  	0.02238  	0.48962  	
-0.7407  	-0.1100  	-0.5490  	-0.3262  	-0.0662  	-0.1960  	0.23439  	-0.1606  	0.10773  	0.43170  	-0.1902  	0.80819  	0.14220  	-0.4287  	-1.3987  	0.15710  	0.47486  	0.18091  	0.44477  	0.23612  	-0.2905  	0.49996  	0.29310  	-0.2197  	0.06682  	0.07168  	0.09724  	-0.2710  	-0.2333  	-0.0212  	-0.0066  	-0.0543  	0.14140  	-0.2070  	-0.0810  	0.12983  	0.04152  	-0.0431  	-0.2077  	-0.0729  	0.21113  	0.04144  	0.02810  	0.26881  	0.02791  	-0.0172  	-0.0493  	0.11817  	0.08185  	-0.1360  	-0.0593  	-0.0306  	-0.0123  	-0.0086  	-0.0256  	-0.0027  	-0.0131  	0.01974  	0.01750  	-0.0292  	-0.0226  	0.00547  	0.04100  	0.01761  	0.06688  	0.08067  	-0.0766  	-0.0019  	0.02168  	0.49199  	
-0.7515  	-0.1154  	-0.5365  	-0.4125  	-0.0937  	-0.2215  	0.25164  	-0.1609  	0.11297  	0.42997  	-0.1572  	0.77537  	0.13229  	-0.4441  	-1.4378  	0.14142  	0.46508  	0.16961  	0.43501  	0.22406  	-0.2747  	0.50648  	0.31114  	-0.2039  	0.05686  	0.08041  	0.10963  	-0.2959  	-0.2414  	-0.0229  	-0.0094  	-0.0555  	0.14110  	-0.2089  	-0.0836  	0.13062  	0.05455  	-0.0384  	-0.2244  	-0.0766  	0.21187  	0.04779  	0.03005  	0.26546  	0.03197  	-0.0235  	-0.0462  	0.11639  	0.08426  	-0.1333  	-0.0612  	-0.0310  	-0.0088  	-0.0050  	-0.0272  	-0.0048  	-0.0111  	0.01801  	0.01725  	-0.0302  	-0.0254  	0.00733  	0.04470  	0.01831  	0.06802  	0.07912  	-0.0774  	-0.0020  	0.02109  	0.49562  	
-0.7319  	-0.1013  	-0.5470  	-0.3956  	-0.0798  	-0.2225  	0.25611  	-0.1531  	0.12078  	0.42123  	-0.1584  	0.78740  	0.13947  	-0.4398  	-1.4309  	0.14361  	0.46027  	0.17099  	0.43744  	0.20738  	-0.2735  	0.52023  	0.31501  	-0.2070  	0.06056  	0.07000  	0.12094  	-0.2903  	-0.2269  	-0.0116  	-0.0284  	-0.0571  	0.13761  	-0.2109  	-0.0745  	0.14054  	0.06267  	-0.0379  	-0.2260  	-0.0638  	0.20728  	0.04940  	0.02532  	0.26190  	0.02821  	-0.0223  	-0.0470  	0.11486  	0.08901  	-0.1363  	-0.0563  	-0.0324  	-0.0123  	-0.0038  	-0.0264  	-0.0021  	-0.0104  	0.01808  	0.01874  	-0.0287  	-0.0271  	0.00749  	0.04233  	0.02016  	0.06922  	0.08015  	-0.0777  	-0.0019  	0.02110  	0.49048  	
-0.7271  	-0.0889  	-0.5462  	-0.3686  	-0.0830  	-0.2224  	0.24714  	-0.1504  	0.11772  	0.42634  	-0.1841  	0.78585  	0.14698  	-0.4435  	-1.4264  	0.13951  	0.46491  	0.17115  	0.44068  	0.20749  	-0.2870  	0.51964  	0.31955  	-0.2116  	0.07456  	0.06841  	0.12930  	-0.2861  	-0.2188  	-0.0044  	-0.0203  	-0.0574  	0.13668  	-0.2107  	-0.0811  	0.14580  	0.05400  	-0.0472  	-0.2155  	-0.0580  	0.20684  	0.04619  	0.02649  	0.26424  	0.03012  	-0.0223  	-0.0454  	0.11719  	0.08584  	-0.1342  	-0.0566  	-0.0310  	-0.0121  	-0.0049  	-0.0256  	-0.0030  	-0.0092  	0.01859  	0.01796  	-0.0283  	-0.0267  	0.00600  	0.04286  	0.02015  	0.07008  	0.08164  	-0.0768  	-0.0018  	0.02191  	0.47082  	
-0.7385  	-0.0892  	-0.5240  	-0.3566  	-0.0725  	-0.2083  	0.23794  	-0.1496  	0.11592  	0.42454  	-0.2035  	0.78957  	0.14586  	-0.4668  	-1.4215  	0.16511  	0.47507  	0.17193  	0.45278  	0.21810  	-0.2958  	0.50318  	0.31519  	-0.2314  	0.06682  	0.07641  	0.12616  	-0.2730  	-0.2160  	-0.0171  	-0.0126  	-0.0550  	0.13859  	-0.2114  	-0.0964  	0.14105  	0.05228  	-0.0483  	-0.2034  	-0.0695  	0.22111  	0.03903  	0.02961  	0.27091  	0.02713  	-0.0192  	-0.0459  	0.12110  	0.08215  	-0.1360  	-0.0592  	-0.0302  	-0.0121  	-0.0070  	-0.0241  	-0.0021  	-0.0130  	0.01812  	0.01902  	-0.0279  	-0.0230  	0.00492  	0.04045  	0.01834  	0.06945  	0.08376  	-0.0760  	-0.0012  	0.02209  	0.46585  	
-0.7150  	-0.0928  	-0.5258  	-0.3442  	-0.0653  	-0.2114  	0.24507  	-0.1481  	0.11433  	0.41995  	-0.1939  	0.79485  	0.14551  	-0.4660  	-1.4144  	0.16471  	0.47332  	0.17251  	0.45021  	0.22048  	-0.2911  	0.50490  	0.31293  	-0.2247  	0.07373  	0.07138  	0.13181  	-0.2730  	-0.2168  	-0.0161  	-0.0167  	-0.0519  	0.13724  	-0.2128  	-0.0858  	0.14172  	0.05705  	-0.0459  	-0.2092  	-0.0680  	0.21704  	0.04205  	0.03029  	0.27119  	0.02682  	-0.0193  	-0.0466  	0.11922  	0.08451  	-0.1372  	-0.0597  	-0.0314  	-0.0117  	-0.0066  	-0.0239  	-0.0025  	-0.0133  	0.01784  	0.01981  	-0.0279  	-0.0229  	0.00686  	0.04067  	0.01869  	0.06685  	0.08605  	-0.0752  	-0.0004  	0.02166  	0.46783  	
-0.6894  	-0.0752  	-0.5177  	-0.3020  	-0.0623  	-0.1889  	0.25076  	-0.1410  	0.11651  	0.40607  	-0.2121  	0.79071  	0.14595  	-0.4755  	-1.4029  	0.16650  	0.47246  	0.17293  	0.46093  	0.21139  	-0.3003  	0.51676  	0.31183  	-0.2204  	0.08433  	0.06335  	0.15155  	-0.2661  	-0.2074  	0.00283  	-0.0208  	-0.0431  	0.13250  	-0.2144  	-0.0844  	0.14984  	0.04685  	-0.0397  	-0.2080  	-0.0594  	0.21549  	0.04805  	0.02800  	0.26739  	0.02591  	-0.0220  	-0.0464  	0.11704  	0.08828  	-0.1408  	-0.0579  	-0.0286  	-0.0110  	-0.0051  	-0.0258  	-0.0029  	-0.0132  	0.01726  	0.02183  	-0.0271  	-0.0245  	0.00845  	0.03791  	0.01882  	0.06310  	0.08968  	-0.0735  	0.00041  	0.02266  	0.47324  	
-0.7103  	-0.0706  	-0.5099  	-0.3210  	-0.0709  	-0.1856  	0.23987  	-0.1408  	0.11202  	0.41263  	-0.2283  	0.78630  	0.14795  	-0.4669  	-1.3930  	0.16759  	0.47289  	0.17358  	0.45330  	0.21078  	-0.3080  	0.51228  	0.30662  	-0.2265  	0.08336  	0.06769  	0.14934  	-0.2698  	-0.1950  	0.00306  	-0.0115  	-0.0497  	0.13246  	-0.2148  	-0.0953  	0.15255  	0.04593  	-0.0425  	-0.2109  	-0.0617  	0.22851  	0.04251  	0.03615  	0.27114  	0.02683  	-0.0218  	-0.0458  	0.11788  	0.08744  	-0.1406  	-0.0612  	-0.0285  	-0.0126  	-0.0067  	-0.0236  	-0.0044  	-0.0140  	0.01658  	0.02138  	-0.0271  	-0.0247  	0.01086  	0.04017  	0.02033  	0.06069  	0.09035  	-0.0719  	0.00123  	0.02419  	0.47617  	
-0.6548  	-0.0722  	-0.4655  	-0.2828  	-0.0558  	-0.1225  	0.25262  	-0.0997  	0.12570  	0.37960  	-0.2710  	0.77584  	0.15214  	-0.4351  	-1.3332  	0.17202  	0.48536  	0.12762  	0.46629  	0.16293  	-0.2973  	0.52748  	0.34031  	-0.2132  	0.09873  	0.07134  	0.18702  	-0.3094  	-0.1998  	0.02428  	-0.0167  	-0.0425  	0.13957  	-0.2199  	-0.0924  	0.13126  	0.07183  	-0.0315  	-0.2191  	-0.0616  	0.22769  	0.04699  	0.03599  	0.28518  	0.02915  	-0.0217  	-0.0460  	0.11773  	0.09301  	-0.1397  	-0.0638  	-0.0294  	-0.0129  	-0.0060  	-0.0247  	-0.0058  	-0.0117  	0.01580  	0.02006  	-0.0297  	-0.0239  	0.00853  	0.04352  	0.01977  	0.06056  	0.08676  	-0.0702  	0.00192  	0.02536  	0.50195  	
-0.4364  	-0.0048  	-0.4192  	-0.1729  	-0.0240  	0.00330  	0.22275  	-0.0416  	0.15426  	0.30193  	-0.4141  	0.87010  	0.19253  	-0.3314  	-1.1772  	0.21314  	0.51331  	0.11450  	0.46285  	0.13490  	-0.2632  	0.55889  	0.36935  	-0.2198  	0.07792  	0.07977  	0.19222  	-0.3541  	-0.2186  	0.03193  	-0.0088  	-0.0595  	0.13769  	-0.2106  	-0.0718  	0.10756  	0.07431  	-0.0264  	-0.2330  	-0.0627  	0.21878  	0.04138  	0.05205  	0.29333  	0.01612  	-0.0254  	-0.0414  	0.11937  	0.08798  	-0.1424  	-0.0646  	-0.0294  	-0.0171  	-0.0045  	-0.0244  	-0.0051  	-0.0138  	0.01545  	0.01605  	-0.0335  	-0.0298  	0.01031  	0.04923  	0.02084  	0.06298  	0.07882  	-0.0692  	0.00273  	0.02666  	0.51403  	
-0.1961  	0.08288  	-0.2892  	-0.0139  	0.01134  	0.12782  	0.20391  	0.05250  	0.18413  	0.27695  	-0.4729  	0.88091  	0.25138  	-0.1578  	-0.9641  	0.24281  	0.52740  	0.05495  	0.46546  	0.10347  	-0.1289  	0.56462  	0.37773  	-0.1898  	0.05515  	0.05005  	0.26036  	-0.4546  	-0.3398  	0.01859  	-0.0132  	-0.0272  	0.19153  	-0.2114  	0.02953  	0.04059  	0.16904  	0.00498  	-0.2692  	-0.0803  	0.18736  	0.03203  	0.06523  	0.27624  	0.01190  	-0.0144  	-0.0394  	0.12040  	0.09558  	-0.1499  	-0.0676  	-0.0229  	-0.0198  	-0.0052  	-0.0292  	0.00389  	-0.0292  	0.01754  	0.01754  	-0.0334  	-0.0242  	0.02024  	0.04151  	0.01321  	0.06708  	0.06971  	-0.0679  	0.00374  	0.02783  	0.52534  	
-0.0941  	0.08496  	-0.2120  	0.08264  	0.02927  	0.17173  	0.24929  	0.04158  	0.22432  	0.28466  	-0.4004  	0.90655  	0.27181  	-0.1675  	-1.0884  	0.34962  	0.47255  	0.13207  	0.45826  	0.14971  	-0.1581  	0.53199  	0.27576  	-0.2373  	0.14336  	0.00792  	0.19078  	-0.3857  	-0.2704  	0.04677  	-0.0458  	-0.0099  	0.18346  	-0.2312  	0.03223  	0.07582  	0.12390  	-0.0031  	-0.2236  	-0.0680  	0.20700  	0.03418  	0.06401  	0.25055  	0.01595  	-0.0165  	-0.0529  	0.13550  	0.10446  	-0.1469  	-0.0503  	-0.0305  	-0.0112  	-0.0077  	-0.0256  	0.01300  	-0.0243  	0.01431  	0.01499  	-0.0279  	-0.0244  	0.00888  	0.04480  	0.01793  	0.07185  	0.06086  	-0.0688  	0.00403  	0.02828  	0.54417  	
-0.2359  	0.02531  	-0.2966  	0.04176  	0.11366  	0.07335  	0.26938  	-0.0167  	0.17771  	0.29785  	-0.4032  	0.84153  	0.23122  	-0.1993  	-1.1423  	0.32537  	0.46089  	0.09877  	0.45388  	0.17922  	-0.2137  	0.51453  	0.21145  	-0.1524  	0.21949  	0.01489  	0.27168  	-0.3825  	-0.2387  	0.06209  	-0.0535  	-0.0170  	0.14328  	-0.2011  	0.06742  	0.14232  	0.14420  	-0.0093  	-0.2533  	-0.0525  	0.17733  	0.04213  	0.02217  	0.26400  	0.02651  	-0.0171  	-0.0501  	0.12361  	0.09840  	-0.1518  	-0.0468  	-0.0318  	-0.0142  	-0.0102  	-0.0244  	0.01227  	-0.0128  	0.01571  	0.01991  	-0.0254  	-0.0292  	0.00238  	0.04795  	0.01480  	0.07687  	0.05558  	-0.0698  	0.00434  	0.02767  	0.54214  	
-0.5031  	-0.0521  	-0.4434  	-0.0546  	0.04846  	-0.0735  	0.25910  	-0.0967  	0.11329  	0.34899  	-0.2730  	0.79214  	0.15113  	-0.3739  	-1.2096  	0.26045  	0.45273  	0.13324  	0.45668  	0.19610  	-0.2282  	0.50202  	0.21266  	-0.1187  	0.15433  	0.03004  	0.24884  	-0.3428  	-0.2116  	0.06461  	-0.0393  	-0.0189  	0.13845  	-0.2266  	0.01605  	0.14582  	0.09076  	-0.0349  	-0.2530  	-0.0263  	0.14058  	0.06305  	0.00550  	0.25795  	0.02427  	-0.0198  	-0.0628  	0.11629  	0.08968  	-0.1454  	-0.0407  	-0.0236  	-0.0163  	-0.0128  	-0.0283  	0.00263  	-0.0104  	0.01647  	0.01633  	-0.0230  	-0.0297  	0.00409  	0.05514  	0.02397  	0.08131  	0.05447  	-0.0718  	0.00403  	0.02596  	0.54038  	
-0.6490  	-0.0825  	-0.5239  	-0.1507  	0.00283  	-0.1459  	0.23316  	-0.1260  	0.10035  	0.40030  	-0.2813  	0.85948  	0.16479  	-0.3979  	-1.2670  	0.15522  	0.48010  	0.13938  	0.43598  	0.22504  	-0.3551  	0.52500  	0.28118  	-0.2174  	0.11995  	0.05396  	0.12489  	-0.2579  	-0.1492  	0.02290  	-0.0029  	-0.0540  	0.13801  	-0.2084  	-0.0644  	0.15863  	0.01949  	-0.0494  	-0.1982  	-0.0561  	0.20910  	0.03796  	0.01683  	0.26430  	0.02640  	-0.0206  	-0.0473  	0.11800  	0.09366  	-0.1468  	-0.0535  	-0.0268  	-0.0160  	-0.0088  	-0.0227  	-0.0040  	-0.0100  	0.01628  	0.01643  	-0.0296  	-0.0246  	0.00794  	0.04610  	0.01952  	0.08419  	0.05903  	-0.0735  	0.00389  	0.02415  	0.52106  	
-0.6612  	-0.0931  	-0.5254  	-0.2326  	-0.0376  	-0.1578  	0.23122  	-0.1265  	0.10010  	0.40206  	-0.2509  	0.82911  	0.16857  	-0.4291  	-1.3255  	0.16592  	0.47361  	0.15130  	0.44104  	0.23402  	-0.3576  	0.52139  	0.29785  	-0.2338  	0.10246  	0.06097  	0.11109  	-0.2539  	-0.1428  	0.00755  	0.00082  	-0.0544  	0.13120  	-0.2080  	-0.0813  	0.15635  	0.02721  	-0.0426  	-0.2003  	-0.0585  	0.22895  	0.02874  	0.02448  	0.27330  	0.02257  	-0.0221  	-0.0469  	0.12358  	0.09117  	-0.1468  	-0.0600  	-0.0271  	-0.0138  	-0.0109  	-0.0209  	-0.0037  	-0.0135  	0.01561  	0.01666  	-0.0297  	-0.0224  	0.00855  	0.04450  	0.01894  	0.08294  	0.06837  	-0.0763  	0.00330  	0.02206  	0.50004  	
-0.6262  	-0.0807  	-0.4861  	-0.1966  	-0.0347  	-0.1307  	0.24035  	-0.1225  	0.12028  	0.37946  	-0.2774  	0.82064  	0.15147  	-0.4408  	-1.3020  	0.16978  	0.48372  	0.14024  	0.45756  	0.20909  	-0.3330  	0.52438  	0.30781  	-0.2217  	0.11711  	0.05346  	0.14022  	-0.2765  	-0.1567  	0.02044  	-0.0100  	-0.0437  	0.13676  	-0.2095  	-0.0879  	0.14358  	0.03255  	-0.0373  	-0.2050  	-0.0550  	0.22673  	0.04022  	0.02298  	0.27261  	0.02416  	-0.0201  	-0.0482  	0.12793  	0.09614  	-0.1454  	-0.0580  	-0.0272  	-0.0118  	-0.0071  	-0.0239  	-0.0020  	-0.0098  	0.01462  	0.01611  	-0.0321  	-0.0221  	0.00494  	0.04548  	0.01965  	0.07666  	0.08217  	-0.0796  	0.00343  	0.01942  	0.48024  	
-0.6176  	-0.0793  	-0.4623  	-0.2189  	-0.0385  	-0.1034  	0.26200  	-0.0965  	0.11501  	0.35419  	-0.2610  	0.79368  	0.15385  	-0.3989  	-1.2865  	0.18218  	0.46837  	0.12077  	0.45330  	0.19690  	-0.2982  	0.52849  	0.31149  	-0.1927  	0.10402  	0.06181  	0.15955  	-0.3008  	-0.1738  	0.03213  	-0.0133  	-0.0446  	0.14375  	-0.2180  	-0.0642  	0.13585  	0.06182  	-0.0423  	-0.2248  	-0.0581  	0.21854  	0.05547  	0.02566  	0.27527  	0.03025  	-0.0239  	-0.0468  	0.12008  	0.09634  	-0.1434  	-0.0595  	-0.0291  	-0.0126  	-0.0085  	-0.0246  	-0.0036  	-0.0055  	0.01509  	0.01697  	-0.0326  	-0.0246  	0.00838  	0.04268  	0.01869  	0.06713  	0.09960  	-0.0833  	0.00313  	0.01624  	0.47065  	
-0.3917  	-0.0406  	-0.4188  	0.00933  	0.08372  	0.02214  	0.21364  	-0.0211  	0.16166  	0.26516  	-0.3959  	0.93345  	0.22280  	-0.2762  	-1.0485  	0.25550  	0.49488  	0.11777  	0.45847  	0.21751  	-0.2559  	0.51053  	0.25891  	-0.1659  	0.10195  	0.07390  	0.19497  	-0.2984  	-0.2182  	0.05314  	-0.0203  	-0.0525  	0.16497  	-0.2173  	0.00465  	0.09213  	0.06682  	-0.0595  	-0.2425  	-0.0385  	0.15159  	0.04953  	0.02019  	0.26198  	0.03644  	-0.0199  	-0.0481  	0.11559  	0.08798  	-0.1316  	-0.0477  	-0.0298  	-0.0205  	-0.0141  	-0.0300  	0.00309  	-0.0130  	0.00856  	0.01607  	-0.0278  	-0.0333  	0.00909  	0.03873  	0.01673  	0.05606  	0.11770  	-0.0865  	0.00259  	0.01440  	0.48101  	
0.05004  	0.12173  	-0.1505  	0.27416  	0.18618  	0.31095  	0.27122  	0.07623  	0.19934  	0.24410  	-0.6925  	0.90862  	0.37543  	0.12274  	-0.6391  	0.20473  	0.48177  	0.04177  	0.41446  	0.08651  	-0.1319  	0.61516  	0.32247  	-0.1109  	0.11791  	0.02613  	0.32820  	-0.4735  	-0.3057  	0.08438  	-0.0228  	-0.0104  	0.18562  	-0.2093  	0.10015  	0.01950  	0.13840  	-0.0238  	-0.2266  	-0.0219  	0.12926  	0.05062  	0.04568  	0.28354  	0.02359  	-0.0253  	-0.0553  	0.15977  	0.10910  	-0.1499  	-0.0530  	-0.0313  	-0.0178  	-0.0191  	-0.0293  	0.02131  	-0.0171  	0.00645  	0.01070  	-0.0282  	-0.0241  	0.01521  	0.03353  	0.01734  	0.04371  	0.13225  	-0.0902  	0.00175  	0.01307  	0.48795  	
0.12729  	0.15697  	-0.1240  	0.31369  	0.14423  	0.36333  	0.24411  	0.13457  	0.21692  	0.23539  	-0.6028  	0.81853  	0.32656  	0.10907  	-0.7054  	0.27898  	0.47777  	-0.0154  	0.45014  	-0.0193  	-0.0566  	0.64862  	0.35359  	-0.0977  	0.13456  	0.00527  	0.41747  	-0.6455  	-0.4120  	0.07152  	-0.0481  	0.01522  	0.17915  	-0.2316  	0.18102  	0.00805  	0.23161  	0.00224  	-0.2885  	-0.0722  	0.10874  	0.05388  	0.04970  	0.28443  	0.01450  	-0.0221  	-0.0611  	0.15677  	0.11832  	-0.1406  	-0.0607  	-0.0276  	-0.0129  	-0.0070  	-0.0215  	0.02565  	-0.0243  	0.00875  	0.00810  	-0.0232  	-0.0281  	0.02284  	0.04422  	0.00949  	0.03174  	0.14167  	-0.0929  	0.00127  	0.01269  	0.50846  	
-0.0238  	0.11475  	-0.1855  	0.05262  	0.06116  	0.26004  	0.22067  	0.10623  	0.20581  	0.28093  	-0.3875  	0.87159  	0.27262  	-0.1653  	-1.0961  	0.37743  	0.47295  	0.11736  	0.48307  	0.12073  	-0.1206  	0.50878  	0.28019  	-0.1690  	0.06675  	0.02316  	0.26490  	-0.4962  	-0.3560  	0.01497  	-0.0379  	0.01951  	0.19337  	-0.2282  	0.08791  	0.07626  	0.16470  	0.01630  	-0.2582  	-0.0592  	0.18194  	0.04280  	0.04465  	0.26819  	0.01998  	-0.0160  	-0.0487  	0.14329  	0.11172  	-0.1418  	-0.0527  	-0.0280  	-0.0102  	-0.0067  	-0.0220  	0.01065  	-0.0213  	0.01478  	0.02292  	-0.0288  	-0.0250  	0.00796  	0.04443  	0.00816  	0.01980  	0.14616  	-0.0978  	0.00108  	0.01276  	0.51910  	
-0.3137  	0.00545  	-0.3484  	-0.1847  	-0.0519  	0.06862  	0.19630  	-0.0683  	0.14299  	0.39595  	-0.2750  	0.85949  	0.17514  	-0.2845  	-1.3543  	0.31652  	0.45083  	0.14063  	0.46921  	0.18827  	-0.2267  	0.48593  	0.24555  	-0.1733  	0.14105  	0.03615  	0.22306  	-0.3723  	-0.2918  	0.00321  	-0.0111  	-0.0068  	0.15929  	-0.2263  	0.01863  	0.15385  	0.13185  	-0.0224  	-0.2306  	-0.0473  	0.21157  	0.04097  	0.04749  	0.27811  	0.02199  	-0.0150  	-0.0436  	0.12909  	0.08919  	-0.1517  	-0.0444  	-0.0278  	-0.0096  	-0.0009  	-0.0244  	0.00500  	-0.0157  	0.01423  	0.01232  	-0.0259  	-0.0292  	0.00725  	0.05143  	0.01679  	0.01060  	0.14711  	-0.1025  	0.00187  	0.01289  	0.52848  	
-0.5559  	-0.0305  	-0.4478  	-0.2603  	-0.1008  	-0.0939  	0.24001  	-0.1153  	0.12620  	0.39721  	-0.2306  	0.78803  	0.11845  	-0.3707  	-1.4032  	0.23092  	0.48345  	0.12367  	0.46627  	0.17713  	-0.2471  	0.49441  	0.28141  	-0.1752  	0.13316  	0.04535  	0.21764  	-0.3454  	-0.2270  	0.03103  	-0.0195  	-0.0213  	0.11940  	-0.2247  	-0.0173  	0.19006  	0.10425  	-0.0365  	-0.2419  	-0.0654  	0.22263  	0.02763  	0.03446  	0.26561  	0.02822  	-0.0194  	-0.0443  	0.12069  	0.09378  	-0.1455  	-0.0490  	-0.0293  	-0.0083  	-0.0066  	-0.0189  	-0.0021  	-0.0063  	0.02017  	0.02499  	-0.0312  	-0.0290  	0.00951  	0.05396  	0.02199  	0.00200  	0.14748  	-0.1086  	0.00231  	0.01326  	0.53064  	
-0.6606  	-0.0727  	-0.4996  	-0.3905  	-0.1656  	-0.1070  	0.20056  	-0.1943  	0.09200  	0.40158  	-0.2265  	0.70962  	0.07834  	-0.5275  	-1.4033  	0.19180  	0.48507  	0.14898  	0.47362  	0.15940  	-0.2567  	0.47962  	0.33741  	-0.2340  	0.12085  	0.06910  	0.17624  	-0.3503  	-0.2336  	0.01763  	0.00484  	-0.0246  	0.11267  	-0.2145  	-0.0871  	0.19203  	0.11669  	-0.0295  	-0.2429  	-0.0884  	0.23990  	0.03445  	0.03563  	0.27972  	0.03522  	-0.0186  	-0.0555  	0.10561  	0.08223  	-0.1389  	-0.0567  	-0.0204  	-0.0094  	-0.0077  	-0.0260  	-0.0023  	-0.0105  	0.01784  	0.02113  	-0.0281  	-0.0249  	0.00624  	0.04939  	0.02313  	-0.0037  	0.14809  	-0.1134  	0.00368  	0.01367  	0.51178  	
-0.7414  	-0.0905  	-0.5140  	-0.4095  	-0.1431  	-0.1662  	0.22124  	-0.1967  	0.09361  	0.42580  	-0.2165  	0.73070  	0.10197  	-0.5464  	-1.4264  	0.18923  	0.47627  	0.14413  	0.46220  	0.16815  	-0.3367  	0.51093  	0.34617  	-0.2625  	0.10022  	0.08298  	0.12298  	-0.2938  	-0.1951  	0.01332  	0.01891  	-0.0427  	0.12727  	-0.2097  	-0.1355  	0.19746  	0.07796  	-0.0350  	-0.2171  	-0.0751  	0.26082  	0.02955  	0.04550  	0.28785  	0.02873  	-0.0247  	-0.0502  	0.10891  	0.08275  	-0.1385  	-0.0617  	-0.0219  	-0.0124  	-0.0087  	-0.0273  	-0.0050  	-0.0148  	0.01796  	0.01804  	-0.0268  	-0.0233  	0.00949  	0.05068  	0.02354  	-0.0057  	0.14867  	-0.1200  	0.00501  	0.01251  	0.50967  	
-0.7377  	-0.0886  	-0.5076  	-0.4389  	-0.1510  	-0.1617  	0.23475  	-0.1969  	0.10169  	0.41971  	-0.2247  	0.73295  	0.10551  	-0.5859  	-1.4662  	0.19933  	0.47708  	0.14164  	0.46459  	0.15412  	-0.3722  	0.52092  	0.36772  	-0.2676  	0.10475  	0.08810  	0.13867  	-0.2648  	-0.1545  	0.01516  	0.01534  	-0.0498  	0.11854  	-0.2132  	-0.1530  	0.19763  	0.06496  	-0.0406  	-0.2144  	-0.0768  	0.27573  	0.02724  	0.05733  	0.30560  	0.02787  	-0.0234  	-0.0493  	0.11856  	0.09020  	-0.1406  	-0.0581  	-0.0229  	-0.0140  	-0.0087  	-0.0250  	-0.0028  	-0.0175  	0.01688  	0.02110  	-0.0295  	-0.0218  	0.01010  	0.04862  	0.02331  	-0.0043  	0.14988  	-0.1262  	0.00631  	0.01126  	0.52265  	
-0.7110  	-0.0742  	-0.4940  	-0.4030  	-0.1385  	-0.1422  	0.22566  	-0.1840  	0.11422  	0.40043  	-0.2530  	0.75413  	0.10349  	-0.5769  	-1.4424  	0.21125  	0.48634  	0.14166  	0.46958  	0.14402  	-0.3497  	0.51716  	0.38754  	-0.2741  	0.08267  	0.08671  	0.13224  	-0.2681  	-0.1591  	0.00788  	0.00272  	-0.0429  	0.11757  	-0.2125  	-0.1556  	0.18136  	0.06901  	-0.0351  	-0.2165  	-0.0742  	0.27456  	0.02709  	0.05748  	0.30654  	0.02458  	-0.0221  	-0.0467  	0.11990  	0.09236  	-0.1436  	-0.0584  	-0.0229  	-0.0150  	-0.0067  	-0.0236  	-0.0024  	-0.0178  	0.01653  	0.02347  	-0.0299  	-0.0235  	0.01085  	0.04742  	0.02290  	-0.0031  	0.15305  	-0.1334  	0.00675  	0.00986  	0.52859  	
-0.6475  	-0.0708  	-0.4834  	-0.3367  	-0.1038  	-0.1269  	0.22010  	-0.1722  	0.11083  	0.39875  	-0.2893  	0.78418  	0.12063  	-0.5546  	-1.3896  	0.22028  	0.49161  	0.13986  	0.47004  	0.13698  	-0.3375  	0.53235  	0.37034  	-0.2758  	0.09541  	0.07839  	0.13247  	-0.2888  	-0.1702  	0.02041  	-0.0022  	-0.0448  	0.11410  	-0.2129  	-0.1575  	0.17525  	0.05765  	-0.0343  	-0.2202  	-0.0644  	0.26642  	0.03011  	0.05416  	0.29711  	0.01964  	-0.0194  	-0.0426  	0.12365  	0.09470  	-0.1484  	-0.0571  	-0.0225  	-0.0159  	-0.0050  	-0.0268  	-0.0058  	-0.0148  	0.01492  	0.02292  	-0.0302  	-0.0250  	0.00832  	0.04782  	0.02412  	-0.0010  	0.15758  	-0.1389  	0.00769  	0.00892  	0.51019  	
-0.5490  	-0.0599  	-0.4369  	-0.2642  	-0.0687  	-0.0822  	0.22014  	-0.1107  	0.10582  	0.36814  	-0.3362  	0.80922  	0.13212  	-0.4879  	-1.3219  	0.22976  	0.49437  	0.12529  	0.49087  	0.11994  	-0.3059  	0.55039  	0.36678  	-0.2395  	0.12482  	0.06669  	0.20530  	-0.3361  	-0.2045  	0.04426  	-0.0136  	-0.0290  	0.10948  	-0.2257  	-0.1149  	0.15768  	0.07386  	-0.0310  	-0.2318  	-0.0487  	0.25051  	0.04812  	0.03538  	0.29383  	0.01902  	-0.0242  	-0.0452  	0.12470  	0.09227  	-0.1443  	-0.0585  	-0.0238  	-0.0139  	-0.0052  	-0.0259  	-0.0082  	-0.0097  	0.01408  	0.01679  	-0.0314  	-0.0292  	0.00784  	0.04715  	0.02277  	0.00193  	0.16444  	-0.1454  	0.00785  	0.00729  	0.51219  	
-0.4403  	-0.0124  	-0.4158  	-0.0642  	0.03190  	0.03895  	0.19146  	-0.0934  	0.11950  	0.27885  	-0.4285  	0.87452  	0.16819  	-0.4384  	-1.1968  	0.23461  	0.52138  	0.09566  	0.47487  	0.14412  	-0.2887  	0.54293  	0.31665  	-0.2221  	0.15268  	0.07078  	0.26259  	-0.3194  	-0.2032  	0.07574  	-0.0217  	-0.0330  	0.13794  	-0.2106  	-0.0574  	0.15754  	0.06825  	-0.0404  	-0.2338  	-0.0656  	0.17713  	0.06228  	0.02148  	0.28193  	0.02533  	-0.0207  	-0.0563  	0.12122  	0.08911  	-0.1445  	-0.0594  	-0.0343  	-0.0041  	-0.0097  	-0.0266  	-0.0026  	-0.0097  	0.01625  	0.01735  	-0.0297  	-0.0331  	0.00758  	0.05222  	0.02641  	0.00511  	0.17137  	-0.1498  	0.00787  	0.00646  	0.51485  	
-0.4555  	0.00659  	-0.4253  	-0.1630  	-0.0061  	-0.0040  	0.19330  	-0.0907  	0.12294  	0.32358  	-0.4156  	0.89012  	0.18913  	-0.3566  	-1.2381  	0.18918  	0.51056  	0.11922  	0.45215  	0.17296  	-0.3032  	0.56559  	0.35883  	-0.2591  	0.08833  	0.07077  	0.13440  	-0.2628  	-0.1659  	0.03556  	-0.0055  	-0.0703  	0.13514  	-0.1903  	-0.1010  	0.14780  	0.03637  	-0.0334  	-0.2052  	-0.0617  	0.24391  	0.02582  	0.06516  	0.28622  	0.01429  	-0.0308  	-0.0454  	0.12810  	0.09374  	-0.1422  	-0.0607  	-0.0284  	-0.0145  	-0.0066  	-0.0239  	-0.0085  	-0.0123  	0.01672  	0.01752  	-0.0359  	-0.0279  	0.01234  	0.05102  	0.02114  	0.00649  	0.17932  	-0.1547  	0.00737  	0.00600  	0.51536  	
-0.4208  	0.00256  	-0.3839  	-0.0193  	0.06700  	0.02154  	0.18806  	-0.0997  	0.10888  	0.30658  	-0.4043  	0.89008  	0.18510  	-0.3479  	-1.1908  	0.24072  	0.49989  	0.08397  	0.45121  	0.18903  	-0.2993  	0.55326  	0.29755  	-0.2202  	0.13428  	0.04989  	0.16600  	-0.2829  	-0.1819  	0.06275  	-0.0277  	-0.0436  	0.14398  	-0.1922  	-0.0384  	0.16315  	0.03478  	-0.0400  	-0.2052  	-0.0568  	0.21015  	0.03205  	0.04032  	0.28133  	0.01710  	-0.0253  	-0.0491  	0.13281  	0.08969  	-0.1354  	-0.0566  	-0.0319  	-0.0112  	-0.0069  	-0.0270  	-0.0029  	-0.0083  	0.01876  	0.02066  	-0.0319  	-0.0283  	-0.0007  	0.05212  	0.01610  	0.00665  	0.18657  	-0.1584  	0.00743  	0.00637  	0.50319  	
-0.4676  	-0.0058  	-0.3750  	-0.0845  	0.05403  	-0.0810  	0.17164  	-0.0825  	0.09147  	0.34079  	-0.4132  	0.90928  	0.23886  	-0.4558  	-1.1855  	0.17140  	0.58725  	0.00482  	0.52800  	-0.0339  	-0.3063  	0.31163  	0.03789  	-0.2506  	0.03074  	0.17209  	0.07009  	-0.3120  	-0.0523  	0.01792  	0.09855  	-0.0942  	0.05295  	-0.3569  	-0.1490  	0.14432  	-0.1053  	-0.0516  	-0.3027  	-0.1236  	0.33198  	0.15460  	-0.0645  	0.37410  	-0.0408  	-0.0034  	-0.0712  	0.15561  	0.08266  	-0.1551  	-0.0438  	-0.0235  	-0.0121  	0.00590  	-0.0167  	-0.0080  	-0.0084  	0.01122  	0.01658  	-0.0267  	-0.0227  	-0.0012  	0.03203  	0.02002  	0.00434  	0.19332  	-0.1637  	0.00744  	0.00667  	0.49784  	
-0.5202  	-0.0267  	-0.3506  	-0.0921  	0.03716  	-0.1445  	0.16414  	-0.0117  	0.06459  	0.34469  	-0.2588  	0.89599  	0.25472  	-0.5254  	-1.1596  	0.14881  	0.63075  	-0.1347  	0.59006  	-0.2218  	-0.1996  	0.09362  	-0.2440  	-0.2127  	0.03019  	0.22355  	0.14196  	-0.3909  	-0.0245  	0.01740  	0.19825  	-0.1249  	-0.0352  	-0.5139  	-0.1551  	0.11670  	-0.1420  	-0.0574  	-0.4140  	-0.2150  	0.33133  	0.28412  	-0.1974  	0.41242  	-0.0809  	0.01088  	-0.0935  	0.16447  	0.06501  	-0.1611  	-0.0338  	-0.0184  	-0.0008  	0.01918  	-0.0132  	-0.0098  	-0.0094  	0.00067  	0.01611  	-0.0174  	-0.0217  	-0.0001  	0.02768  	0.02415  	0.00126  	0.19758  	-0.1680  	0.00764  	0.00776  	0.49871  	
-0.5008  	0.01012  	-0.3959  	0.10078  	0.18028  	-0.1022  	0.15974  	0.05590  	0.07916  	0.28171  	-0.3049  	0.98045  	0.30845  	-0.3939  	-1.0102  	0.10685  	0.65965  	-0.2282  	0.58848  	-0.2997  	-0.1405  	0.04663  	-0.2949  	-0.1668  	0.01141  	0.25323  	0.19452  	-0.4141  	-0.0180  	0.03053  	0.20738  	-0.1500  	-0.0448  	-0.5330  	-0.1352  	0.07030  	-0.1836  	-0.0635  	-0.4551  	-0.1887  	0.27228  	0.33362  	-0.2374  	0.40842  	-0.0831  	0.01779  	-0.0942  	0.14925  	0.06301  	-0.1675  	-0.0301  	-0.0157  	-0.0211  	0.03442  	-0.0157  	-0.0069  	-0.0078  	-0.0073  	0.02491  	-0.0076  	-0.0228  	-0.0005  	0.01966  	0.01242  	-0.0038  	0.20002  	-0.1729  	0.00802  	0.00910  	0.48155  	
-0.3009  	0.05940  	-0.3388  	0.33291  	0.33697  	0.05497  	0.16880  	0.13016  	0.12293  	0.23221  	-0.5165  	1.06477  	0.36459  	-0.1837  	-0.8051  	0.18707  	0.66647  	-0.1665  	0.57329  	-0.2279  	-0.1967  	0.09213  	-0.2949  	-0.2306  	0.04650  	0.23868  	0.16978  	-0.2895  	0.01983  	0.06899  	0.15366  	-0.1454  	-0.0153  	-0.4961  	-0.0547  	0.06917  	-0.1927  	-0.0634  	-0.3880  	-0.1738  	0.25544  	0.29847  	-0.1887  	0.39266  	-0.0801  	0.01667  	-0.0987  	0.15974  	0.06889  	-0.1730  	-0.0378  	-0.0189  	-0.0141  	0.02471  	-0.0124  	0.00143  	-0.0140  	-0.0102  	0.03249  	0.00011  	-0.0304  	0.00999  	0.01631  	0.02082  	-0.0085  	0.19940  	-0.1766  	0.00950  	0.01002  	0.47683  	
-0.2699  	0.07937  	-0.3848  	0.33567  	0.33802  	0.09397  	0.20820  	0.08389  	0.14057  	0.23424  	-0.5793  	1.06300  	0.33988  	-0.0764  	-0.8459  	0.21932  	0.57571  	-0.0281  	0.49089  	-0.0128  	-0.2611  	0.31726  	-0.1322  	-0.2783  	0.10097  	0.16134  	0.14642  	-0.2128  	-0.0237  	0.10130  	0.06069  	-0.1142  	0.07657  	-0.3515  	-0.0243  	0.08615  	-0.1128  	-0.0782  	-0.2629  	-0.1114  	0.18871  	0.18791  	-0.0940  	0.32843  	-0.0359  	-0.0013  	-0.0792  	0.15579  	0.08163  	-0.1565  	-0.0418  	-0.0266  	-0.0154  	0.00865  	-0.0200  	0.01128  	-0.0097  	-0.0009  	0.02453  	-0.0150  	-0.0344  	0.01085  	0.02533  	0.02118  	-0.0220  	0.20304  	-0.1903  	0.01028  	0.01067  	0.47586  	
-0.3132  	0.05254  	-0.4670  	0.31327  	0.33659  	0.10677  	0.23749  	0.04194  	0.16424  	0.26158  	-0.5592  	1.08139  	0.30401  	-0.0329  	-0.9090  	0.28454  	0.47470  	0.14776  	0.43967  	0.28187  	-0.3201  	0.53470  	0.13931  	-0.2691  	0.16196  	0.06635  	0.14454  	-0.0893  	-0.1001  	0.08257  	-0.0465  	-0.0752  	0.18910  	-0.1846  	0.04890  	0.10797  	-0.0348  	-0.0856  	-0.1337  	-0.0190  	0.11467  	0.05514  	0.01501  	0.26107  	0.02545  	-0.0213  	-0.0569  	0.13637  	0.09023  	-0.1381  	-0.0499  	-0.0316  	-0.0139  	-0.0119  	-0.0211  	0.01209  	-0.0098  	0.01177  	0.02713  	-0.0227  	-0.0381  	0.01622  	0.04241  	0.02358  	-0.0278  	0.19942  	-0.1932  	0.01044  	0.01267  	0.48979  	
-0.3325  	0.01485  	-0.4969  	0.28424  	0.31561  	0.04858  	0.24695  	-0.0060  	0.14564  	0.28066  	-0.5360  	1.04268  	0.31071  	-0.0774  	-0.9500  	0.25537  	0.46521  	0.15414  	0.41075  	0.31631  	-0.3511  	0.51639  	0.13610  	-0.2872  	0.15343  	0.07014  	0.09228  	-0.0784  	-0.0784  	0.08494  	-0.0402  	-0.0688  	0.20506  	-0.1867  	0.04412  	0.09700  	-0.0516  	-0.0857  	-0.1438  	-0.0323  	0.14265  	0.04950  	0.00955  	0.26053  	0.02387  	-0.0190  	-0.0507  	0.12947  	0.08926  	-0.1351  	-0.0430  	-0.0302  	-0.0202  	-0.0210  	-0.0266  	0.00855  	-0.0075  	0.01808  	0.01962  	-0.0290  	-0.0286  	0.01251  	0.04674  	0.02009  	-0.0269  	0.18787  	-0.1882  	0.00995  	0.01549  	0.48207  	
-0.3414  	0.00274  	-0.5182  	0.30060  	0.33494  	-0.0015  	0.25998  	-0.0133  	0.14939  	0.30249  	-0.5248  	1.04589  	0.33769  	-0.0532  	-0.9814  	0.26793  	0.43940  	0.17194  	0.40073  	0.34318  	-0.3683  	0.49197  	0.10126  	-0.3021  	0.15017  	0.07534  	0.07643  	-0.0546  	-0.0671  	0.09168  	-0.0354  	-0.0768  	0.20746  	-0.1801  	0.05419  	0.09919  	-0.0664  	-0.0941  	-0.1388  	-0.0261  	0.13755  	0.05587  	0.01247  	0.25801  	0.02614  	-0.0199  	-0.0543  	0.13428  	0.08950  	-0.1351  	-0.0440  	-0.0322  	-0.0218  	-0.0181  	-0.0285  	0.01207  	-0.0055  	0.01606  	0.01761  	-0.0299  	-0.0309  	0.01376  	0.04752  	0.02024  	-0.0186  	0.16811  	-0.1751  	0.00938  	0.01894  	0.48734  	
-0.3745  	-0.0077  	-0.5703  	0.33514  	0.37115  	-0.0065  	0.27706  	-0.0124  	0.15267  	0.32553  	-0.5059  	1.05778  	0.34178  	-0.0338  	-0.9605  	0.25034  	0.42531  	0.15000  	0.40975  	0.34444  	-0.3815  	0.49882  	0.08073  	-0.2802  	0.15951  	0.07874  	0.06826  	-0.0573  	-0.0685  	0.09497  	-0.0407  	-0.0801  	0.20919  	-0.1785  	0.06741  	0.10385  	-0.0770  	-0.1029  	-0.1420  	-0.0123  	0.12549  	0.06105  	0.01296  	0.25882  	0.03448  	-0.0210  	-0.0491  	0.12978  	0.09611  	-0.1399  	-0.0453  	-0.0322  	-0.0220  	-0.0121  	-0.0302  	0.00796  	-0.0078  	0.01530  	0.01858  	-0.0263  	-0.0349  	0.00846  	0.04592  	0.01778  	-0.0039  	0.14278  	-0.1585  	0.00841  	0.02195  	0.49984  	
-0.4026  	-0.0408  	-0.6082  	0.37283  	0.41008  	-0.0457  	0.28925  	-0.0324  	0.14650  	0.35699  	-0.4818  	1.07864  	0.35921  	-0.0168  	-0.9776  	0.24813  	0.38705  	0.14960  	0.38206  	0.35905  	-0.3986  	0.48779  	0.04158  	-0.2667  	0.15777  	0.07863  	0.05529  	-0.0264  	-0.0692  	0.09790  	-0.0459  	-0.0856  	0.21150  	-0.1740  	0.07285  	0.11064  	-0.1009  	-0.1214  	-0.1520  	-0.0192  	0.11523  	0.06435  	0.00677  	0.25855  	0.04190  	-0.0236  	-0.0463  	0.12682  	0.09849  	-0.1371  	-0.0387  	-0.0341  	-0.0232  	-0.0096  	-0.0307  	0.00554  	-0.0003  	0.01607  	0.01341  	-0.0256  	-0.0399  	0.00738  	0.04084  	0.01831  	0.01509  	0.11505  	-0.1380  	0.00762  	0.02503  	0.50620  	
-0.4446  	-0.0534  	-0.6171  	0.36929  	0.41922  	-0.0590  	0.29136  	-0.0304  	0.15125  	0.36053  	-0.4716  	1.09465  	0.35452  	-0.0185  	-0.9815  	0.25645  	0.37469  	0.15010  	0.37339  	0.36208  	-0.3880  	0.49629  	0.05003  	-0.2379  	0.14158  	0.08299  	0.05315  	-0.0270  	-0.0682  	0.08887  	-0.0519  	-0.0895  	0.21212  	-0.1754  	0.06678  	0.11247  	-0.1013  	-0.1276  	-0.1624  	-0.0195  	0.10807  	0.06193  	-0.0022  	0.25689  	0.04449  	-0.0236  	-0.0442  	0.12503  	0.10142  	-0.1388  	-0.0370  	-0.0345  	-0.0218  	-0.0067  	-0.0305  	0.00364  	0.00098  	0.01563  	0.01456  	-0.0253  	-0.0416  	0.00768  	0.03550  	0.01629  	0.03504  	0.08980  	-0.1183  	0.00620  	0.02708  	0.51969  	
-0.5413  	-0.0843  	-0.6544  	0.24049  	0.32612  	-0.1435  	0.28653  	-0.0352  	0.15665  	0.41207  	-0.3850  	1.07609  	0.32083  	-0.0915  	-1.0610  	0.24952  	0.35269  	0.15266  	0.38679  	0.35849  	-0.3490  	0.50034  	0.10255  	-0.2445  	0.09829  	0.10403  	0.04589  	-0.0570  	-0.0779  	0.05970  	-0.0424  	-0.0985  	0.20694  	-0.1823  	0.05672  	0.10037  	-0.0902  	-0.1126  	-0.1817  	-0.0182  	0.11400  	0.06270  	-0.0140  	0.25756  	0.04346  	-0.0253  	-0.0405  	0.11853  	0.09731  	-0.1420  	-0.0512  	-0.0377  	-0.0213  	-0.0019  	-0.0273  	-0.0031  	-0.0017  	0.01875  	0.01300  	-0.0234  	-0.0389  	0.00513  	0.04411  	0.01896  	0.05406  	0.07080  	-0.0984  	0.00541  	0.02837  	0.50874  	
-0.5552  	-0.0768  	-0.6568  	0.19091  	0.28335  	-0.1465  	0.27930  	-0.0283  	0.16539  	0.42254  	-0.3627  	1.06411  	0.30875  	-0.1105  	-1.0756  	0.22755  	0.35742  	0.15305  	0.39852  	0.36544  	-0.3350  	0.50038  	0.12072  	-0.2466  	0.08420  	0.10640  	0.03881  	-0.0541  	-0.0793  	0.05207  	-0.0405  	-0.0968  	0.20868  	-0.1816  	0.04725  	0.10101  	-0.0876  	-0.1078  	-0.1814  	-0.0136  	0.12374  	0.06102  	-0.0169  	0.25761  	0.03906  	-0.0257  	-0.0397  	0.12005  	0.09627  	-0.1416  	-0.0539  	-0.0359  	-0.0202  	0.00024  	-0.0272  	-0.0029  	-0.0048  	0.01850  	0.01363  	-0.0248  	-0.0353  	0.00478  	0.04645  	0.01686  	0.06984  	0.05971  	-0.0829  	0.00451  	0.02760  	0.51310  	
-0.5775  	-0.0759  	-0.6469  	0.15000  	0.24303  	-0.1511  	0.27558  	-0.0256  	0.16539  	0.43611  	-0.3370  	1.04830  	0.29544  	-0.1314  	-1.0957  	0.21768  	0.36836  	0.15862  	0.41656  	0.37258  	-0.3287  	0.50575  	0.13237  	-0.2404  	0.06722  	0.10834  	0.02796  	-0.0540  	-0.0851  	0.04548  	-0.0377  	-0.0933  	0.20951  	-0.1771  	0.03671  	0.10292  	-0.0758  	-0.0999  	-0.1865  	-0.0192  	0.13339  	0.05660  	-0.0154  	0.25678  	0.03554  	-0.0267  	-0.0370  	0.12179  	0.09624  	-0.1434  	-0.0579  	-0.0336  	-0.0185  	0.00151  	-0.0270  	-0.0026  	-0.0088  	0.01847  	0.01461  	-0.0241  	-0.0329  	0.00382  	0.04559  	0.01458  	0.08146  	0.05649  	-0.0716  	0.00401  	0.02596  	0.51178  	
-0.5571  	-0.0677  	-0.6379  	0.14116  	0.23851  	-0.1387  	0.27218  	-0.0226  	0.16808  	0.42949  	-0.3538  	1.04191  	0.29333  	-0.1380  	-1.0934  	0.22239  	0.37598  	0.15831  	0.42012  	0.36138  	-0.3279  	0.49981  	0.13234  	-0.2489  	0.07507  	0.10669  	0.04202  	-0.0601  	-0.0883  	0.04943  	-0.0353  	-0.0887  	0.20305  	-0.1786  	0.04289  	0.10059  	-0.0726  	-0.0956  	-0.1888  	-0.0189  	0.13835  	0.05679  	-0.0086  	0.25654  	0.03585  	-0.0271  	-0.0383  	0.11994  	0.09424  	-0.1400  	-0.0554  	-0.0334  	-0.0201  	0.00175  	-0.0268  	-0.0027  	-0.0055  	0.01796  	0.01450  	-0.0217  	-0.0326  	0.00499  	0.04977  	0.01545  	0.08553  	0.06228  	-0.0680  	0.00391  	0.02299  	0.50377  	
-0.5182  	-0.0595  	-0.6381  	0.17631  	0.25949  	-0.1040  	0.26909  	-0.0202  	0.17178  	0.41887  	-0.3793  	1.05730  	0.29988  	-0.1243  	-1.0701  	0.22748  	0.38236  	0.15394  	0.41520  	0.35473  	-0.3357  	0.50130  	0.12505  	-0.2470  	0.08651  	0.10571  	0.04309  	-0.0535  	-0.0824  	0.05445  	-0.0346  	-0.0874  	0.20232  	-0.1794  	0.04701  	0.10425  	-0.0850  	-0.0954  	-0.1876  	-0.0141  	0.13943  	0.05368  	-0.0026  	0.25614  	0.03601  	-0.0258  	-0.0392  	0.11986  	0.09475  	-0.1385  	-0.0511  	-0.0336  	-0.0229  	-0.0005  	-0.0275  	-0.0033  	-0.0046  	0.01884  	0.01513  	-0.0216  	-0.0329  	0.00431  	0.05067  	0.01551  	0.08039  	0.07786  	-0.0717  	0.00459  	0.01961  	0.48966  	
-0.4380  	-0.0417  	-0.6200  	0.25082  	0.30621  	-0.0393  	0.26379  	-0.0031  	0.15991  	0.38155  	-0.4389  	1.06211  	0.31794  	-0.0813  	-1.0144  	0.23992  	0.40618  	0.15848  	0.42003  	0.35252  	-0.3619  	0.50483  	0.09418  	-0.2557  	0.12717  	0.09873  	0.04482  	-0.0477  	-0.0640  	0.06905  	-0.0425  	-0.0785  	0.20713  	-0.1840  	0.06151  	0.10755  	-0.0923  	-0.0950  	-0.1686  	-0.0125  	0.13886  	0.05031  	0.00648  	0.26190  	0.03286  	-0.0241  	-0.0395  	0.12321  	0.09702  	-0.1376  	-0.0443  	-0.0347  	-0.0252  	-0.0081  	-0.0277  	-0.0018  	-0.0085  	0.02056  	0.01576  	-0.0228  	-0.0372  	0.00272  	0.04997  	0.01872  	0.06419  	0.10346  	-0.0855  	0.00425  	0.01643  	0.47339  	
-0.3885  	-0.0256  	-0.6068  	0.29504  	0.32801  	-0.0109  	0.26723  	0.01018  	0.14934  	0.35880  	-0.4649  	1.07024  	0.32083  	-0.0648  	-0.9780  	0.24881  	0.41976  	0.15468  	0.41989  	0.35364  	-0.3679  	0.50296  	0.08699  	-0.2608  	0.14606  	0.09544  	0.04756  	-0.0473  	-0.0605  	0.07302  	-0.0445  	-0.0750  	0.21012  	-0.1862  	0.05834  	0.10407  	-0.0894  	-0.0964  	-0.1583  	-0.0169  	0.14050  	0.05016  	0.01192  	0.26406  	0.03137  	-0.0217  	-0.0415  	0.12561  	0.09636  	-0.1389  	-0.0412  	-0.0354  	-0.0241  	-0.0119  	-0.0294  	0.00083  	-0.0099  	0.01973  	0.01446  	-0.0248  	-0.0385  	0.00106  	0.04628  	0.01949  	0.05480  	0.12325  	-0.0897  	0.00366  	0.01424  	0.48519  	
-0.3906  	-0.0243  	-0.6002  	0.28842  	0.33258  	-0.0142  	0.27047  	0.00407  	0.14288  	0.35759  	-0.4635  	1.06817  	0.32210  	-0.0566  	-0.9902  	0.24234  	0.41657  	0.15210  	0.41956  	0.35855  	-0.3658  	0.50880  	0.07630  	-0.2689  	0.15932  	0.08992  	0.05509  	-0.0541  	-0.0607  	0.07937  	-0.0416  	-0.0793  	0.20702  	-0.1819  	0.06503  	0.11026  	-0.0803  	-0.1004  	-0.1531  	-0.0205  	0.13325  	0.05445  	0.01128  	0.26357  	0.03175  	-0.0217  	-0.0408  	0.12562  	0.09776  	-0.1400  	-0.0404  	-0.0377  	-0.0242  	-0.0115  	-0.0289  	0.00367  	-0.0087  	0.01887  	0.01285  	-0.0264  	-0.0376  	0.00067  	0.04693  	0.01924  	0.04537  	0.13871  	-0.0948  	0.00282  	0.01239  	0.49104  	
-0.3837  	-0.0076  	-0.5941  	0.28381  	0.32864  	0.00250  	0.26744  	0.00927  	0.14841  	0.33073  	-0.4880  	1.06336  	0.32101  	-0.0539  	-0.9686  	0.24123  	0.43311  	0.14880  	0.42859  	0.35317  	-0.3572  	0.51520  	0.08835  	-0.2764  	0.16531  	0.08336  	0.06606  	-0.0684  	-0.0634  	0.07915  	-0.0402  	-0.0752  	0.20853  	-0.1832  	0.06287  	0.10454  	-0.0659  	-0.0967  	-0.1440  	-0.0176  	0.13047  	0.05392  	0.01019  	0.26361  	0.03532  	-0.0201  	-0.0442  	0.12781  	0.09678  	-0.1416  	-0.0415  	-0.0350  	-0.0230  	-0.0117  	-0.0298  	0.00661  	-0.0100  	0.01788  	0.01427  	-0.0260  	-0.0350  	0.00420  	0.04565  	0.01869  	0.03769  	0.14800  	-0.0991  	0.00220  	0.01133  	0.51521  	
-0.3669  	-0.0079  	-0.5813  	0.27585  	0.32239  	0.00597  	0.26623  	0.00036  	0.15085  	0.32042  	-0.5030  	1.05968  	0.32291  	-0.0587  	-0.9637  	0.24434  	0.44024  	0.15310  	0.42580  	0.35003  	-0.3565  	0.51535  	0.09854  	-0.2837  	0.16371  	0.08051  	0.06336  	-0.0727  	-0.0673  	0.07886  	-0.0372  	-0.0736  	0.21082  	-0.1832  	0.05440  	0.09880  	-0.0616  	-0.0910  	-0.1432  	-0.0224  	0.13500  	0.05291  	0.01401  	0.26291  	0.03249  	-0.0196  	-0.0437  	0.12864  	0.09571  	-0.1415  	-0.0423  	-0.0331  	-0.0217  	-0.0124  	-0.0308  	0.00796  	-0.0091  	0.01724  	0.01432  	-0.0272  	-0.0327  	0.00636  	0.04501  	0.01919  	0.03086  	0.15272  	-0.1054  	0.00180  	0.01080  	0.52443  	
-0.3293  	0.00540  	-0.5303  	0.31002  	0.35048  	0.04000  	0.26839  	-0.0214  	0.15812  	0.31009  	-0.5497  	1.08208  	0.31865  	-0.0038  	-0.8884  	0.25740  	0.44072  	0.15035  	0.43136  	0.32009  	-0.3530  	0.53939  	0.08682  	-0.2657  	0.18016  	0.06975  	0.09017  	-0.0958  	-0.0899  	0.08692  	-0.0336  	-0.0725  	0.20556  	-0.1758  	0.05425  	0.09283  	-0.0407  	-0.0938  	-0.1428  	-0.0265  	0.12708  	0.06381  	0.01878  	0.26315  	0.03835  	-0.0162  	-0.0527  	0.13465  	0.09214  	-0.1425  	-0.0548  	-0.0306  	-0.0186  	-0.0107  	-0.0297  	0.00536  	-0.0114  	0.01618  	0.01820  	-0.0295  	-0.0362  	0.01279  	0.03931  	0.01997  	0.02680  	0.15445  	-0.1109  	0.00232  	0.01035  	0.53118  	
-0.3290  	0.00909  	-0.5092  	0.26860  	0.31556  	0.04433  	0.26025  	-0.0163  	0.17507  	0.32338  	-0.5303  	1.07890  	0.29318  	-0.0134  	-0.9095  	0.24308  	0.46021  	0.15486  	0.43530  	0.28791  	-0.3273  	0.53088  	0.10428  	-0.2612  	0.16821  	0.06733  	0.11790  	-0.1229  	-0.1101  	0.08875  	-0.0238  	-0.0698  	0.20387  	-0.1798  	0.03516  	0.09622  	-0.0261  	-0.0917  	-0.1548  	-0.0308  	0.12146  	0.06755  	0.02839  	0.25583  	0.04099  	-0.0133  	-0.0548  	0.13291  	0.09705  	-0.1411  	-0.0577  	-0.0327  	-0.0204  	-0.0044  	-0.0309  	0.00599  	-0.0119  	0.01870  	0.02025  	-0.0296  	-0.0394  	0.01050  	0.03925  	0.01858  	0.02290  	0.15528  	-0.1171  	0.00264  	0.01046  	0.52955  	
-0.3932  	-0.0032  	-0.4915  	0.14815  	0.20298  	0.01759  	0.23001  	-0.0151  	0.17729  	0.33261  	-0.4814  	1.01937  	0.24084  	-0.1419  	-0.9736  	0.22227  	0.49138  	0.14678  	0.43265  	0.25758  	-0.2709  	0.49060  	0.20020  	-0.2426  	0.14022  	0.06434  	0.14961  	-0.1945  	-0.1637  	0.06649  	-0.0278  	-0.0657  	0.18456  	-0.1961  	0.01794  	0.08208  	0.00700  	-0.0662  	-0.1858  	-0.0454  	0.12876  	0.04873  	0.02437  	0.24890  	0.03650  	-0.0155  	-0.0504  	0.11764  	0.09671  	-0.1401  	-0.0512  	-0.0316  	-0.0213  	-0.0082  	-0.0325  	0.00018  	-0.0141  	0.01973  	0.02096  	-0.0229  	-0.0377  	0.00980  	0.04854  	0.01942  	0.02125  	0.15721  	-0.1211  	0.00377  	0.01085  	0.50145  	
-0.3756  	0.01377  	-0.3934  	0.05877  	0.12880  	0.05445  	0.22365  	-0.0807  	0.15992  	0.34942  	-0.4500  	0.93584  	0.20272  	-0.2589  	-1.0606  	0.24176  	0.50179  	0.14460  	0.47473  	0.19506  	-0.2258  	0.52366  	0.25704  	-0.2205  	0.18636  	0.02872  	0.21776  	-0.2903  	-0.2016  	0.09886  	-0.0295  	-0.0389  	0.15705  	-0.2104  	-0.0246  	0.08776  	0.06590  	-0.0425  	-0.2219  	-0.0433  	0.15236  	0.03839  	0.01480  	0.25452  	0.03361  	-0.0120  	-0.0609  	0.11989  	0.08991  	-0.1486  	-0.0493  	-0.0267  	-0.0179  	-0.0112  	-0.0360  	0.01130  	-0.0164  	0.01601  	0.01507  	-0.0272  	-0.0249  	0.00189  	0.03845  	0.00652  	0.02214  	0.15901  	-0.1267  	0.00499  	0.00983  	0.49397  	
-0.3962  	0.01243  	-0.3794  	-0.0728  	0.09475  	-0.0109  	0.23995  	-0.0470  	0.17382  	0.36473  	-0.3340  	0.88989  	0.20107  	-0.2788  	-1.1806  	0.23182  	0.46934  	0.13178  	0.45953  	0.21915  	-0.2115  	0.51627  	0.24793  	-0.1992  	0.15635  	0.03458  	0.20045  	-0.3081  	-0.2189  	0.04334  	-0.0240  	-0.0509  	0.16541  	-0.1972  	-0.0043  	0.09350  	0.10256  	-0.0308  	-0.2397  	-0.0385  	0.18134  	0.02769  	0.02869  	0.26612  	0.03076  	-0.0115  	-0.0605  	0.12245  	0.09512  	-0.1352  	-0.0492  	-0.0296  	-0.0155  	-0.0064  	-0.0296  	0.00825  	-0.0214  	0.01307  	0.02111  	-0.0246  	-0.0319  	0.00363  	0.04323  	0.01285  	0.02565  	0.16120  	-0.1316  	0.00628  	0.00872  	0.50310  	
-0.7071  	-0.0688  	-0.5334  	-0.3231  	-0.0413  	-0.1791  	0.23160  	-0.1480  	0.10279  	0.40517  	-0.1978  	0.79265  	0.12271  	-0.4109  	-1.4077  	0.13575  	0.47959  	0.14778  	0.45101  	0.20278  	-0.2410  	0.49339  	0.24916  	-0.1864  	0.09391  	0.04743  	0.20099  	-0.2997  	-0.2339  	-0.0004  	-0.0302  	-0.0604  	0.12398  	-0.2077  	-0.0390  	0.16059  	0.05911  	-0.0542  	-0.2156  	-0.0503  	0.16460  	0.04721  	0.00991  	0.24437  	0.04043  	-0.0123  	-0.0583  	0.10412  	0.08883  	-0.1263  	-0.0450  	-0.0318  	-0.0166  	-0.0059  	-0.0304  	-0.0004  	-0.0080  	0.02270  	0.02372  	-0.0202  	-0.0338  	-0.0025  	0.04401  	0.01578  	0.02899  	0.16460  	-0.1373  	0.00670  	0.00745  	0.50732  	
-0.7644  	-0.0821  	-0.5532  	-0.3917  	-0.1034  	-0.2296  	0.21323  	-0.1526  	0.09952  	0.43103  	-0.1724  	0.76066  	0.13329  	-0.4119  	-1.4044  	0.15106  	0.46815  	0.14187  	0.45541  	0.21795  	-0.2526  	0.52363  	0.29169  	-0.2178  	0.07794  	0.07169  	0.15335  	-0.2880  	-0.2319  	0.00563  	-0.0002  	-0.0515  	0.12826  	-0.2061  	-0.0656  	0.15171  	0.04262  	-0.0557  	-0.2087  	-0.0588  	0.18862  	0.04563  	0.01867  	0.25705  	0.03194  	-0.0155  	-0.0513  	0.11126  	0.08682  	-0.1331  	-0.0514  	-0.0287  	-0.0175  	-0.0047  	-0.0275  	-0.0065  	-0.0060  	0.02199  	0.01918  	-0.0222  	-0.0297  	0.00423  	0.04711  	0.02104  	0.03310  	0.16902  	-0.1413  	0.00755  	0.00654  	0.49111  	
-0.7641  	-0.0783  	-0.5679  	-0.4073  	-0.0835  	-0.2527  	0.23846  	-0.1300  	0.10564  	0.43555  	-0.1660  	0.74945  	0.15498  	-0.4284  	-1.4242  	0.16655  	0.45859  	0.16117  	0.43163  	0.23852  	-0.2782  	0.52323  	0.29465  	-0.2165  	0.06883  	0.08262  	0.13619  	-0.2960  	-0.2227  	-0.0070  	-0.0073  	-0.0600  	0.14842  	-0.2121  	-0.0583  	0.16098  	0.06528  	-0.0523  	-0.2187  	-0.0545  	0.20644  	0.04180  	0.01421  	0.26563  	0.02442  	-0.0220  	-0.0437  	0.12098  	0.08442  	-0.1378  	-0.0551  	-0.0280  	-0.0154  	-0.0029  	-0.0223  	-0.0023  	-0.0065  	0.01991  	0.01611  	-0.0236  	-0.0277  	0.00899  	0.04033  	0.01694  	0.03830  	0.17469  	-0.1457  	0.00777  	0.00479  	0.49826  	
-0.7531  	-0.0891  	-0.5490  	-0.3911  	-0.0940  	-0.2433  	0.22901  	-0.1336  	0.10742  	0.42673  	-0.1696  	0.76448  	0.14885  	-0.4612  	-1.4307  	0.17630  	0.47146  	0.16815  	0.44289  	0.25177  	-0.2786  	0.51260  	0.30482  	-0.2236  	0.06539  	0.08002  	0.11640  	-0.2950  	-0.2366  	-0.0273  	-0.0009  	-0.0573  	0.14888  	-0.2114  	-0.0791  	0.14361  	0.06111  	-0.0450  	-0.2093  	-0.0693  	0.21412  	0.03611  	0.01982  	0.26834  	0.02511  	-0.0191  	-0.0423  	0.12367  	0.08023  	-0.1384  	-0.0588  	-0.0271  	-0.0119  	-0.0049  	-0.0229  	-0.0032  	-0.0095  	0.01874  	0.01766  	-0.0240  	-0.0262  	0.00730  	0.03985  	0.01769  	0.04316  	0.18030  	-0.1482  	0.00783  	0.00385  	0.50341  	
-0.7520  	-0.0900  	-0.5402  	-0.4037  	-0.0989  	-0.2451  	0.23330  	-0.1362  	0.10674  	0.42878  	-0.1634  	0.75686  	0.14530  	-0.4672  	-1.4419  	0.16795  	0.47114  	0.16291  	0.44409  	0.24144  	-0.2823  	0.52381  	0.30529  	-0.2207  	0.07088  	0.08006  	0.12246  	-0.2976  	-0.2387  	-0.0258  	-0.0019  	-0.0555  	0.14735  	-0.2133  	-0.0890  	0.14539  	0.06091  	-0.0436  	-0.2118  	-0.0741  	0.21888  	0.03882  	0.02024  	0.26653  	0.02677  	-0.0204  	-0.0432  	0.12474  	0.08012  	-0.1378  	-0.0601  	-0.0266  	-0.0100  	-0.0056  	-0.0239  	-0.0055  	-0.0098  	0.01814  	0.01949  	-0.0244  	-0.0252  	0.00684  	0.04055  	0.01845  	0.04673  	0.18636  	-0.1511  	0.00746  	0.00306  	0.50629  	
-0.7554  	-0.0962  	-0.5456  	-0.3970  	-0.0991  	-0.2396  	0.22967  	-0.1422  	0.10681  	0.42436  	-0.1620  	0.76566  	0.13970  	-0.4793  	-1.4537  	0.18255  	0.46572  	0.17169  	0.44863  	0.24674  	-0.2854  	0.50783  	0.31097  	-0.2271  	0.05191  	0.08031  	0.11018  	-0.2867  	-0.2414  	-0.0373  	0.00019  	-0.0518  	0.14856  	-0.2115  	-0.0890  	0.14173  	0.05824  	-0.0428  	-0.2086  	-0.0770  	0.22122  	0.03688  	0.02436  	0.26983  	0.02373  	-0.0198  	-0.0436  	0.12543  	0.07919  	-0.1373  	-0.0596  	-0.0275  	-0.0115  	-0.0042  	-0.0236  	-0.0037  	-0.0103  	0.01814  	0.01877  	-0.0245  	-0.0247  	0.00780  	0.03942  	0.01781  	0.04875  	0.19130  	-0.1523  	0.00763  	0.00308  	0.49781  	
-0.7561  	-0.0904  	-0.5509  	-0.3981  	-0.0978  	-0.2407  	0.22821  	-0.1382  	0.10250  	0.42016  	-0.1586  	0.76233  	0.14111  	-0.4736  	-1.4394  	0.17205  	0.46187  	0.16658  	0.44758  	0.24438  	-0.2817  	0.52489  	0.31079  	-0.2196  	0.06680  	0.07780  	0.11949  	-0.2895  	-0.2351  	-0.0272  	-0.0060  	-0.0538  	0.14550  	-0.2144  	-0.0817  	0.14573  	0.06303  	-0.0444  	-0.2140  	-0.0656  	0.21314  	0.03918  	0.01680  	0.26970  	0.02266  	-0.0196  	-0.0431  	0.12432  	0.07920  	-0.1375  	-0.0591  	-0.0278  	-0.0103  	-0.0041  	-0.0236  	-0.0049  	-0.0090  	0.01760  	0.01946  	-0.0230  	-0.0255  	0.00757  	0.03800  	0.01770  	0.04845  	0.19627  	-0.1545  	0.00775  	0.00335  	0.48834  	
-0.7656  	-0.0935  	-0.5548  	-0.4027  	-0.1030  	-0.2505  	0.22229  	-0.1421  	0.09929  	0.42747  	-0.1644  	0.76158  	0.13852  	-0.4854  	-1.4445  	0.18236  	0.46172  	0.17081  	0.44803  	0.24634  	-0.2865  	0.51834  	0.31411  	-0.2273  	0.05173  	0.08083  	0.11742  	-0.2898  	-0.2385  	-0.0297  	0.00432  	-0.0527  	0.15023  	-0.2137  	-0.0900  	0.14696  	0.05880  	-0.0452  	-0.2149  	-0.0690  	0.21612  	0.03605  	0.02107  	0.27319  	0.02404  	-0.0194  	-0.0429  	0.12265  	0.07858  	-0.1368  	-0.0587  	-0.0273  	-0.0116  	-0.0047  	-0.0232  	-0.0062  	-0.0098  	0.01933  	0.01936  	-0.0228  	-0.0262  	0.00890  	0.03868  	0.01767  	0.04681  	0.19919  	-0.1550  	0.00798  	0.00445  	0.48844  	
-0.7534  	-0.0835  	-0.5372  	-0.4000  	-0.1009  	-0.2371  	0.22261  	-0.1282  	0.10187  	0.42725  	-0.1682  	0.75627  	0.14326  	-0.4761  	-1.4347  	0.17809  	0.46563  	0.15796  	0.44785  	0.24486  	-0.2833  	0.52176  	0.30189  	-0.2160  	0.06750  	0.07985  	0.13237  	-0.3011  	-0.2416  	-0.0248  	0.00166  	-0.0553  	0.14968  	-0.2152  	-0.0865  	0.14797  	0.06185  	-0.0476  	-0.2163  	-0.0715  	0.21580  	0.03725  	0.01669  	0.27059  	0.02710  	-0.0204  	-0.0430  	0.12205  	0.07912  	-0.1378  	-0.0594  	-0.0254  	-0.0110  	-0.0064  	-0.0229  	-0.0071  	-0.0086  	0.01899  	0.02008  	-0.0232  	-0.0260  	0.00770  	0.03918  	0.01786  	0.04184  	0.20036  	-0.1558  	0.00829  	0.00613  	0.46836  	
-0.7623  	-0.0840  	-0.5421  	-0.4004  	-0.1029  	-0.2449  	0.22758  	-0.1364  	0.10330  	0.42897  	-0.1650  	0.76123  	0.14126  	-0.4810  	-1.4372  	0.17346  	0.46687  	0.15950  	0.44957  	0.24049  	-0.2901  	0.53024  	0.30842  	-0.2189  	0.06818  	0.08029  	0.12869  	-0.2974  	-0.2400  	-0.0257  	0.00011  	-0.0532  	0.14946  	-0.2131  	-0.0953  	0.15194  	0.06214  	-0.0455  	-0.2115  	-0.0739  	0.21904  	0.03820  	0.01714  	0.26896  	0.02586  	-0.0196  	-0.0436  	0.12326  	0.08010  	-0.1381  	-0.0584  	-0.0264  	-0.0103  	-0.0056  	-0.0236  	-0.0072  	-0.0100  	0.01868  	0.02142  	-0.0230  	-0.0257  	0.00783  	0.03976  	0.01926  	0.03632  	0.19978  	-0.1555  	0.00944  	0.00753  	0.46045  	
-0.7662  	-0.0925  	-0.5392  	-0.4211  	-0.1093  	-0.2488  	0.23257  	-0.1390  	0.10428  	0.42430  	-0.1566  	0.74767  	0.14296  	-0.4908  	-1.4568  	0.18295  	0.46491  	0.16159  	0.44843  	0.23655  	-0.2918  	0.52709  	0.31735  	-0.2227  	0.06653  	0.07940  	0.12469  	-0.2978  	-0.2419  	-0.0323  	0.00185  	-0.0517  	0.14729  	-0.2142  	-0.0988  	0.15208  	0.06545  	-0.0436  	-0.2145  	-0.0799  	0.22335  	0.03745  	0.02026  	0.26958  	0.02403  	-0.0215  	-0.0432  	0.12673  	0.08036  	-0.1379  	-0.0607  	-0.0268  	-0.0100  	-0.0046  	-0.0230  	-0.0066  	-0.0095  	0.01809  	0.02108  	-0.0234  	-0.0244  	0.00927  	0.04090  	0.01897  	0.02475  	0.20177  	-0.1627  	0.01043  	0.00800  	0.46819  	
-0.7618  	-0.0885  	-0.5456  	-0.4010  	-0.1056  	-0.2422  	0.22337  	-0.1354  	0.10199  	0.42259  	-0.1596  	0.76325  	0.14039  	-0.4850  	-1.4436  	0.17714  	0.46582  	0.16025  	0.44901  	0.24533  	-0.2873  	0.52625  	0.31160  	-0.2166  	0.06652  	0.07910  	0.12317  	-0.2971  	-0.2397  	-0.0289  	-0.0005  	-0.0532  	0.14868  	-0.2132  	-0.0932  	0.15070  	0.06574  	-0.0452  	-0.2132  	-0.0727  	0.21733  	0.03619  	0.01704  	0.27067  	0.02382  	-0.0191  	-0.0430  	0.12502  	0.07950  	-0.1384  	-0.0588  	-0.0263  	-0.0106  	-0.0046  	-0.0227  	-0.0061  	-0.0099  	0.01788  	0.02110  	-0.0221  	-0.0254  	0.00848  	0.03851  	0.01840  	0.01753  	0.19597  	-0.1631  	0.01075  	0.01028  	0.47556  	
-0.7650  	-0.0903  	-0.5467  	-0.4093  	-0.1132  	-0.2470  	0.23006  	-0.1396  	0.09836  	0.42503  	-0.1696  	0.75092  	0.14430  	-0.4907  	-1.4408  	0.17425  	0.46815  	0.15807  	0.44667  	0.24030  	-0.2948  	0.53165  	0.32150  	-0.2257  	0.06847  	0.08414  	0.13092  	-0.3022  	-0.2341  	-0.0318  	0.00814  	-0.0541  	0.15122  	-0.2157  	-0.1014  	0.14554  	0.06193  	-0.0467  	-0.2120  	-0.0747  	0.22418  	0.03650  	0.02142  	0.27497  	0.02375  	-0.0215  	-0.0415  	0.12922  	0.07729  	-0.1402  	-0.0603  	-0.0257  	-0.0099  	-0.0046  	-0.0225  	-0.0069  	-0.0110  	0.01680  	0.02054  	-0.0225  	-0.0237  	0.00976  	0.03816  	0.01834  	0.01536  	0.18510  	-0.1583  	0.01020  	0.01356  	0.46538  	
-0.7731  	-0.0883  	-0.5219  	-0.4268  	-0.1208  	-0.2481  	0.23500  	-0.1350  	0.10235  	0.43146  	-0.1683  	0.74320  	0.14563  	-0.4789  	-1.4519  	0.17537  	0.46953  	0.15108  	0.44356  	0.23182  	-0.3014  	0.53604  	0.32080  	-0.2177  	0.07178  	0.08352  	0.13933  	-0.3130  	-0.2397  	-0.0307  	0.00883  	-0.0554  	0.15009  	-0.2162  	-0.1104  	0.14640  	0.06372  	-0.0464  	-0.2152  	-0.0789  	0.22584  	0.03895  	0.02234  	0.27224  	0.02627  	-0.0216  	-0.0427  	0.12800  	0.08018  	-0.1393  	-0.0614  	-0.0254  	-0.0101  	-0.0050  	-0.0236  	-0.0082  	-0.0116  	0.01691  	0.02139  	-0.0230  	-0.0235  	0.01051  	0.04038  	0.01893  	0.01790  	0.17192  	-0.1482  	0.00955  	0.01743  	0.45822  	
-0.7668  	-0.0901  	-0.5408  	-0.4031  	-0.1076  	-0.2497  	0.23418  	-0.1349  	0.10352  	0.43131  	-0.1682  	0.76171  	0.14568  	-0.4844  	-1.4401  	0.17605  	0.46852  	0.15574  	0.44698  	0.23708  	-0.2982  	0.53246  	0.31473  	-0.2195  	0.06702  	0.08063  	0.13501  	-0.3025  	-0.2375  	-0.0291  	0.00226  	-0.0525  	0.15141  	-0.2167  	-0.1034  	0.14714  	0.06053  	-0.0506  	-0.2119  	-0.0724  	0.21913  	0.03870  	0.01925  	0.27013  	0.02531  	-0.0205  	-0.0423  	0.12717  	0.08112  	-0.1389  	-0.0587  	-0.0264  	-0.0113  	-0.0050  	-0.0220  	-0.0077  	-0.0103  	0.01712  	0.02208  	-0.0215  	-0.0240  	0.00948  	0.03920  	0.01885  	0.02487  	0.15652  	-0.1351  	0.00872  	0.02096  	0.45371  	
-0.7692  	-0.0857  	-0.5287  	-0.4166  	-0.1074  	-0.2486  	0.23976  	-0.1308  	0.10242  	0.43246  	-0.1658  	0.74874  	0.14304  	-0.4753  	-1.4389  	0.17514  	0.46637  	0.15084  	0.44260  	0.23233  	-0.2984  	0.53666  	0.31186  	-0.2159  	0.07141  	0.08244  	0.14296  	-0.3075  	-0.2361  	-0.0253  	0.00232  	-0.0534  	0.15118  	-0.2165  	-0.1006  	0.15174  	0.06695  	-0.0491  	-0.2152  	-0.0753  	0.22407  	0.03975  	0.01654  	0.26816  	0.02635  	-0.0219  	-0.0425  	0.12659  	0.08088  	-0.1393  	-0.0612  	-0.0258  	-0.0103  	-0.0054  	-0.0225  	-0.0081  	-0.0103  	0.01645  	0.02202  	-0.0222  	-0.0242  	0.01004  	0.03997  	0.01911  	0.03377  	0.14048  	-0.1192  	0.00776  	0.02487  	0.45119  	
-0.7642  	-0.0853  	-0.5360  	-0.3954  	-0.1030  	-0.2410  	0.22871  	-0.1305  	0.10281  	0.43019  	-0.1762  	0.75882  	0.14879  	-0.4739  	-1.4344  	0.17508  	0.47125  	0.15589  	0.44958  	0.23491  	-0.2933  	0.52679  	0.31015  	-0.2200  	0.07002  	0.08240  	0.13822  	-0.3058  	-0.2377  	-0.0247  	0.00425  	-0.0564  	0.14860  	-0.2142  	-0.0963  	0.14939  	0.06333  	-0.0465  	-0.2148  	-0.0778  	0.21985  	0.03727  	0.01867  	0.26903  	0.02543  	-0.0213  	-0.0421  	0.12607  	0.07857  	-0.1402  	-0.0592  	-0.0254  	-0.0116  	-0.0054  	-0.0231  	-0.0064  	-0.0104  	0.01670  	0.02071  	-0.0224  	-0.0243  	0.00840  	0.03955  	0.01848  	0.04410  	0.12523  	-0.1035  	0.00651  	0.02809  	0.45264  	
-0.7698  	-0.0967  	-0.5273  	-0.4199  	-0.1070  	-0.2459  	0.23645  	-0.1439  	0.10394  	0.42863  	-0.1643  	0.74993  	0.14242  	-0.4812  	-1.4658  	0.18403  	0.46299  	0.16095  	0.44580  	0.23220  	-0.3040  	0.52809  	0.31758  	-0.2256  	0.06225  	0.08341  	0.11946  	-0.2968  	-0.2377  	-0.0319  	0.00637  	-0.0552  	0.14605  	-0.2130  	-0.1044  	0.15249  	0.05941  	-0.0448  	-0.2168  	-0.0828  	0.22856  	0.03874  	0.02544  	0.27033  	0.02417  	-0.0220  	-0.0427  	0.12597  	0.07990  	-0.1385  	-0.0619  	-0.0269  	-0.0103  	-0.0048  	-0.0239  	-0.0067  	-0.0110  	0.01749  	0.02014  	-0.0239  	-0.0236  	0.01032  	0.04096  	0.01871  	0.05414  	0.11197  	-0.0873  	0.00536  	0.03095  	0.44271  	
-0.7705  	-0.0962  	-0.5318  	-0.4224  	-0.1079  	-0.2525  	0.23700  	-0.1503  	0.10499  	0.42575  	-0.1534  	0.75461  	0.13876  	-0.4908  	-1.4675  	0.17795  	0.46194  	0.16243  	0.44612  	0.22807  	-0.2975  	0.52755  	0.32226  	-0.2202  	0.06054  	0.08070  	0.12280  	-0.2979  	-0.2390  	-0.0293  	-0.0007  	-0.0526  	0.14489  	-0.2136  	-0.1000  	0.15366  	0.06285  	-0.0440  	-0.2209  	-0.0793  	0.22384  	0.03954  	0.02395  	0.26988  	0.02613  	-0.0222  	-0.0447  	0.12396  	0.08184  	-0.1381  	-0.0603  	-0.0280  	-0.0094  	-0.0049  	-0.0239  	-0.0064  	-0.0107  	0.01765  	0.02205  	-0.0233  	-0.0242  	0.01010  	0.04154  	0.01920  	0.06345  	0.10167  	-0.0735  	0.00381  	0.03251  	0.45395  	
-0.7618  	-0.0942  	-0.5295  	-0.4119  	-0.1021  	-0.2493  	0.24270  	-0.1440  	0.10693  	0.42250  	-0.1625  	0.74887  	0.13839  	-0.4879  	-1.4541  	0.17920  	0.46253  	0.16048  	0.44746  	0.23134  	-0.3000  	0.53328  	0.31773  	-0.2207  	0.07027  	0.08130  	0.12971  	-0.2891  	-0.2312  	-0.0256  	-0.0036  	-0.0524  	0.14410  	-0.2145  	-0.1018  	0.15124  	0.06189  	-0.0460  	-0.2190  	-0.0748  	0.22291  	0.03935  	0.02219  	0.27012  	0.02537  	-0.0225  	-0.0437  	0.12506  	0.08190  	-0.1394  	-0.0601  	-0.0280  	-0.0097  	-0.0048  	-0.0242  	-0.0071  	-0.0100  	0.01666  	0.02129  	-0.0224  	-0.0246  	0.00908  	0.04029  	0.01986  	0.06977  	0.09413  	-0.0627  	0.00248  	0.03371  	0.46036  	
-0.7512  	-0.0886  	-0.5410  	-0.3666  	-0.0868  	-0.2369  	0.23095  	-0.1332  	0.10008  	0.42019  	-0.1809  	0.77683  	0.14930  	-0.4784  	-1.4228  	0.18351  	0.46809  	0.16066  	0.45123  	0.24232  	-0.3108  	0.52628  	0.31097  	-0.2240  	0.06645  	0.07976  	0.12433  	-0.2851  	-0.2211  	-0.0281  	0.00159  	-0.0554  	0.14979  	-0.2147  	-0.0970  	0.14790  	0.05364  	-0.0505  	-0.2112  	-0.0729  	0.22503  	0.03524  	0.02035  	0.27153  	0.02248  	-0.0191  	-0.0434  	0.12792  	0.07963  	-0.1415  	-0.0593  	-0.0263  	-0.0120  	-0.0066  	-0.0228  	-0.0068  	-0.0112  	0.01677  	0.02123  	-0.0223  	-0.0232  	0.00968  	0.03796  	0.01838  	0.07329  	0.08875  	-0.0573  	0.00203  	0.03368  	0.45998  	
-0.7512  	-0.0860  	-0.5385  	-0.3825  	-0.1004  	-0.2313  	0.22607  	-0.1277  	0.09803  	0.41868  	-0.1798  	0.76747  	0.14329  	-0.4852  	-1.4233  	0.18490  	0.46674  	0.16176  	0.45089  	0.25181  	-0.2968  	0.52374  	0.30973  	-0.2257  	0.06685  	0.08184  	0.12871  	-0.2879  	-0.2266  	-0.0287  	0.00692  	-0.0560  	0.15173  	-0.2160  	-0.0968  	0.14587  	0.05811  	-0.0491  	-0.2118  	-0.0743  	0.22115  	0.03481  	0.02087  	0.27506  	0.02611  	-0.0203  	-0.0425  	0.12600  	0.07769  	-0.1398  	-0.0592  	-0.0253  	-0.0111  	-0.0065  	-0.0225  	-0.0071  	-0.0111  	0.01696  	0.02033  	-0.0227  	-0.0245  	0.00899  	0.03786  	0.01812  	0.07241  	0.08795  	-0.0579  	0.00182  	0.03241  	0.47303  	
-0.7569  	-0.0868  	-0.5309  	-0.3959  	-0.1009  	-0.2361  	0.23562  	-0.1407  	0.10177  	0.42156  	-0.1701  	0.76160  	0.14421  	-0.4942  	-1.4365  	0.18556  	0.46418  	0.16017  	0.44883  	0.23961  	-0.3040  	0.52974  	0.31614  	-0.2226  	0.06957  	0.08170  	0.13282  	-0.2863  	-0.2284  	-0.0270  	0.00386  	-0.0544  	0.15075  	-0.2159  	-0.1015  	0.15110  	0.05956  	-0.0496  	-0.2164  	-0.0755  	0.22490  	0.03868  	0.02067  	0.27474  	0.02657  	-0.0208  	-0.0435  	0.12495  	0.08072  	-0.1398  	-0.0597  	-0.0258  	-0.0102  	-0.0062  	-0.0232  	-0.0078  	-0.0121  	0.01685  	0.02203  	-0.0224  	-0.0235  	0.00984  	0.03905  	0.01861  	0.06668  	0.09166  	-0.0652  	0.00139  	0.03046  	0.46828  	
-0.7618  	-0.0821  	-0.5245  	-0.4086  	-0.1076  	-0.2487  	0.24535  	-0.1406  	0.11036  	0.42838  	-0.1780  	0.74976  	0.14678  	-0.4869  	-1.4392  	0.17292  	0.47061  	0.15328  	0.45055  	0.22779  	-0.3034  	0.53891  	0.32569  	-0.2218  	0.08198  	0.08079  	0.14670  	-0.2951  	-0.2271  	-0.0215  	-0.0040  	-0.0543  	0.14421  	-0.2160  	-0.1047  	0.15155  	0.06690  	-0.0509  	-0.2153  	-0.0743  	0.22616  	0.03894  	0.02208  	0.27155  	0.02723  	-0.0211  	-0.0446  	0.12693  	0.08429  	-0.1403  	-0.0589  	-0.0270  	-0.0110  	-0.0052  	-0.0240  	-0.0070  	-0.0115  	0.01654  	0.02307  	-0.0218  	-0.0241  	0.00939  	0.04032  	0.01954  	0.06549  	0.08969  	-0.0667  	0.00070  	0.02960  	0.47017  	
-0.7456  	-0.0765  	-0.5219  	-0.3874  	-0.0879  	-0.2460  	0.25557  	-0.1327  	0.10826  	0.42253  	-0.1863  	0.75997  	0.15597  	-0.4754  	-1.4242  	0.17887  	0.46408  	0.15341  	0.44586  	0.22892  	-0.3239  	0.54826  	0.31711  	-0.2202  	0.08877  	0.07826  	0.14966  	-0.2877  	-0.2076  	-0.0211  	-0.0108  	-0.0565  	0.14672  	-0.2181  	-0.1040  	0.14996  	0.05528  	-0.0542  	-0.2085  	-0.0651  	0.22571  	0.04152  	0.01840  	0.26840  	0.02675  	-0.0232  	-0.0433  	0.13036  	0.08309  	-0.1423  	-0.0606  	-0.0265  	-0.0112  	-0.0057  	-0.0234  	-0.0077  	-0.0108  	0.01551  	0.02269  	-0.0217  	-0.0238  	0.01022  	0.03837  	0.01954  	0.06639  	0.08758  	-0.0684  	-0.0003  	0.02873  	0.47644  	
-0.7203  	-0.0699  	-0.5328  	-0.3475  	-0.0844  	-0.2228  	0.23137  	-0.1121  	0.10550  	0.41513  	-0.2038  	0.79333  	0.16733  	-0.4694  	-1.3832  	0.18077  	0.47560  	0.15456  	0.45685  	0.24448  	-0.3234  	0.52839  	0.31656  	-0.2315  	0.08143  	0.07733  	0.14176  	-0.2887  	-0.2015  	-0.0286  	0.00480  	-0.0598  	0.15264  	-0.2146  	-0.1013  	0.13677  	0.05186  	-0.0504  	-0.1975  	-0.0692  	0.23290  	0.03344  	0.02284  	0.27264  	0.02117  	-0.0186  	-0.0427  	0.13408  	0.08056  	-0.1433  	-0.0617  	-0.0243  	-0.0135  	-0.0074  	-0.0219  	-0.0073  	-0.0150  	0.01514  	0.02068  	-0.0228  	-0.0210  	0.01076  	0.03778  	0.01766  	0.06775  	0.08620  	-0.0700  	-0.0014  	0.02717  	0.49637  	
-0.7187  	-0.0672  	-0.5247  	-0.3514  	-0.0833  	-0.2253  	0.22976  	-0.1127  	0.10216  	0.41397  	-0.1966  	0.78646  	0.16362  	-0.4758  	-1.3824  	0.18415  	0.47448  	0.15330  	0.46153  	0.23544  	-0.3146  	0.53150  	0.32202  	-0.2261  	0.08404  	0.07441  	0.15458  	-0.2907  	-0.2044  	-0.0235  	-0.0008  	-0.0580  	0.14770  	-0.2154  	-0.0942  	0.14044  	0.05814  	-0.0466  	-0.2053  	-0.0690  	0.23088  	0.03377  	0.02036  	0.27468  	0.02362  	-0.0199  	-0.0429  	0.13098  	0.07908  	-0.1433  	-0.0623  	-0.0249  	-0.0126  	-0.0076  	-0.0219  	-0.0073  	-0.0157  	0.01499  	0.02240  	-0.0221  	-0.0210  	0.00969  	0.03723  	0.01768  	0.07016  	0.08416  	-0.0712  	-0.0023  	0.02566  	0.50794  	
-0.7163  	-0.0615  	-0.4962  	-0.3660  	-0.0760  	-0.2248  	0.25031  	-0.1135  	0.10634  	0.41362  	-0.2010  	0.77271  	0.16251  	-0.4777  	-1.3981  	0.18913  	0.46465  	0.14715  	0.45482  	0.22325  	-0.3160  	0.53964  	0.32113  	-0.2168  	0.08474  	0.07381  	0.17271  	-0.3024  	-0.2043  	-0.0103  	-0.0136  	-0.0541  	0.14951  	-0.2210  	-0.0842  	0.14143  	0.05912  	-0.0569  	-0.2113  	-0.0599  	0.22691  	0.04487  	0.01700  	0.27221  	0.03116  	-0.0219  	-0.0442  	0.12735  	0.08526  	-0.1407  	-0.0610  	-0.0269  	-0.0124  	-0.0092  	-0.0229  	-0.0072  	-0.0131  	0.01557  	0.02375  	-0.0231  	-0.0238  	0.01062  	0.03809  	0.01854  	0.07261  	0.08397  	-0.0723  	-0.0028  	0.02445  	0.51591  	
-0.6484  	-0.0475  	-0.4782  	-0.2618  	-0.0581  	-0.1463  	0.22669  	-0.0693  	0.11614  	0.37957  	-0.2536  	0.80494  	0.19075  	-0.4408  	-1.3070  	0.17579  	0.48526  	0.11743  	0.48213  	0.20250  	-0.3149  	0.53667  	0.34820  	-0.2127  	0.10273  	0.06200  	0.19503  	-0.3172  	-0.1823  	0.01463  	-0.0135  	-0.0515  	0.15243  	-0.2170  	-0.0633  	0.12457  	0.07466  	-0.0460  	-0.2158  	-0.0558  	0.21760  	0.04419  	0.01284  	0.28056  	0.02506  	-0.0153  	-0.0448  	0.12580  	0.08839  	-0.1396  	-0.0614  	-0.0277  	-0.0148  	-0.0071  	-0.0277  	0.00011  	-0.0138  	0.01409  	0.01750  	-0.0247  	-0.0165  	0.00547  	0.03654  	0.01444  	0.07469  	0.08392  	-0.0729  	-0.0035  	0.02430  	0.51227  	
-0.5301  	-0.0221  	-0.4814  	-0.2107  	-0.0249  	-0.1223  	0.21323  	-0.0510  	0.14837  	0.37804  	-0.3181  	0.86295  	0.24895  	-0.3752  	-1.2516  	0.18725  	0.50155  	0.11363  	0.46199  	0.20230  	-0.3274  	0.51690  	0.32276  	-0.2698  	0.08470  	0.07580  	0.18363  	-0.2764  	-0.1542  	0.02385  	0.00974  	-0.0542  	0.18927  	-0.1859  	-0.0594  	0.09744  	0.04492  	-0.0475  	-0.2063  	-0.0906  	0.22400  	0.03820  	0.04117  	0.27231  	0.02043  	-0.0147  	-0.0498  	0.13705  	0.09869  	-0.1405  	-0.0637  	-0.0264  	-0.0187  	-0.0124  	-0.0229  	0.00666  	-0.0195  	0.01136  	0.01610  	-0.0323  	-0.0144  	0.00857  	0.04783  	0.02293  	0.07592  	0.08501  	-0.0723  	-0.0039  	0.02407  	0.50485  	
-0.5258  	-0.0353  	-0.4532  	-0.1651  	0.00695  	-0.0957  	0.21776  	-0.0419  	0.13839  	0.37236  	-0.3220  	0.87932  	0.24071  	-0.3436  	-1.2043  	0.20441  	0.49728  	0.11256  	0.45943  	0.20188  	-0.3550  	0.52334  	0.29612  	-0.2540  	0.11170  	0.06597  	0.15941  	-0.2666  	-0.1216  	0.02821  	-0.0060  	-0.0681  	0.17780  	-0.1930  	-0.0494  	0.11546  	0.03108  	-0.0540  	-0.2019  	-0.0695  	0.21398  	0.04414  	0.02705  	0.26998  	0.02417  	-0.0162  	-0.0444  	0.12785  	0.09403  	-0.1383  	-0.0608  	-0.0267  	-0.0222  	-0.0135  	-0.0222  	0.00492  	-0.0167  	0.01113  	0.01561  	-0.0318  	-0.0190  	0.01178  	0.04397  	0.02055  	0.07601  	0.08580  	-0.0715  	-0.0043  	0.02366  	0.50691  	
-0.4767  	-0.0374  	-0.4090  	-0.0995  	0.03118  	-0.0282  	0.23581  	-0.0188  	0.15966  	0.33063  	-0.3563  	0.90853  	0.25394  	-0.2613  	-1.1074  	0.24727  	0.49290  	0.10526  	0.45086  	0.20070  	-0.3455  	0.53806  	0.30767  	-0.2338  	0.07189  	0.07391  	0.14373  	-0.2771  	-0.1245  	0.02269  	-0.0015  	-0.0721  	0.18990  	-0.1779  	-0.0386  	0.09793  	0.03004  	-0.0501  	-0.2085  	-0.0483  	0.21693  	0.03837  	0.03077  	0.27748  	0.01746  	-0.0209  	-0.0466  	0.12197  	0.08964  	-0.1432  	-0.0534  	-0.0236  	-0.0240  	-0.0133  	-0.0211  	0.00854  	-0.0235  	0.00996  	0.01871  	-0.0263  	-0.0194  	0.01777  	0.03865  	0.02245  	0.07349  	0.08693  	-0.0707  	-0.0043  	0.02437  	0.49552  	
-0.1830  	0.05658  	-0.3207  	0.14961  	0.11786  	0.14087  	0.25107  	0.05717  	0.20197  	0.25087  	-0.5437  	0.88998  	0.30877  	-0.1277  	-0.8474  	0.24281  	0.52168  	0.05510  	0.42447  	0.17535  	-0.1987  	0.56085  	0.31763  	-0.1984  	0.07524  	0.07408  	0.18992  	-0.3653  	-0.2453  	0.04508  	-0.0129  	-0.0357  	0.18130  	-0.1995  	-0.0004  	0.02867  	0.08748  	-0.0138  	-0.2385  	-0.0730  	0.19255  	0.02048  	0.05669  	0.27940  	0.01915  	-0.0289  	-0.0444  	0.12648  	0.09913  	-0.1365  	-0.0653  	-0.0343  	-0.0192  	-0.0165  	-0.0247  	0.00544  	-0.0210  	0.01516  	0.01629  	-0.0339  	-0.0245  	0.01142  	0.04389  	0.00876  	0.07036  	0.08612  	-0.0702  	-0.0041  	0.02552  	0.47968  	
-0.0742  	0.12532  	-0.2243  	0.11408  	0.03942  	0.20385  	0.22615  	0.12333  	0.21410  	0.24571  	-0.4194  	0.90442  	0.28235  	-0.0728  	-0.8481  	0.26563  	0.52465  	0.00688  	0.43392  	0.13672  	-0.0346  	0.58662  	0.38420  	-0.1583  	0.03704  	0.05716  	0.26696  	-0.4891  	-0.3947  	0.02198  	-0.0211  	-0.0155  	0.19773  	-0.2207  	0.06379  	-0.0226  	0.20022  	0.01766  	-0.2788  	-0.1061  	0.17509  	0.02619  	0.04512  	0.28118  	0.02290  	-0.0145  	-0.0466  	0.12463  	0.09069  	-0.1429  	-0.0709  	-0.0276  	-0.0144  	-0.0065  	-0.0256  	0.00628  	-0.0283  	0.01660  	0.01357  	-0.0334  	-0.0233  	0.02257  	0.04119  	0.00980  	0.06614  	0.08498  	-0.0703  	-0.0042  	0.02602  	0.47453  	
-0.0096  	0.15865  	-0.1704  	0.12380  	0.04163  	0.24760  	0.22228  	0.15363  	0.22811  	0.18827  	-0.3364  	0.89614  	0.25265  	-0.0527  	-0.8368  	0.32330  	0.51884  	-0.0262  	0.42984  	0.07135  	0.07497  	0.57889  	0.40047  	-0.1271  	0.01953  	0.05100  	0.34702  	-0.5917  	-0.4768  	0.02816  	-0.0392  	0.01697  	0.17939  	-0.2261  	0.12223  	-0.0468  	0.30931  	0.04797  	-0.3318  	-0.1262  	0.15127  	0.04039  	0.03935  	0.27256  	0.01877  	-0.0121  	-0.0402  	0.11145  	0.09075  	-0.1424  	-0.0793  	-0.0279  	-0.0129  	-0.0051  	-0.0275  	0.00887  	-0.0306  	0.01275  	0.00962  	-0.0300  	-0.0235  	0.02714  	0.04023  	0.01275  	0.06278  	0.08326  	-0.0704  	-0.0040  	0.02600  	0.46132  	
0.05983  	0.18513  	-0.1226  	0.08138  	-0.0370  	0.24867  	0.23153  	0.17721  	0.25457  	0.15795  	-0.2297  	0.89934  	0.23593  	-0.0156  	-0.8216  	0.39778  	0.50988  	-0.0396  	0.44426  	0.02566  	0.18076  	0.58247  	0.42719  	-0.0664  	0.02465  	0.04392  	0.38812  	-0.6976  	-0.5905  	-0.0064  	-0.0332  	0.02993  	0.19308  	-0.2319  	0.18263  	-0.0649  	0.39628  	0.07573  	-0.3558  	-0.1367  	0.12282  	0.04618  	0.03219  	0.27571  	0.01572  	-0.0167  	-0.0470  	0.11276  	0.09083  	-0.1312  	-0.0802  	-0.0253  	-0.0104  	0.00158  	-0.0296  	0.01798  	-0.0334  	0.01195  	0.01155  	-0.0249  	-0.0202  	0.03279  	0.04157  	0.01375  	0.05960  	0.08213  	-0.0704  	-0.0037  	0.02617  	0.45333  	
-0.0250  	0.17045  	-0.1589  	0.03449  	-0.0493  	0.16778  	0.21948  	0.14206  	0.22631  	0.19610  	-0.2071  	0.88514  	0.22879  	-0.0561  	-0.9429  	0.37246  	0.49398  	-0.0168  	0.42798  	0.05644  	0.12349  	0.56895  	0.40065  	-0.1154  	0.01479  	0.05302  	0.31876  	-0.6223  	-0.5382  	-0.0116  	-0.0228  	0.01480  	0.18281  	-0.2280  	0.13750  	-0.0510  	0.35760  	0.06411  	-0.3362  	-0.1405  	0.14641  	0.04107  	0.03658  	0.26596  	0.01576  	-0.0136  	-0.0458  	0.10675  	0.08513  	-0.1247  	-0.0775  	-0.0286  	-0.0077  	-0.0025  	-0.0291  	0.01253  	-0.0324  	0.01370  	0.01151  	-0.0297  	-0.0213  	0.02989  	0.04032  	0.01585  	0.05827  	0.08003  	-0.0710  	-0.0037  	0.02618  	0.45606  	
-0.0847  	0.13602  	-0.1875  	-0.0042  	-0.0601  	0.11419  	0.22211  	0.11456  	0.22136  	0.22355  	-0.2052  	0.86854  	0.22728  	-0.0914  	-0.9974  	0.34982  	0.49630  	0.02016  	0.42688  	0.08504  	0.05992  	0.55382  	0.38207  	-0.1258  	0.03776  	0.04962  	0.28310  	-0.5590  	-0.4893  	-0.0149  	-0.0177  	0.00224  	0.18659  	-0.2266  	0.11929  	-0.0333  	0.32046  	0.04549  	-0.3248  	-0.1247  	0.16646  	0.04537  	0.04144  	0.26163  	0.02255  	-0.0173  	-0.0488  	0.10312  	0.08566  	-0.1200  	-0.0756  	-0.0279  	-0.0091  	-0.0038  	-0.0273  	0.01026  	-0.0269  	0.01444  	0.01353  	-0.0290  	-0.0254  	0.02978  	0.04062  	0.01618  	0.05855  	0.07855  	-0.0717  	-0.0035  	0.02486  	0.46818  	
-0.3764  	0.02082  	-0.3110  	-0.0895  	-0.0355  	-0.0209  	0.21418  	-0.0027  	0.17208  	0.31067  	-0.2198  	0.84037  	0.17978  	-0.2277  	-1.1300  	0.28632  	0.47080  	0.07012  	0.41336  	0.12524  	-0.1358  	0.56877  	0.33734  	-0.1855  	0.03331  	0.07348  	0.18604  	-0.4127  	-0.3363  	-0.0035  	-0.0101  	-0.0407  	0.16475  	-0.2150  	0.03020  	0.06851  	0.18020  	0.01305  	-0.2889  	-0.0885  	0.22795  	0.05354  	0.04078  	0.26487  	0.01838  	-0.0216  	-0.0459  	0.10070  	0.08024  	-0.1312  	-0.0721  	-0.0292  	-0.0107  	0.00015  	-0.0257  	0.00065  	-0.0166  	0.01396  	0.01934  	-0.0261  	-0.0273  	0.02451  	0.04105  	0.02015  	0.06075  	0.07804  	-0.0720  	-0.0038  	0.02360  	0.47955  	
-0.5968  	-0.0660  	-0.4353  	-0.2192  	-0.0784  	-0.1527  	0.20753  	-0.1127  	0.13393  	0.40262  	-0.2079  	0.82685  	0.16152  	-0.3830  	-1.3187  	0.22727  	0.48829  	0.12530  	0.43962  	0.17137  	-0.2773  	0.53084  	0.31279  	-0.2483  	0.01289  	0.08154  	0.11800  	-0.2909  	-0.2442  	-0.0059  	0.01810  	-0.0361  	0.14615  	-0.2160  	-0.0608  	0.12480  	0.07773  	-0.0198  	-0.2344  	-0.0852  	0.22933  	0.04417  	0.04887  	0.26224  	0.01604  	-0.0226  	-0.0372  	0.11189  	0.08663  	-0.1343  	-0.0679  	-0.0285  	-0.0164  	-0.0082  	-0.0230  	-0.0035  	-0.0234  	0.01690  	0.01139  	-0.0301  	-0.0213  	0.01382  	0.04607  	0.02202  	0.06330  	0.08044  	-0.0720  	-0.0039  	0.02313  	0.47677  	
-0.6633  	-0.0814  	-0.4787  	-0.3001  	-0.0785  	-0.1850  	0.21037  	-0.1431  	0.12642  	0.41527  	-0.1795  	0.81329  	0.15455  	-0.4477  	-1.3906  	0.21332  	0.49896  	0.12300  	0.45041  	0.18816  	-0.2858  	0.50867  	0.31939  	-0.2528  	0.00584  	0.09600  	0.12417  	-0.2855  	-0.2513  	-0.0178  	0.03022  	-0.0345  	0.14067  	-0.2165  	-0.0792  	0.13673  	0.08304  	-0.0332  	-0.2390  	-0.1065  	0.23834  	0.04091  	0.04786  	0.26625  	0.02164  	-0.0217  	-0.0379  	0.11016  	0.08589  	-0.1321  	-0.0707  	-0.0274  	-0.0114  	-0.0088  	-0.0204  	-0.0064  	-0.0281  	0.01707  	0.01355  	-0.0320  	-0.0195  	0.01790  	0.04590  	0.02145  	0.06573  	0.08283  	-0.0712  	-0.0040  	0.02365  	0.45830  	
-0.6291  	-0.0680  	-0.4591  	-0.2611  	-0.0852  	-0.1483  	0.20225  	-0.1182  	0.14147  	0.39353  	-0.1911  	0.83232  	0.16412  	-0.4146  	-1.3409  	0.23891  	0.50294  	0.11995  	0.44153  	0.18073  	-0.2588  	0.50673  	0.32106  	-0.2435  	-0.0191  	0.10133  	0.12356  	-0.2955  	-0.2732  	-0.0243  	0.02905  	-0.0351  	0.14802  	-0.2138  	-0.0593  	0.11534  	0.08709  	-0.0267  	-0.2452  	-0.1035  	0.22339  	0.04424  	0.04968  	0.26373  	0.02235  	-0.0229  	-0.0372  	0.10585  	0.08519  	-0.1289  	-0.0705  	-0.0276  	-0.0138  	-0.0055  	-0.0183  	-0.0040  	-0.0273  	0.01678  	0.01346  	-0.0319  	-0.0213  	0.01657  	0.04340  	0.02144  	0.06672  	0.08600  	-0.0704  	-0.0037  	0.02377  	0.45510  	
-0.6353  	-0.0498  	-0.4828  	-0.2495  	-0.0447  	-0.2006  	0.20201  	-0.1062  	0.14663  	0.40685  	-0.2149  	0.86136  	0.17806  	-0.3972  	-1.3268  	0.22572  	0.47819  	0.14556  	0.44110  	0.19669  	-0.2865  	0.50991  	0.31598  	-0.2467  	-0.0156  	0.08484  	0.10784  	-0.2659  	-0.2386  	-0.0181  	0.02166  	-0.0482  	0.14959  	-0.2060  	-0.0599  	0.12536  	0.05104  	-0.0397  	-0.2279  	-0.0811  	0.22626  	0.03682  	0.04549  	0.26284  	0.02134  	-0.0214  	-0.0404  	0.11361  	0.08738  	-0.1334  	-0.0649  	-0.0275  	-0.0120  	-0.0047  	-0.0180  	-0.0016  	-0.0267  	0.01769  	0.01664  	-0.0295  	-0.0216  	0.01609  	0.04501  	0.01941  	0.06420  	0.08769  	-0.0693  	-0.0034  	0.02361  	0.46703  	
-0.5508  	-0.0312  	-0.4562  	-0.1483  	-0.0083  	-0.1355  	0.20302  	-0.0622  	0.14604  	0.35622  	-0.2520  	0.85339  	0.20048  	-0.3173  	-1.2296  	0.23594  	0.49171  	0.11950  	0.42773  	0.20330  	-0.2359  	0.51281  	0.28879  	-0.2274  	0.00228  	0.08816  	0.14283  	-0.2690  	-0.2673  	-0.0154  	0.02213  	-0.0423  	0.16724  	-0.2098  	-0.0211  	0.10960  	0.07926  	-0.0369  	-0.2501  	-0.0873  	0.20671  	0.04072  	0.02551  	0.25982  	0.01965  	-0.0183  	-0.0378  	0.10123  	0.08142  	-0.1294  	-0.0602  	-0.0267  	-0.0097  	-0.0056  	-0.0218  	0.00253  	-0.0204  	0.01779  	0.01829  	-0.0280  	-0.0216  	0.01919  	0.04039  	0.01994  	0.06046  	0.08910  	-0.0684  	-0.0026  	0.02482  	0.47130  	
-0.3351  	0.05401  	-0.3025  	-0.1106  	0.00600  	-0.0599  	0.16344  	0.02678  	0.13269  	0.30041  	-0.2367  	0.87591  	0.22268  	-0.3009  	-1.1560  	0.22436  	0.56283  	-0.0997  	0.50926  	-0.0865  	-0.0969  	0.28329  	0.06379  	-0.1847  	-0.0387  	0.16202  	0.18663  	-0.4610  	-0.2354  	-0.0215  	0.09847  	-0.0856  	0.07399  	-0.3853  	-0.0174  	0.06089  	0.06605  	-0.0170  	-0.3897  	-0.1588  	0.25337  	0.17915  	-0.0923  	0.33438  	-0.0286  	-0.0015  	-0.0689  	0.13021  	0.07095  	-0.1489  	-0.0505  	-0.0259  	-0.0131  	0.00644  	-0.0217  	0.00472  	-0.0117  	0.00165  	0.01403  	-0.0225  	-0.0250  	0.00983  	0.02942  	0.01779  	0.05832  	0.08878  	-0.0677  	-0.0018  	0.02667  	0.47304  	
-0.1975  	0.05025  	-0.1895  	0.00644  	0.05722  	0.03108  	0.17374  	0.07835  	0.13058  	0.30970  	-0.2397  	0.86044  	0.27647  	-0.3475  	-1.1028  	0.25877  	0.60010  	-0.1752  	0.56085  	-0.2779  	-0.0477  	0.08926  	-0.2010  	-0.1821  	-0.0381  	0.22672  	0.18711  	-0.5067  	-0.1578  	-0.0311  	0.17435  	-0.1029  	-0.0017  	-0.5089  	-0.0368  	0.08422  	-0.0043  	-0.0252  	-0.4930  	-0.2339  	0.29746  	0.28687  	-0.1805  	0.40314  	-0.0790  	0.01212  	-0.0875  	0.15356  	0.07069  	-0.1638  	-0.0306  	-0.0220  	-0.0077  	0.01838  	-0.0111  	0.00299  	-0.0148  	-0.0039  	0.01607  	-0.0115  	-0.0247  	-0.0032  	0.02204  	0.02123  	0.05766  	0.08891  	-0.0673  	-0.0009  	0.02811  	0.48194  	
-0.1770  	0.03509  	-0.1729  	0.02779  	0.04609  	0.03458  	0.17725  	0.06386  	0.12264  	0.30588  	-0.2313  	0.86234  	0.28683  	-0.3998  	-1.0970  	0.24340  	0.60460  	-0.2135  	0.57638  	-0.3014  	-0.0568  	0.03816  	-0.2872  	-0.2002  	-0.0101  	0.23091  	0.18606  	-0.4956  	-0.1168  	-0.0064  	0.18963  	-0.0986  	-0.0465  	-0.5403  	-0.0429  	0.11520  	-0.0321  	-0.0183  	-0.5113  	-0.2464  	0.31549  	0.31128  	-0.1963  	0.42079  	-0.0893  	0.01776  	-0.0969  	0.15703  	0.06700  	-0.1749  	-0.0251  	-0.0196  	-0.0054  	0.01929  	-0.0080  	0.00243  	-0.0116  	-0.0014  	0.01754  	-0.0131  	-0.0250  	-0.0067  	0.02401  	0.02229  	0.05858  	0.08787  	-0.0667  	0.00075  	0.02914  	0.48498  	
-0.1541  	0.02730  	-0.1965  	0.01304  	0.03279  	0.08866  	0.18319  	0.05104  	0.09311  	0.28273  	-0.2320  	0.82564  	0.26462  	-0.3757  	-1.0711  	0.22084  	0.60447  	-0.2027  	0.58322  	-0.3189  	-0.0222  	0.12537  	-0.1906  	-0.1694  	0.02108  	0.19611  	0.24921  	-0.5388  	-0.1550  	0.00221  	0.16775  	-0.0778  	-0.0471  	-0.5180  	-0.0125  	0.12565  	0.02101  	-0.0141  	-0.4875  	-0.2203  	0.30493  	0.29032  	-0.1865  	0.40765  	-0.0779  	0.01687  	-0.0968  	0.15329  	0.06502  	-0.1669  	-0.0326  	-0.0194  	-0.0034  	0.01881  	-0.0086  	0.00395  	-0.0130  	-4.6754  	0.02065  	-0.0110  	-0.0235  	-0.0056  	0.02158  	0.01937  	0.05913  	0.08670  	-0.0665  	0.00278  	0.03010  	0.48448  	
-0.1285  	0.02836  	-0.2039  	0.02985  	0.01428  	0.15696  	0.20362  	0.03024  	0.10650  	0.27320  	-0.2238  	0.80322  	0.21491  	-0.3081  	-1.0757  	0.25562  	0.54724  	-0.1012  	0.54597  	-0.1275  	-0.0144  	0.32770  	0.04487  	-0.1222  	0.06709  	0.11017  	0.28007  	-0.5394  	-0.2819  	0.00438  	0.06982  	-0.0229  	0.03630  	-0.3933  	0.06522  	0.11409  	0.13865  	0.00208  	-0.4044  	-0.1462  	0.24586  	0.18048  	-0.1035  	0.34173  	-0.0285  	0.00377  	-0.0710  	0.13784  	0.07419  	-0.1472  	-0.0424  	-0.0211  	-0.0054  	0.01106  	-0.0140  	0.00611  	-0.0131  	0.00549  	0.01585  	-0.0134  	-0.0225  	-0.0015  	0.02985  	0.01403  	0.06113  	0.08507  	-0.0669  	0.00481  	0.03010  	0.48868  	
-0.1460  	0.00406  	-0.2529  	0.00729  	0.01239  	0.18475  	0.22984  	-0.0271  	0.12071  	0.29268  	-0.2362  	0.80277  	0.16799  	-0.2424  	-1.1181  	0.29770  	0.45931  	0.05695  	0.46202  	0.13467  	-0.0846  	0.56187  	0.29869  	-0.1268  	0.13521  	0.01199  	0.29128  	-0.4465  	-0.3709  	0.02694  	-0.0432  	0.02476  	0.13124  	-0.2287  	0.13303  	0.13581  	0.22545  	0.00200  	-0.2986  	-0.0736  	0.16476  	0.04853  	0.01056  	0.26011  	0.03357  	-0.0183  	-0.0434  	0.11693  	0.09130  	-0.1363  	-0.0471  	-0.0245  	-0.0062  	-0.0073  	-0.0223  	0.00771  	-0.0095  	0.01735  	0.01362  	-0.0226  	-0.0289  	0.00077  	0.04630  	0.01172  	0.06282  	0.08570  	-0.0668  	0.00658  	0.02899  	0.47621  	
-0.1508  	0.05466  	-0.1881  	-0.1745  	-0.0460  	0.06607  	0.23598  	-0.0618  	0.18712  	0.36808  	-0.2064  	0.84062  	0.18577  	-0.3414  	-1.3968  	0.44660  	0.42349  	0.13160  	0.47249  	0.21493  	-0.2273  	0.47240  	0.20602  	-0.2659  	0.09166  	0.03175  	0.14764  	-0.3185  	-0.3109  	-0.0105  	-0.0214  	-0.0047  	0.17442  	-0.2296  	0.04025  	0.16657  	0.17107  	-0.0243  	-0.2416  	-0.0536  	0.23560  	0.03569  	0.06187  	0.25481  	0.02553  	-0.0176  	-0.0513  	0.13864  	0.11056  	-0.1352  	-0.0428  	-0.0301  	-0.0149  	-0.0157  	-0.0212  	0.00942  	-0.0169  	0.01658  	0.01161  	-0.0239  	-0.0356  	0.00775  	0.05168  	0.01666  	0.06428  	0.08919  	-0.0656  	0.00769  	0.02723  	0.47988  	
-0.2673  	0.01046  	-0.3089  	-0.1596  	-0.0200  	0.00953  	0.24355  	-0.1039  	0.13508  	0.44586  	-0.2864  	0.84110  	0.16275  	-0.3580  	-1.3744  	0.36763  	0.42469  	0.16212  	0.44625  	0.22309  	-0.3024  	0.49312  	0.19345  	-0.2195  	0.15131  	0.03141  	0.16669  	-0.2542  	-0.1854  	0.02510  	-0.0422  	-0.0067  	0.13424  	-0.2204  	0.00267  	0.22133  	0.07005  	-0.0463  	-0.2265  	-0.0237  	0.20444  	0.04619  	0.04182  	0.26538  	0.02532  	-0.0293  	-0.0548  	0.12246  	0.10443  	-0.1545  	-0.0432  	-0.0349  	-0.0066  	-0.0100  	-0.0177  	-0.0014  	-0.0090  	0.01437  	0.01692  	-0.0248  	-0.0339  	0.01011  	0.05794  	0.02232  	0.06440  	0.09629  	-0.0643  	0.00909  	0.02546  	0.46890  	
-0.5619  	-0.0948  	-0.4679  	-0.0635  	0.04016  	-0.0673  	0.24215  	-0.1096  	0.09352  	0.34028  	-0.2903  	0.80440  	0.14931  	-0.3377  	-1.2907  	0.29660  	0.46550  	0.12757  	0.47832  	0.20170  	-0.2409  	0.52268  	0.18825  	-0.1051  	0.23266  	0.02664  	0.30289  	-0.3107  	-0.2564  	0.06477  	-0.0553  	-0.0060  	0.10935  	-0.2374  	0.00384  	0.21399  	0.10837  	-0.0381  	-0.2383  	-0.0492  	0.13836  	0.06165  	-0.0005  	0.25549  	0.03104  	-0.0216  	-0.0530  	0.11368  	0.08897  	-0.1402  	-0.0468  	-0.0263  	-0.0070  	-0.0043  	-0.0220  	-0.0033  	-0.0121  	0.02458  	0.02609  	-0.0222  	-0.0322  	-0.0041  	0.05937  	0.02224  	0.06357  	0.10410  	-0.0631  	0.01079  	0.02359  	0.46064  	
-0.4896  	-0.0308  	-0.4677  	0.07970  	0.16224  	-0.0230  	0.20125  	-0.0304  	0.13088  	0.30808  	-0.3605  	0.97709  	0.21410  	-0.2061  	-1.0730  	0.19655  	0.47304  	0.08675  	0.42412  	0.23996  	-0.2279  	0.50036  	0.21837  	-0.1664  	0.16867  	0.03244  	0.25549  	-0.2790  	-0.2241  	0.08371  	-0.0344  	-0.0365  	0.15449  	-0.1985  	0.05109  	0.12465  	0.03616  	-0.0585  	-0.2160  	-0.0480  	0.10195  	0.06228  	-0.0136  	0.24798  	0.03954  	-0.0193  	-0.0476  	0.11029  	0.09558  	-0.1491  	-0.0354  	-0.0278  	-0.0186  	-0.0062  	-0.0319  	0.01008  	-0.0098  	0.01338  	0.02698  	-0.0225  	-0.0313  	0.00678  	0.04869  	0.01623  	0.06035  	0.11383  	-0.0635  	0.01201  	0.02172  	0.46907  	
-0.2822  	0.03518  	-0.3885  	0.22545  	0.27536  	0.02120  	0.22473  	0.04515  	0.15961  	0.29289  	-0.4813  	1.05873  	0.28565  	-0.0289  	-0.9461  	0.27920  	0.47879  	0.12161  	0.40986  	0.25007  	-0.2597  	0.53279  	0.16319  	-0.2202  	0.12348  	0.03738  	0.20673  	-0.2160  	-0.1713  	0.09760  	-0.0448  	-0.0675  	0.17871  	-0.1986  	0.08532  	0.09194  	0.02359  	-0.0585  	-0.2058  	-0.0458  	0.09960  	0.05523  	0.02918  	0.25552  	0.03200  	-0.0264  	-0.0530  	0.13187  	0.09753  	-0.1497  	-0.0526  	-0.0313  	-0.0161  	-0.0055  	-0.0311  	0.00850  	-0.0069  	0.00971  	0.01524  	-0.0224  	-0.0354  	0.01214  	0.04186  	0.01794  	0.05687  	0.12293  	-0.0633  	0.01298  	0.02039  	0.46467  	
-0.4066  	-0.0137  	-0.5126  	0.10260  	0.19415  	-0.0757  	0.23134  	-0.0238  	0.15939  	0.33264  	-0.3890  	1.00250  	0.29902  	-0.1590  	-1.0699  	0.24371  	0.46043  	0.14662  	0.39620  	0.30955  	-0.2801  	0.52347  	0.15412  	-0.2594  	0.09111  	0.07538  	0.13199  	-0.1702  	-0.1414  	0.06419  	-0.0272  	-0.0712  	0.20928  	-0.1882  	0.06278  	0.10088  	-0.0097  	-0.0678  	-0.1880  	-0.0489  	0.14113  	0.05268  	0.00299  	0.25460  	0.02606  	-0.0312  	-0.0451  	0.12654  	0.09601  	-0.1457  	-0.0498  	-0.0253  	-0.0191  	-0.0116  	-0.0210  	0.00758  	-0.0054  	0.01230  	0.01966  	-0.0220  	-0.0229  	0.00863  	0.05402  	0.02367  	0.05456  	0.13305  	-0.0657  	0.01368  	0.01977  	0.47616  	
-0.5876  	-0.0678  	-0.5645  	-0.0549  	0.11733  	-0.1672  	0.22288  	-0.0582  	0.15695  	0.37327  	-0.2975  	0.95091  	0.24358  	-0.2674  	-1.2083  	0.21946  	0.42670  	0.16412  	0.41872  	0.29015  	-0.3221  	0.51131  	0.19732  	-0.2525  	0.06430  	0.09346  	0.08481  	-0.1732  	-0.1706  	0.01990  	-0.0079  	-0.0720  	0.19721  	-0.1929  	0.01265  	0.11635  	-0.0023  	-0.0756  	-0.1862  	-0.0515  	0.17529  	0.05496  	0.01073  	0.25546  	0.02802  	-0.0241  	-0.0454  	0.12482  	0.09532  	-0.1424  	-0.0596  	-0.0269  	-0.0218  	-0.0119  	-0.0200  	0.00262  	-0.0149  	0.01596  	0.02092  	-0.0235  	-0.0240  	0.00859  	0.05006  	0.02333  	0.05497  	0.14391  	-0.0682  	0.01396  	0.01925  	0.50576  	
-0.7078  	-0.0965  	-0.6084  	-0.1645  	0.05814  	-0.1969  	0.21366  	-0.0776  	0.13460  	0.41513  	-0.2518  	0.89474  	0.21264  	-0.2965  	-1.3258  	0.18557  	0.41826  	0.16949  	0.43636  	0.29578  	-0.3384  	0.49959  	0.22519  	-0.2433  	0.07126  	0.09364  	0.06089  	-0.1925  	-0.1947  	0.01139  	0.00149  	-0.0824  	0.18364  	-0.2043  	-0.0208  	0.12409  	-0.0037  	-0.0882  	-0.1727  	-0.0414  	0.17591  	0.05492  	0.01411  	0.27352  	0.02899  	-0.0214  	-0.0510  	0.12195  	0.08999  	-0.1342  	-0.0648  	-0.0304  	-0.0165  	-0.0103  	-0.0252  	-0.0017  	-0.0105  	0.02154  	0.01803  	-0.0251  	-0.0227  	0.00864  	0.04543  	0.01941  	0.05648  	0.15701  	-0.0716  	0.01415  	0.01842  	0.52758  	
-0.7855  	-0.1195  	-0.6262  	-0.2419  	0.00256  	-0.2237  	0.20306  	-0.0755  	0.12162  	0.45135  	-0.1962  	0.84667  	0.17607  	-0.3199  	-1.3733  	0.15875  	0.43620  	0.13328  	0.44933  	0.29267  	-0.2721  	0.50756  	0.23681  	-0.2074  	0.06546  	0.08786  	0.10139  	-0.2309  	-0.2291  	-0.0009  	-0.0029  	-0.0699  	0.16502  	-0.2000  	-0.0117  	0.10591  	0.02198  	-0.0875  	-0.2000  	-0.0362  	0.15677  	0.05267  	-0.0053  	0.26792  	0.03059  	-0.0258  	-0.0420  	0.11371  	0.08287  	-0.1344  	-0.0685  	-0.0300  	-0.0112  	3.12030  	-0.0237  	-0.0039  	-0.0107  	0.01594  	0.01795  	-0.0138  	-0.0233  	0.01116  	0.03647  	0.01611  	0.05948  	0.16917  	-0.0740  	0.01461  	0.01793  	0.54807  	
-0.7716  	-0.1259  	-0.6177  	-0.2658  	-0.0035  	-0.2418  	0.20838  	-0.0695  	0.12133  	0.44135  	-0.1722  	0.84803  	0.18338  	-0.3324  	-1.3780  	0.14604  	0.43008  	0.11929  	0.43922  	0.28005  	-0.2413  	0.50845  	0.24378  	-0.1932  	0.05019  	0.08313  	0.12206  	-0.2569  	-0.2465  	-0.0089  	-0.0201  	-0.0712  	0.15941  	-0.1950  	0.01658  	0.09233  	0.03741  	-0.0809  	-0.2063  	-0.0406  	0.15282  	0.06583  	-0.0171  	0.25313  	0.03042  	-0.0277  	-0.0390  	0.10666  	0.09001  	-0.1396  	-0.0637  	-0.0306  	-0.0106  	0.00289  	-0.0269  	-0.0009  	-0.0110  	0.01383  	0.02161  	-0.0136  	-0.0248  	0.01316  	0.03031  	0.01523  	0.06204  	0.18309  	-0.0759  	0.01459  	0.01805  	0.56351  	
-0.8278  	-0.1493  	-0.6493  	-0.3366  	-0.0348  	-0.2854  	0.21331  	-0.0580  	0.11717  	0.46995  	-0.1035  	0.85662  	0.17953  	-0.3272  	-1.4411  	0.09766  	0.42344  	0.10435  	0.43714  	0.27670  	-0.2232  	0.50388  	0.28511  	-0.1845  	0.01212  	0.09538  	0.12101  	-0.2513  	-0.2483  	-0.0283  	-0.0316  	-0.0838  	0.16805  	-0.2010  	0.01062  	0.07778  	0.05073  	-0.0832  	-0.2129  	-0.0492  	0.15683  	0.06991  	-0.0264  	0.25363  	0.03175  	-0.0305  	-0.0359  	0.10437  	0.08745  	-0.1408  	-0.0661  	-0.0320  	-0.0125  	0.00182  	-0.0316  	-0.0038  	-0.0147  	0.01258  	0.02037  	-0.0165  	-0.0236  	0.01926  	0.02437  	0.01625  	0.06667  	0.19860  	-0.0745  	0.01462  	0.01895  	0.55790  	
-0.8468  	-0.1405  	-0.6437  	-0.3688  	-0.0338  	-0.3217  	0.20411  	-0.0376  	0.11907  	0.49448  	-0.0970  	0.84735  	0.17456  	-0.3227  	-1.4778  	0.08805  	0.43119  	0.09483  	0.45388  	0.26578  	-0.2050  	0.50280  	0.30621  	-0.1802  	-0.0011  	0.09985  	0.12043  	-0.2531  	-0.2426  	-0.0308  	-0.0230  	-0.0766  	0.16812  	-0.2076  	-0.0063  	0.07420  	0.05746  	-0.0795  	-0.2139  	-0.0615  	0.16176  	0.06108  	-0.0217  	0.25128  	0.03241  	-0.0283  	-0.0376  	0.11242  	0.08107  	-0.1400  	-0.0710  	-0.0321  	-0.0104  	-0.0049  	-0.0335  	-0.0073  	-0.0160  	0.01487  	0.01829  	-0.0188  	-0.0240  	0.01872  	0.02974  	0.01836  	0.07105  	0.21779  	-0.0696  	0.01431  	0.02007  	0.54566  	
-0.8229  	-0.1100  	-0.6105  	-0.4186  	-0.0633  	-0.2916  	0.18507  	-0.0146  	0.13243  	0.47874  	-0.1117  	0.82250  	0.16854  	-0.3051  	-1.5137  	0.08957  	0.45376  	0.08538  	0.48302  	0.22393  	-0.2018  	0.49635  	0.33479  	-0.1696  	0.01425  	0.09571  	0.14116  	-0.2675  	-0.2349  	-0.0210  	-0.0156  	-0.0599  	0.15063  	-0.2064  	-0.0173  	0.06567  	0.06838  	-0.0636  	-0.2103  	-0.0730  	0.17364  	0.05740  	-0.0091  	0.24260  	0.02651  	-0.0292  	-0.0443  	0.11988  	0.08636  	-0.1397  	-0.0697  	-0.0335  	-0.0134  	-0.0034  	-0.0318  	-0.0019  	-0.0215  	0.01379  	0.02292  	-0.0166  	-0.0234  	0.01935  	0.03425  	0.01876  	0.07697  	0.23740  	-0.0611  	0.01406  	0.02062  	0.56151  	
-0.7242  	-0.0967  	-0.5567  	-0.4416  	-0.1055  	-0.2651  	0.20844  	-0.0289  	0.12611  	0.44352  	-0.1587  	0.78535  	0.17614  	-0.3225  	-1.4563  	0.05814  	0.49656  	0.11243  	0.46230  	0.18251  	-0.2476  	0.51625  	0.34039  	-0.1491  	0.09650  	0.06706  	0.17735  	-0.3278  	-0.2327  	-0.0169  	-0.0073  	-0.0618  	0.14036  	-0.2217  	-0.0768  	0.09669  	0.07699  	-0.0426  	-0.2065  	-0.0623  	0.17842  	0.05833  	0.01071  	0.24387  	0.03108  	-0.0263  	-0.0434  	0.12512  	0.08814  	-0.1319  	-0.0683  	-0.0301  	-0.0203  	-0.0061  	-0.0265  	-0.0084  	-0.0139  	0.01484  	0.01935  	-0.0298  	-0.0255  	0.01376  	0.04526  	0.01656  	0.08106  	0.25755  	-0.0513  	0.01434  	0.02121  	0.56927  	
-0.5656  	-0.0408  	-0.4650  	-0.4134  	-0.1109  	-0.1152  	0.20540  	-0.0692  	0.14098  	0.39680  	-0.2971  	0.78321  	0.21320  	-0.3155  	-1.2642  	0.10203  	0.51643  	0.12091  	0.47543  	0.15701  	-0.2251  	0.51366  	0.38130  	-0.1675  	0.10340  	0.06521  	0.22154  	-0.3686  	-0.2278  	0.01408  	0.01763  	-0.0572  	0.15077  	-0.2231  	-0.0797  	0.09167  	0.09081  	-0.0379  	-0.2294  	-0.0365  	0.22625  	0.03243  	0.05507  	0.27349  	0.02939  	-0.0247  	-0.0442  	0.12011  	0.08744  	-0.1375  	-0.0651  	-0.0311  	-0.0236  	-0.0052  	-0.0287  	-0.0115  	-0.0149  	0.01289  	0.01532  	-0.0250  	-0.0280  	0.01270  	0.04464  	0.01561  	0.08426  	0.27540  	-0.0392  	0.01521  	0.02223  	0.57039  	
-0.3772  	0.03182  	-0.3401  	-0.1603  	-0.0321  	0.03552  	0.22829  	0.02142  	0.19121  	0.30666  	-0.3784  	0.84220  	0.20278  	-0.2678  	-1.1845  	0.23855  	0.52260  	0.09663  	0.47235  	0.16203  	-0.2033  	0.53420  	0.38290  	-0.2089  	0.07900  	0.06547  	0.19269  	-0.4120  	-0.2692  	0.03389  	0.00056  	-0.0487  	0.16812  	-0.2187  	-0.0499  	0.06776  	0.11755  	-0.0093  	-0.2241  	-0.0788  	0.22935  	0.02432  	0.06820  	0.28783  	0.00748  	-0.0225  	-0.0390  	0.12643  	0.08992  	-0.1426  	-0.0654  	-0.0255  	-0.0192  	-0.0024  	-0.0229  	0.00714  	-0.0247  	0.01295  	0.01290  	-0.0304  	-0.0239  	0.01505  	0.04315  	0.01746  	0.08449  	0.29177  	-0.0274  	0.01539  	0.02414  	0.56044  	
-0.4074  	0.00274  	-0.3984  	-0.0938  	-0.0122  	0.02572  	0.20124  	-0.0567  	0.16498  	0.28416  	-0.4353  	0.89512  	0.18848  	-0.3299  	-1.1497  	0.20038  	0.51835  	0.11662  	0.45846  	0.13702  	-0.2746  	0.56409  	0.36602  	-0.2519  	0.09227  	0.07597  	0.15843  	-0.3245  	-0.2039  	0.03970  	-0.0103  	-0.0526  	0.14883  	-0.1998  	-0.0808  	0.10521  	0.07543  	-0.0213  	-0.2142  	-0.0591  	0.24140  	0.02360  	0.06380  	0.29116  	0.01008  	-0.0274  	-0.0384  	0.11866  	0.09221  	-0.1433  	-0.0628  	-0.0251  	-0.0171  	-0.0018  	-0.0261  	0.00100  	-0.0218  	0.01622  	0.01198  	-0.0320  	-0.0276  	0.01249  	0.04843  	0.01569  	0.08403  	0.30338  	-0.0147  	0.01556  	0.02655  	0.55131  	
-0.2778  	0.01792  	-0.3143  	0.02758  	0.09218  	0.12465  	0.21569  	-0.0490  	0.18251  	0.26100  	-0.4377  	0.89512  	0.21547  	-0.2651  	-1.0987  	0.25595  	0.49410  	0.10741  	0.45501  	0.20680  	-0.2471  	0.52521  	0.26060  	-0.2175  	0.13255  	0.04216  	0.18980  	-0.2942  	-0.2148  	0.06331  	-0.0338  	-0.0275  	0.15828  	-0.1979  	0.01512  	0.10189  	0.09538  	-0.0283  	-0.2268  	-0.0538  	0.21010  	0.02131  	0.04376  	0.28006  	0.02384  	-0.0274  	-0.0434  	0.11905  	0.09440  	-0.1456  	-0.0431  	-0.0284  	-0.0166  	-0.0072  	-0.0255  	0.01474  	-0.0150  	0.01516  	0.01509  	-0.0296  	-0.0277  	0.00571  	0.03834  	0.01966  	0.08083  	0.31314  	-0.0060  	0.01559  	0.02779  	0.57299  	
-0.4256  	-0.0570  	-0.4303  	0.01999  	0.10857  	-0.0169  	0.23144  	-0.0999  	0.14192  	0.31663  	-0.3818  	0.89825  	0.19939  	-0.3074  	-1.1290  	0.21371  	0.46458  	0.17242  	0.43959  	0.25581  	-0.3042  	0.54354  	0.19166  	-0.2105  	0.14457  	0.05978  	0.15381  	-0.2117  	-0.1511  	0.05275  	-0.0280  	-0.0451  	0.15383  	-0.2019  	-0.0067  	0.14191  	0.01871  	-0.0654  	-0.2028  	-0.0347  	0.17847  	0.04400  	0.02080  	0.26551  	0.03288  	-0.0270  	-0.0480  	0.12456  	0.09052  	-0.1450  	-0.0459  	-0.0276  	-0.0115  	-0.0060  	-0.0228  	0.00188  	-0.0074  	0.01730  	0.01885  	-0.0267  	-0.0331  	0.00372  	0.04788  	0.01944  	0.07799  	0.32106  	0.00207  	0.01581  	0.02881  	0.59826  	
-0.4569  	-0.0462  	-0.5015  	0.16673  	0.21309  	-0.0537  	0.19854  	-0.0471  	0.12637  	0.31151  	-0.4070  	0.97148  	0.25570  	-0.2005  	-1.0610  	0.22530  	0.48782  	0.14135  	0.43509  	0.26016  	-0.2919  	0.50487  	0.19357  	-0.2028  	0.13138  	0.04661  	0.17842  	-0.1901  	-0.1544  	0.07815  	-0.0434  	-0.0393  	0.15847  	-0.2060  	0.03386  	0.10943  	-0.0137  	-0.0582  	-0.2105  	-0.0542  	0.13155  	0.04337  	0.00939  	0.24610  	0.03924  	-0.0199  	-0.0461  	0.12694  	0.09565  	-0.1566  	-0.0518  	-0.0257  	-0.0214  	-0.0067  	-0.0268  	0.00323  	-0.0131  	0.01009  	0.02715  	-0.0257  	-0.0277  	0.00218  	0.04380  	0.01103  	0.07413  	0.32930  	0.00778  	0.01568  	0.02946  	0.61170  	
-0.3677  	-0.0051  	-0.4387  	0.19148  	0.23827  	0.00767  	0.20342  	0.00256  	0.15905  	0.29657  	-0.4552  	1.01851  	0.29641  	-0.0806  	-0.9909  	0.25403  	0.47101  	0.12371  	0.41129  	0.26607  	-0.2616  	0.50795  	0.17012  	-0.2261  	0.08251  	0.06095  	0.15560  	-0.2049  	-0.1620  	0.08166  	-0.0460  	-0.0604  	0.17683  	-0.1955  	0.06227  	0.09260  	-0.0032  	-0.0517  	-0.1982  	-0.0476  	0.13693  	0.05501  	0.02459  	0.25619  	0.03028  	-0.0270  	-0.0453  	0.12093  	0.09248  	-0.1421  	-0.0479  	-0.0267  	-0.0198  	-0.0055  	-0.0279  	0.00202  	-0.0070  	0.01521  	0.02686  	-0.0235  	-0.0271  	0.00979  	0.04619  	0.01763  	0.07155  	0.33545  	0.01346  	0.01535  	0.03044  	0.62165  	
-0.4871  	-0.0453  	-0.5046  	0.03456  	0.15972  	-0.0963  	0.22032  	-0.0096  	0.15752  	0.35965  	-0.3382  	0.98237  	0.26891  	-0.1571  	-1.1283  	0.23613  	0.43346  	0.14761  	0.43128  	0.27887  	-0.2726  	0.50503  	0.18369  	-0.2323  	0.05385  	0.08220  	0.10050  	-0.1863  	-0.1691  	0.04054  	-0.0366  	-0.0633  	0.19474  	-0.2027  	0.04257  	0.09942  	-0.0051  	-0.0597  	-0.2011  	-0.0515  	0.16725  	0.05824  	0.02002  	0.26088  	0.03301  	-0.0272  	-0.0395  	0.12007  	0.09620  	-0.1431  	-0.0558  	-0.0271  	-0.0230  	-0.0078  	-0.0242  	-0.0016  	-0.0113  	0.01515  	0.02689  	-0.0264  	-0.0256  	0.01156  	0.04673  	0.01824  	0.06917  	0.34229  	0.01682  	0.01473  	0.03126  	0.64610  	
-0.5983  	-0.0937  	-0.5638  	-0.0588  	0.10594  	-0.1529  	0.23308  	-0.0445  	0.13793  	0.40487  	-0.2564  	0.94408  	0.21393  	-0.2489  	-1.2369  	0.19950  	0.41389  	0.15730  	0.43476  	0.25026  	-0.2859  	0.48683  	0.20465  	-0.2323  	0.06965  	0.07921  	0.08067  	-0.1704  	-0.1776  	0.02499  	-0.0276  	-0.0702  	0.17224  	-0.1976  	0.01271  	0.12210  	-0.0027  	-0.0697  	-0.1999  	-0.0428  	0.17858  	0.05860  	0.01981  	0.26323  	0.03619  	-0.0245  	-0.0457  	0.11237  	0.09462  	-0.1380  	-0.0624  	-0.0317  	-0.0163  	-0.0044  	-0.0204  	-0.0022  	-0.0087  	0.01859  	0.02328  	-0.0238  	-0.0246  	0.01040  	0.04718  	0.02001  	0.06837  	0.35046  	0.02049  	0.01460  	0.03194  	0.64509  	
-0.6191  	-0.1048  	-0.5731  	-0.0767  	0.08139  	-0.1753  	0.23473  	-0.0650  	0.13692  	0.41065  	-0.2328  	0.93284  	0.19643  	-0.2803  	-1.2602  	0.20007  	0.40903  	0.16330  	0.43075  	0.24968  	-0.2800  	0.49819  	0.20650  	-0.2263  	0.06254  	0.07230  	0.07321  	-0.1847  	-0.1958  	0.01640  	-0.0240  	-0.0705  	0.16579  	-0.1955  	0.01629  	0.13005  	0.00998  	-0.0670  	-0.1975  	-0.0428  	0.18491  	0.05860  	0.01325  	0.26444  	0.03273  	-0.0235  	-0.0489  	0.11141  	0.09509  	-0.1398  	-0.0610  	-0.0324  	-0.0155  	-0.0032  	-0.0213  	-0.0017  	-0.0087  	0.02086  	0.02321  	-0.0248  	-0.0237  	0.00802  	0.04810  	0.02239  	0.06848  	0.36073  	0.02468  	0.01348  	0.03121  	0.66258  	
-0.6511  	-0.1116  	-0.5663  	-0.1098  	0.05448  	-0.1815  	0.23102  	-0.0514  	0.13048  	0.42052  	-0.2298  	0.92049  	0.17703  	-0.2938  	-1.2956  	0.19114  	0.40751  	0.16208  	0.43568  	0.24334  	-0.2730  	0.49206  	0.22956  	-0.2291  	0.05408  	0.07380  	0.09092  	-0.1917  	-0.1989  	0.01225  	-0.0231  	-0.0664  	0.16318  	-0.2017  	0.01227  	0.13397  	0.01489  	-0.0677  	-0.1937  	-0.0386  	0.18709  	0.05386  	0.01393  	0.27298  	0.03316  	-0.0252  	-0.0494  	0.11149  	0.09373  	-0.1400  	-0.0630  	-0.0338  	-0.0132  	-0.0036  	-0.0201  	-0.0027  	-0.0107  	0.02108  	0.02239  	-0.0233  	-0.0232  	0.00967  	0.05008  	0.02314  	0.06787  	0.39116  	0.03365  	0.01280  	0.02891  	0.71238  	
-0.6396  	-0.1306  	-0.5534  	-0.1089  	0.04454  	-0.1740  	0.23461  	-0.0745  	0.12167  	0.42241  	-0.2124  	0.90224  	0.16761  	-0.3226  	-1.2962  	0.19291  	0.41682  	0.17020  	0.43306  	0.24392  	-0.2837  	0.48939  	0.22444  	-0.2069  	0.06163  	0.06435  	0.07153  	-0.1931  	-0.1955  	0.00074  	-0.0172  	-0.0599  	0.15853  	-0.2042  	-0.0013  	0.13827  	0.00320  	-0.0715  	-0.1934  	-0.0387  	0.19542  	0.05004  	0.01879  	0.26854  	0.02562  	-0.0249  	-0.0502  	0.11843  	0.09302  	-0.1413  	-0.0582  	-0.0324  	-0.0166  	-0.0055  	-0.0187  	-0.0036  	-0.0109  	0.01993  	0.01969  	-0.0279  	-0.0218  	0.01103  	0.05021  	0.02121  	0.06548  	0.39818  	0.03407  	0.01195  	0.02744  	0.72507  	
-0.5480  	-0.0850  	-0.4706  	-0.0418  	0.06887  	-0.1504  	0.19287  	-0.0058  	0.10124  	0.37125  	-0.2386  	0.91409  	0.22811  	-0.3409  	-1.1632  	0.14220  	0.52501  	-0.0184  	0.50488  	-0.0402  	-0.1645  	0.25161  	-0.0569  	-0.1660  	0.03475  	0.15739  	0.13286  	-0.3392  	-0.1331  	-0.0011  	0.09799  	-0.1011  	0.06062  	-0.3723  	-0.0477  	0.09641  	-0.0678  	-0.0671  	-0.3354  	-0.1111  	0.24191  	0.18486  	-0.0995  	0.33909  	-0.0273  	-0.0056  	-0.0713  	0.12886  	0.07317  	-0.1549  	-0.0489  	-0.0254  	-0.0181  	0.01273  	-0.0141  	-0.0027  	-0.0102  	0.00614  	0.01908  	-0.0172  	-0.0223  	0.00780  	0.03219  	0.01856  	0.06446  	0.38488  	0.02845  	0.01092  	0.02691  	0.70907  	
-0.4153  	-0.0292  	-0.3803  	0.09057  	0.11046  	-0.0778  	0.15891  	0.05162  	0.09492  	0.26774  	-0.3156  	0.94689  	0.31229  	-0.3127  	-0.9764  	0.09467  	0.63836  	-0.1754  	0.56960  	-0.2560  	-0.1012  	0.09739  	-0.2548  	-0.1601  	0.00658  	0.23164  	0.17699  	-0.4226  	-0.0598  	0.01276  	0.17340  	-0.1376  	-0.0064  	-0.4951  	-0.0779  	0.05375  	-0.1082  	-0.0553  	-0.4325  	-0.1947  	0.29744  	0.28492  	-0.2039  	0.41467  	-0.0732  	0.01112  	-0.0914  	0.15200  	0.06083  	-0.1645  	-0.0405  	-0.0201  	-0.0133  	0.02496  	-0.0135  	0.00297  	-0.0151  	-0.0021  	0.02435  	-0.0125  	-0.0203  	0.00049  	0.01452  	0.01623  	0.06353  	0.35706  	0.01715  	0.00932  	0.02714  	0.68292  	
-0.2081  	0.04697  	-0.2615  	0.24807  	0.19369  	0.09073  	0.16358  	0.13563  	0.13472  	0.19541  	-0.4522  	0.99622  	0.36276  	-0.1829  	-0.7823  	0.13998  	0.66928  	-0.2589  	0.55546  	-0.3140  	-0.0750  	0.10785  	-0.2971  	-0.1811  	-0.0232  	0.25562  	0.20725  	-0.4968  	-0.0589  	0.03446  	0.18817  	-0.1455  	-0.0209  	-0.5223  	-0.0557  	0.01716  	-0.1064  	-0.0349  	-0.4594  	-0.2306  	0.28768  	0.31645  	-0.2083  	0.42678  	-0.0982  	0.01525  	-0.0910  	0.16530  	0.06555  	-0.1696  	-0.0399  	-0.0208  	-0.0118  	0.03266  	-0.0134  	0.00419  	-0.0173  	-0.0057  	0.01898  	-0.0078  	-0.0161  	-0.0010  	0.00941  	0.01763  	0.06417  	0.31638  	0.00282  	0.00781  	0.02787  	0.64724  	
-0.2024  	0.04558  	-0.2808  	0.26485  	0.20580  	0.11522  	0.18069  	0.11758  	0.13662  	0.19394  	-0.4632  	0.97728  	0.36195  	-0.2072  	-0.7975  	0.16136  	0.64913  	-0.2113  	0.53337  	-0.2412  	-0.1032  	0.13908  	-0.2438  	-0.1892  	0.01583  	0.23056  	0.20488  	-0.4352  	-0.0531  	0.02380  	0.16221  	-0.1388  	0.00297  	-0.4840  	-0.0459  	0.02819  	-0.0968  	-0.0530  	-0.4284  	-0.2068  	0.27229  	0.28818  	-0.1848  	0.41450  	-0.0851  	0.01415  	-0.0881  	0.16144  	0.06362  	-0.1629  	-0.0416  	-0.0240  	-0.0123  	0.02917  	-0.0111  	0.00613  	-0.0170  	-0.0055  	0.01817  	-0.0078  	-0.0199  	0.00038  	0.01162  	0.02026  	0.06505  	0.26998  	-0.0145  	0.00680  	0.02846  	0.60627  	
-0.0473  	0.09724  	-0.2399  	0.37959  	0.23842  	0.24522  	0.20475  	0.13804  	0.16914  	0.18844  	-0.6015  	0.92319  	0.38365  	-0.0298  	-0.6287  	0.23259  	0.58458  	-0.1145  	0.50248  	-0.1046  	-0.1150  	0.37843  	-0.0047  	-0.1513  	0.14218  	0.13906  	0.30311  	-0.4835  	-0.1439  	0.09981  	0.06185  	-0.0908  	0.06123  	-0.3714  	-0.0123  	0.02778  	0.00998  	-0.0472  	-0.3142  	-0.1285  	0.19462  	0.17148  	-0.0820  	0.33741  	-0.0278  	-0.0033  	-0.0807  	0.14843  	0.09398  	-0.1546  	-0.0444  	-0.0245  	-0.0149  	0.00038  	-0.0246  	0.01567  	-0.0185  	0.00204  	0.01350  	-0.0200  	-0.0261  	0.00613  	0.02506  	0.01467  	0.06753  	0.22069  	-0.0313  	0.00591  	0.02963  	0.55205  	
0.03590  	0.12971  	-0.2318  	0.39167  	0.25093  	0.28656  	0.24530  	0.06851  	0.19944  	0.24125  	-0.6395  	0.87722  	0.35868  	0.12793  	-0.7514  	0.26731  	0.47421  	0.03193  	0.44430  	0.06350  	-0.1619  	0.63574  	0.28139  	-0.1009  	0.18575  	0.01167  	0.32930  	-0.5112  	-0.2918  	0.12045  	-0.0579  	0.00137  	0.16621  	-0.2246  	0.12896  	0.02971  	0.14310  	-0.0290  	-0.2353  	-0.0170  	0.12677  	0.05448  	0.04912  	0.26953  	0.01810  	-0.0161  	-0.0521  	0.14756  	0.10618  	-0.1412  	-0.0463  	-0.0319  	-0.0153  	-0.0121  	-0.0306  	0.01810  	-0.0295  	0.01167  	0.01596  	-0.0131  	-0.0363  	0.01381  	0.02454  	0.01543  	0.07024  	0.17378  	-0.0464  	0.00474  	0.03108  	0.49992  	
-0.2234  	0.02041  	-0.3286  	0.15115  	0.16397  	0.09670  	0.24568  	0.00342  	0.15277  	0.24562  	-0.5341  	0.86405  	0.28365  	-0.1371  	-0.9143  	0.26923  	0.50625  	0.07018  	0.45999  	0.10368  	-0.1070  	0.55189  	0.27819  	-0.1086  	0.15259  	0.03501  	0.32645  	-0.4603  	-0.2976  	0.03989  	-0.0442  	-0.0220  	0.13562  	-0.2285  	0.09268  	0.04077  	0.20263  	-0.0171  	-0.2736  	-0.0334  	0.12760  	0.06005  	0.02108  	0.26879  	0.02515  	-0.0136  	-0.0644  	0.12203  	0.10145  	-0.1536  	-0.0665  	-0.0309  	-0.0172  	-0.0126  	-0.0256  	0.01174  	-0.0126  	0.01153  	0.02605  	-0.0224  	-0.0317  	0.02104  	0.03853  	0.01856  	0.07407  	0.13128  	-0.0586  	0.00366  	0.03221  	0.45731  	
-0.4330  	-0.0338  	-0.3908  	-0.2830  	-0.0363  	-0.0139  	0.22965  	-0.0655  	0.15126  	0.38050  	-0.2997  	0.78426  	0.14575  	-0.4180  	-1.2258  	0.26135  	0.49141  	0.13558  	0.48689  	0.16090  	-0.1450  	0.52679  	0.28277  	-0.1471  	0.06988  	0.05927  	0.21070  	-0.4429  	-0.3219  	-0.0127  	-0.0477  	-0.0129  	0.13350  	-0.2262  	0.02075  	0.12782  	0.16539  	-0.0096  	-0.2762  	-0.0155  	0.17969  	0.04270  	0.02227  	0.26828  	0.03047  	-0.0238  	-0.0509  	0.11469  	0.08937  	-0.1368  	-0.0661  	-0.0292  	-0.0140  	-0.0004  	-0.0252  	-0.0038  	-0.0205  	0.00954  	0.03181  	-0.0253  	-0.0347  	0.00993  	0.04697  	0.01926  	0.07732  	0.09967  	-0.0678  	0.00307  	0.03322  	0.42454  	
-0.5339  	-0.0889  	-0.4781  	-0.2158  	-0.0903  	-0.0517  	0.22142  	-0.1797  	0.11356  	0.35767  	-0.2002  	0.78756  	0.11371  	-0.5696  	-1.3833  	0.27997  	0.47745  	0.17058  	0.46454  	0.18288  	-0.2597  	0.50153  	0.30644  	-0.2123  	0.09814  	0.06166  	0.14930  	-0.3283  	-0.2173  	0.03786  	-0.0155  	-0.0224  	0.10480  	-0.2275  	-0.0685  	0.19390  	0.08992  	-0.0277  	-0.2278  	-0.0558  	0.22925  	0.05220  	0.03629  	0.28018  	0.02923  	-0.0180  	-0.0546  	0.10402  	0.09542  	-0.1472  	-0.0526  	-0.0254  	-0.0131  	-0.0090  	-0.0175  	0.00126  	-0.0151  	0.02145  	0.01890  	-0.0320  	-0.0339  	0.01432  	0.04945  	0.02460  	0.08015  	0.08170  	-0.0722  	0.00294  	0.03358  	0.39646  	
-0.5422  	-0.0756  	-0.4916  	-0.1570  	-0.0480  	-0.0801  	0.23061  	-0.2068  	0.08713  	0.37671  	-0.2676  	0.82260  	0.14340  	-0.5626  	-1.3251  	0.24902  	0.48053  	0.14633  	0.45089  	0.18460  	-0.3676  	0.53465  	0.28206  	-0.2646  	0.16287  	0.05445  	0.13609  	-0.2216  	-0.1415  	0.06233  	-0.0020  	-0.0197  	0.10212  	-0.2100  	-0.0935  	0.19487  	0.02126  	-0.0324  	-0.2201  	-0.0603  	0.23631  	0.03065  	0.03526  	0.28925  	0.01866  	-0.0217  	-0.0564  	0.12732  	0.09732  	-0.1399  	-0.0479  	-0.0232  	-0.0085  	-0.0111  	-0.0213  	-0.0016  	-0.0131  	0.02230  	0.01667  	-0.0381  	-0.0317  	0.01356  	0.06008  	0.01931  	0.08118  	0.08198  	-0.0705  	0.00211  	0.03275  	0.40115  	
-0.5837  	-0.0647  	-0.4738  	-0.1512  	-0.0236  	-0.1122  	0.22842  	-0.1961  	0.08185  	0.39314  	-0.3002  	0.84434  	0.14473  	-0.5263  	-1.3044  	0.22765  	0.48506  	0.13765  	0.45523  	0.17494  	-0.3816  	0.53932  	0.29794  	-0.2603  	0.14163  	0.05082  	0.12789  	-0.2154  	-0.1228  	0.05497  	-0.0116  	-0.0260  	0.10677  	-0.2017  	-0.1066  	0.18927  	0.00034  	-0.0329  	-0.2097  	-0.0550  	0.25103  	0.02918  	0.03206  	0.29198  	0.01507  	-0.0228  	-0.0540  	0.13662  	0.09975  	-0.1451  	-0.0505  	-0.0213  	-0.0104  	-0.0124  	-0.0224  	-0.0048  	-0.0126  	0.02282  	0.01787  	-0.0395  	-0.0291  	0.01094  	0.06125  	0.01974  	0.07991  	0.10208  	-0.0639  	0.00188  	0.03123  	0.42459  	
-0.5824  	-0.0612  	-0.4689  	-0.1270  	-0.0153  	-0.1066  	0.22858  	-0.1848  	0.07715  	0.38729  	-0.3063  	0.84363  	0.14596  	-0.4995  	-1.2866  	0.21892  	0.48916  	0.12371  	0.45918  	0.16551  	-0.3589  	0.54141  	0.30190  	-0.2519  	0.13818  	0.04889  	0.13729  	-0.2299  	-0.1313  	0.05648  	-0.0162  	-0.0257  	0.10736  	-0.2003  	-0.0966  	0.18053  	0.00772  	-0.0298  	-0.2120  	-0.0552  	0.24754  	0.02939  	0.03015  	0.29151  	0.01621  	-0.0217  	-0.0541  	0.13563  	0.09823  	-0.1458  	-0.0513  	-0.0220  	-0.0122  	-0.0136  	-0.0210  	-0.0045  	-0.0105  	0.02320  	0.01701  	-0.0393  	-0.0262  	0.00877  	0.06115  	0.01887  	0.07771  	0.09897  	-0.0640  	0.00112  	0.03085  	0.42840  	
-0.5149  	-0.0468  	-0.4440  	-0.0531  	0.02271  	-0.0350  	0.21646  	-0.1713  	0.06851  	0.34574  	-0.3100  	0.84986  	0.14209  	-0.4624  	-1.2412  	0.23106  	0.49100  	0.09840  	0.45210  	0.16086  	-0.3201  	0.54841  	0.29652  	-0.2303  	0.14937  	0.03755  	0.17273  	-0.2510  	-0.1592  	0.06114  	-0.0264  	-0.0251  	0.09859  	-0.2012  	-0.0508  	0.18244  	0.03382  	-0.0292  	-0.2226  	-0.0547  	0.22385  	0.02697  	0.02690  	0.28760  	0.02284  	-0.0267  	-0.0564  	0.12921  	0.09477  	-0.1393  	-0.0453  	-0.0256  	-0.0105  	-0.0122  	-0.0218  	0.00228  	-0.0090  	0.02245  	0.01905  	-0.0393  	-0.0284  	0.00654  	0.05932  	0.01457  	0.07715  	0.09476  	-0.0647  	3.82087  	0.03050  	0.43155  	
-0.4936  	-0.0458  	-0.4443  	-0.0496  	0.01582  	-0.0154  	0.21381  	-0.1720  	0.07684  	0.32915  	-0.3189  	0.84425  	0.14511  	-0.4574  	-1.2398  	0.22887  	0.49935  	0.09663  	0.44416  	0.15605  	-0.3067  	0.55061  	0.29722  	-0.2303  	0.15284  	0.04372  	0.17582  	-0.2585  	-0.1762  	0.06146  	-0.0293  	-0.0279  	0.09906  	-0.2030  	-0.0466  	0.18289  	0.05226  	-0.0248  	-0.2299  	-0.0618  	0.22175  	0.03013  	0.03036  	0.28223  	0.02493  	-0.0241  	-0.0576  	0.12264  	0.09121  	-0.1370  	-0.0452  	-0.0261  	-0.0077  	-0.0101  	-0.0237  	0.00305  	-0.0093  	0.02038  	0.02223  	-0.0375  	-0.0324  	0.00744  	0.05728  	0.01518  	0.07725  	0.09074  	-0.0656  	-0.0011  	0.02959  	0.44826  	
-0.5317  	-0.0655  	-0.4527  	-0.1102  	-0.0175  	-0.0297  	0.20782  	-0.1837  	0.09287  	0.34397  	-0.3024  	0.83800  	0.14929  	-0.4726  	-1.2659  	0.23953  	0.49501  	0.11660  	0.44635  	0.15468  	-0.3305  	0.54305  	0.29733  	-0.2548  	0.13261  	0.05115  	0.13106  	-0.2400  	-0.1658  	0.04957  	-0.0082  	-0.0296  	0.10645  	-0.2018  	-0.0594  	0.18164  	0.04155  	-0.0239  	-0.2224  	-0.0691  	0.24116  	0.02420  	0.04411  	0.28234  	0.02190  	-0.0245  	-0.0540  	0.11850  	0.09099  	-0.1390  	-0.0458  	-0.0242  	-0.0100  	-0.0111  	-0.0224  	0.00177  	-0.0129  	0.02052  	0.01913  	-0.0364  	-0.0325  	0.01210  	0.05847  	0.01717  	0.07775  	0.08569  	-0.0665  	-0.0022  	0.02871  	0.46033  	
-0.4735  	-0.0524  	-0.4314  	-0.0656  	0.00304  	-0.0026  	0.20551  	-0.1685  	0.09806  	0.32529  	-0.3007  	0.83991  	0.15545  	-0.4514  	-1.2506  	0.26959  	0.50145  	0.10280  	0.44460  	0.14224  	-0.3077  	0.53445  	0.30365  	-0.2339  	0.14425  	0.04537  	0.16967  	-0.2604  	-0.1906  	0.05829  	-0.0247  	-0.0222  	0.10572  	-0.2073  	-0.0305  	0.18295  	0.06101  	-0.0263  	-0.2408  	-0.0669  	0.22252  	0.03471  	0.03714  	0.26868  	0.02288  	-0.0226  	-0.0552  	0.12119  	0.08916  	-0.1320  	-0.0423  	-0.0263  	-0.0065  	-0.0088  	-0.0241  	0.00557  	-0.0124  	0.01933  	0.02243  	-0.0323  	-0.0362  	0.00924  	0.05570  	0.01736  	0.07824  	0.08328  	-0.0679  	-0.0029  	0.02807  	0.46072  	
-0.4936  	-0.0692  	-0.4460  	-0.0931  	-0.0127  	-0.0197  	0.21102  	-0.1755  	0.09763  	0.33716  	-0.2839  	0.83643  	0.15096  	-0.4709  	-1.2720  	0.27115  	0.49457  	0.11619  	0.44453  	0.15001  	-0.3248  	0.53483  	0.29836  	-0.2435  	0.15000  	0.04735  	0.14729  	-0.2484  	-0.1793  	0.05538  	-0.0166  	-0.0236  	0.10425  	-0.2080  	-0.0432  	0.18649  	0.04927  	-0.0288  	-0.2339  	-0.0678  	0.23162  	0.03208  	0.03846  	0.27250  	0.02098  	-0.0230  	-0.0554  	0.11996  	0.09141  	-0.1326  	-0.0438  	-0.0256  	-0.0082  	-0.0088  	-0.0225  	0.00392  	-0.0124  	0.02084  	0.02052  	-0.0336  	-0.0350  	0.01181  	0.05895  	0.01724  	0.07874  	0.08115  	-0.0693  	-0.0035  	0.02831  	0.44835  	
-0.5006  	-0.0638  	-0.4557  	-0.1283  	-0.0348  	-0.0231  	0.20841  	-0.1818  	0.09423  	0.33165  	-0.2767  	0.82327  	0.13826  	-0.4856  	-1.2913  	0.25577  	0.49746  	0.10983  	0.44941  	0.13964  	-0.3058  	0.53832  	0.31514  	-0.2465  	0.13753  	0.05019  	0.15571  	-0.2632  	-0.1915  	0.05185  	-0.0137  	-0.0242  	0.10101  	-0.2092  	-0.0435  	0.18224  	0.06740  	-0.0223  	-0.2402  	-0.0691  	0.23297  	0.03052  	0.03841  	0.27772  	0.02381  	-0.0224  	-0.0563  	0.11547  	0.09113  	-0.1340  	-0.0446  	-0.0260  	-0.0105  	-0.0086  	-0.0219  	0.00380  	-0.0136  	0.02119  	0.02014  	-0.0345  	-0.0349  	0.01201  	0.05851  	0.01618  	0.07901  	0.08076  	-0.0701  	-0.0039  	0.02827  	0.43792  	
-0.4969  	-0.0648  	-0.4641  	-0.1062  	-0.0165  	-0.0202  	0.20881  	-0.1801  	0.08784  	0.33908  	-0.2750  	0.83431  	0.14323  	-0.4829  	-1.2934  	0.26416  	0.49033  	0.11444  	0.44673  	0.14344  	-0.3191  	0.54031  	0.30288  	-0.2449  	0.14535  	0.05072  	0.16078  	-0.2513  	-0.1861  	0.05398  	-0.0169  	-0.0253  	0.09803  	-0.2101  	-0.0414  	0.19321  	0.05719  	-0.0270  	-0.2404  	-0.0667  	0.22696  	0.03291  	0.03615  	0.27816  	0.02527  	-0.0232  	-0.0570  	0.11720  	0.09187  	-0.1316  	-0.0439  	-0.0266  	-0.0092  	-0.0093  	-0.0216  	0.00397  	-0.0120  	0.02072  	0.02110  	-0.0344  	-0.0360  	0.01280  	0.05846  	0.01614  	0.07851  	0.08066  	-0.0706  	-0.0043  	0.02790  	0.43618  	
-0.5363  	-0.0680  	-0.4641  	-0.1369  	-0.0330  	-0.0319  	0.21074  	-0.1866  	0.08608  	0.34335  	-0.2835  	0.83136  	0.13809  	-0.4929  	-1.2895  	0.24004  	0.49108  	0.12085  	0.45177  	0.14127  	-0.3287  	0.54216  	0.30670  	-0.2561  	0.13590  	0.05174  	0.14666  	-0.2479  	-0.1665  	0.04616  	-0.0041  	-0.0282  	0.09930  	-0.2055  	-0.0608  	0.18781  	0.04457  	-0.0225  	-0.2279  	-0.0681  	0.24442  	0.02690  	0.04276  	0.28706  	0.02193  	-0.0255  	-0.0565  	0.11545  	0.09291  	-0.1383  	-0.0453  	-0.0241  	-0.0122  	-0.0115  	-0.0218  	0.00190  	-0.0139  	0.02195  	0.01840  	-0.0364  	-0.0325  	0.01461  	0.06069  	0.01667  	0.07582  	0.08153  	-0.0708  	-0.0042  	0.02850  	0.42677  	
-0.5352  	-0.0712  	-0.4745  	-0.1510  	-0.0467  	-0.0447  	0.21077  	-0.1849  	0.08594  	0.33618  	-0.2794  	0.81553  	0.12849  	-0.5115  	-1.3016  	0.23904  	0.49203  	0.12127  	0.45469  	0.15032  	-0.3125  	0.54079  	0.31191  	-0.2528  	0.12958  	0.05506  	0.14901  	-0.2580  	-0.1817  	0.04113  	-0.0023  	-0.0261  	0.09674  	-0.2070  	-0.0593  	0.18354  	0.06130  	-0.0199  	-0.2336  	-0.0712  	0.23823  	0.02699  	0.04105  	0.29001  	0.02357  	-0.0245  	-0.0560  	0.11221  	0.09261  	-0.1383  	-0.0455  	-0.0249  	-0.0135  	-0.0121  	-0.0207  	0.00149  	-0.0131  	0.02351  	0.01751  	-0.0378  	-0.0325  	0.01380  	0.05891  	0.01702  	0.07298  	0.08089  	-0.0707  	-0.0040  	0.02937  	0.41000  	
-0.5576  	-0.0735  	-0.4750  	-0.1626  	-0.0415  	-0.0596  	0.20935  	-0.1797  	0.08816  	0.35581  	-0.2726  	0.83120  	0.12755  	-0.5146  	-1.3155  	0.23840  	0.48217  	0.13056  	0.45450  	0.16225  	-0.3165  	0.53614  	0.30278  	-0.2563  	0.12032  	0.05626  	0.14346  	-0.2601  	-0.1767  	0.03876  	0.00059  	-0.0287  	0.10069  	-0.2068  	-0.0655  	0.18183  	0.05117  	-0.0196  	-0.2275  	-0.0725  	0.24327  	0.03129  	0.04079  	0.29314  	0.02174  	-0.0258  	-0.0542  	0.11309  	0.09334  	-0.1401  	-0.0459  	-0.0221  	-0.0141  	-0.0127  	-0.0206  	2.04816  	-0.0139  	0.02444  	0.01506  	-0.0393  	-0.0298  	0.01594  	0.05883  	0.01728  	0.06910  	0.08091  	-0.0704  	-0.0042  	0.02987  	0.40804  	
-0.5715  	-0.0744  	-0.4793  	-0.1962  	-0.0627  	-0.0643  	0.21217  	-0.1867  	0.09026  	0.35926  	-0.2601  	0.82050  	0.11832  	-0.5378  	-1.3387  	0.22745  	0.48727  	0.13341  	0.45682  	0.15672  	-0.3147  	0.53341  	0.31377  	-0.2643  	0.12404  	0.05608  	0.14382  	-0.2643  	-0.1749  	0.03695  	0.00587  	-0.0317  	0.09828  	-0.2076  	-0.0738  	0.18147  	0.05389  	-0.0174  	-0.2259  	-0.0718  	0.25017  	0.02839  	0.04360  	0.29583  	0.02262  	-0.0259  	-0.0544  	0.11184  	0.09293  	-0.1414  	-0.0465  	-0.0214  	-0.0150  	-0.0110  	-0.0206  	0.00064  	-0.0137  	0.02446  	0.01376  	-0.0391  	-0.0294  	0.01640  	0.06026  	0.01777  	0.06534  	0.07974  	-0.0696  	-0.0044  	0.03012  	0.40267  	
-0.6103  	-0.0836  	-0.5035  	-0.2183  	-0.0652  	-0.0959  	0.21864  	-0.1820  	0.08935  	0.38593  	-0.2459  	0.82023  	0.11488  	-0.5530  	-1.3558  	0.22781  	0.47383  	0.14372  	0.46089  	0.15894  	-0.3313  	0.53178  	0.31306  	-0.2701  	0.11608  	0.06087  	0.13296  	-0.2572  	-0.1682  	0.03861  	0.01098  	-0.0318  	0.10336  	-0.2076  	-0.0838  	0.18805  	0.04320  	-0.0219  	-0.2238  	-0.0756  	0.24964  	0.03121  	0.03951  	0.29869  	0.02187  	-0.0247  	-0.0533  	0.11057  	0.09344  	-0.1436  	-0.0459  	-0.0197  	-0.0146  	-0.0105  	-0.0212  	-0.0029  	-0.0130  	0.02498  	0.01341  	-0.0399  	-0.0281  	0.01818  	0.05990  	0.02017  	0.06219  	0.07954  	-0.0687  	-0.0043  	0.03054  	0.39538  	
-0.5556  	-0.0752  	-0.4743  	-0.1713  	-0.0505  	-0.0664  	0.21492  	-0.1784  	0.09102  	0.34961  	-0.2678  	0.82360  	0.11943  	-0.5232  	-1.3367  	0.23308  	0.48784  	0.12494  	0.44987  	0.15814  	-0.3062  	0.53932  	0.31329  	-0.2513  	0.11977  	0.05865  	0.16162  	-0.2718  	-0.1878  	0.03898  	0.00105  	-0.0277  	0.09998  	-0.2088  	-0.0640  	0.17896  	0.06931  	-0.0211  	-0.2341  	-0.0729  	0.24040  	0.02972  	0.03794  	0.29528  	0.02392  	-0.0241  	-0.0545  	0.11176  	0.09221  	-0.1395  	-0.0467  	-0.0223  	-0.0136  	-0.0110  	-0.0214  	0.00070  	-0.0139  	0.02413  	0.01461  	-0.0391  	-0.0304  	0.01485  	0.05854  	0.01647  	0.06133  	0.07836  	-0.0683  	-0.0047  	0.03067  	0.39524  	
-0.5705  	-0.0777  	-0.4869  	-0.1930  	-0.0578  	-0.0709  	0.21786  	-0.1868  	0.08735  	0.36184  	-0.2601  	0.82023  	0.12070  	-0.5308  	-1.3447  	0.22032  	0.48150  	0.13769  	0.45054  	0.16798  	-0.3218  	0.53548  	0.30681  	-0.2632  	0.12042  	0.05820  	0.13754  	-0.2560  	-0.1708  	0.03719  	0.00835  	-0.0323  	0.09972  	-0.2079  	-0.0726  	0.18390  	0.04847  	-0.0217  	-0.2257  	-0.0716  	0.24872  	0.02671  	0.04196  	0.29778  	0.02436  	-0.0258  	-0.0542  	0.11311  	0.09371  	-0.1396  	-0.0468  	-0.0219  	-0.0144  	-0.0114  	-0.0202  	0.00017  	-0.0134  	0.02460  	0.01357  	-0.0401  	-0.0293  	0.01630  	0.06035  	0.01647  	0.06230  	0.07797  	-0.0681  	-0.0048  	0.02951  	0.40649  	
-0.5855  	-0.0763  	-0.4839  	-0.1901  	-0.0544  	-0.0747  	0.21625  	-0.1883  	0.08603  	0.36725  	-0.2640  	0.82584  	0.12146  	-0.5242  	-1.3378  	0.21829  	0.47973  	0.13831  	0.45348  	0.16716  	-0.3281  	0.53498  	0.30344  	-0.2672  	0.11665  	0.05647  	0.13179  	-0.2504  	-0.1627  	0.03779  	0.00744  	-0.0336  	0.10153  	-0.2051  	-0.0754  	0.18347  	0.04143  	-0.0220  	-0.2206  	-0.0711  	0.25332  	0.02573  	0.04180  	0.29730  	0.02331  	-0.0266  	-0.0543  	0.11417  	0.09406  	-0.1413  	-0.0466  	-0.0214  	-0.0148  	-0.0122  	-0.0208  	-0.0007  	-0.0126  	0.02486  	0.01314  	-0.0401  	-0.0279  	0.01617  	0.06141  	0.01684  	0.06508  	0.07823  	-0.0679  	-0.0052  	0.02827  	0.41597  	
-0.6034  	-0.0785  	-0.4851  	-0.2166  	-0.0652  	-0.0874  	0.21995  	-0.1854  	0.09100  	0.38087  	-0.2754  	0.82382  	0.12064  	-0.5319  	-1.3536  	0.20970  	0.47940  	0.14144  	0.45530  	0.15921  	-0.3371  	0.53069  	0.31771  	-0.2762  	0.10152  	0.06351  	0.12537  	-0.2509  	-0.1534  	0.03335  	0.00714  	-0.0366  	0.10150  	-0.2038  	-0.0954  	0.18136  	0.03677  	-0.0220  	-0.2175  	-0.0732  	0.26031  	0.03004  	0.04494  	0.29987  	0.02425  	-0.0248  	-0.0537  	0.11524  	0.09570  	-0.1433  	-0.0490  	-0.0204  	-0.0147  	-0.0116  	-0.0214  	-0.0034  	-0.0126  	0.02349  	0.01463  	-0.0415  	-0.0276  	0.01667  	0.05924  	0.01935  	0.06812  	0.08133  	-0.0681  	-0.0050  	0.02766  	0.40448  	
-0.6059  	-0.0811  	-0.4876  	-0.2247  	-0.0657  	-0.0945  	0.22212  	-0.1845  	0.09091  	0.38204  	-0.2648  	0.82013  	0.11711  	-0.5341  	-1.3636  	0.21456  	0.48015  	0.14499  	0.45544  	0.16570  	-0.3347  	0.52788  	0.31889  	-0.2742  	0.09968  	0.06382  	0.12199  	-0.2488  	-0.1595  	0.03498  	0.00657  	-0.0357  	0.10418  	-0.2052  	-0.0922  	0.18219  	0.04067  	-0.0255  	-0.2180  	-0.0751  	0.25661  	0.03158  	0.04343  	0.29874  	0.02386  	-0.0249  	-0.0525  	0.11553  	0.09512  	-0.1429  	-0.0482  	-0.0201  	-0.0159  	-0.0109  	-0.0212  	-0.0033  	-0.0118  	0.02358  	0.01423  	-0.0411  	-0.0280  	0.01677  	0.05917  	0.01957  	0.07154  	0.08397  	-0.0682  	-0.0049  	0.02762  	0.38148  	
-0.5956  	-0.0782  	-0.4796  	-0.2080  	-0.0653  	-0.0855  	0.22174  	-0.1786  	0.08947  	0.37316  	-0.2610  	0.81623  	0.11551  	-0.5397  	-1.3521  	0.21762  	0.48699  	0.13329  	0.45996  	0.15848  	-0.3180  	0.53052  	0.31925  	-0.2647  	0.11725  	0.05919  	0.14560  	-0.2691  	-0.1719  	0.04181  	0.00501  	-0.0321  	0.10277  	-0.2085  	-0.0850  	0.17871  	0.05152  	-0.0231  	-0.2248  	-0.0766  	0.24966  	0.03421  	0.03999  	0.29726  	0.02297  	-0.0240  	-0.0536  	0.11624  	0.09424  	-0.1436  	-0.0468  	-0.0203  	-0.0155  	-0.0104  	-0.0217  	-0.0019  	-0.0114  	0.02363  	0.01288  	-0.0405  	-0.0280  	0.01542  	0.06019  	0.02030  	0.07408  	0.08798  	-0.0686  	-0.0044  	0.02722  	0.37739  	
-0.5843  	-0.0789  	-0.4851  	-0.1927  	-0.0643  	-0.0788  	0.21961  	-0.1777  	0.08857  	0.36951  	-0.2570  	0.81707  	0.11839  	-0.5349  	-1.3471  	0.22293  	0.48200  	0.13195  	0.45670  	0.16438  	-0.3152  	0.53331  	0.31156  	-0.2627  	0.11766  	0.05862  	0.14241  	-0.2687  	-0.1753  	0.03902  	0.00494  	-0.0306  	0.10178  	-0.2083  	-0.0775  	0.18035  	0.05157  	-0.0210  	-0.2260  	-0.0763  	0.24597  	0.03348  	0.03957  	0.29646  	0.02333  	-0.0245  	-0.0538  	0.11533  	0.09426  	-0.1422  	-0.0462  	-0.0209  	-0.0149  	-0.0108  	-0.0206  	-0.0012  	-0.0120  	0.02416  	0.01360  	-0.0403  	-0.0283  	0.01564  	0.05980  	0.01960  	0.07249  	0.09022  	-0.0684  	-0.0042  	0.02676  	0.39158  	
-0.6086  	-0.0792  	-0.4952  	-0.2093  	-0.0541  	-0.0950  	0.22004  	-0.1819  	0.09043  	0.39248  	-0.2663  	0.83306  	0.12582  	-0.5320  	-1.3557  	0.21419  	0.47413  	0.14289  	0.46023  	0.15733  	-0.3398  	0.53365  	0.30885  	-0.2798  	0.10719  	0.06006  	0.12089  	-0.2513  	-0.1536  	0.03731  	0.00918  	-0.0353  	0.10561  	-0.2059  	-0.0912  	0.18335  	0.03302  	-0.0225  	-0.2149  	-0.0753  	0.25831  	0.03101  	0.04245  	0.29980  	0.02171  	-0.0255  	-0.0540  	0.11572  	0.09508  	-0.1431  	-0.0474  	-0.0194  	-0.0154  	-0.0113  	-0.0204  	-0.0028  	-0.0127  	0.02366  	0.01395  	-0.0405  	-0.0266  	0.01841  	0.06040  	0.01993  	0.06901  	0.09194  	-0.0678  	-0.0034  	0.02760  	0.39628  	
-0.5975  	-0.0759  	-0.4458  	-0.2653  	-0.0711  	-0.0925  	0.24253  	-0.1569  	0.10161  	0.38245  	-0.2951  	0.80434  	0.12497  	-0.5120  	-1.3882  	0.20964  	0.47982  	0.13802  	0.45302  	0.14182  	-0.3591  	0.53098  	0.34078  	-0.2515  	0.10262  	0.06879  	0.13911  	-0.2585  	-0.1431  	0.04058  	0.00206  	-0.0398  	0.10656  	-0.2105  	-0.1091  	0.17674  	0.03017  	-0.0381  	-0.2246  	-0.0679  	0.26318  	0.04151  	0.04509  	0.30142  	0.02407  	-0.0233  	-0.0505  	0.12315  	0.09903  	-0.1388  	-0.0518  	-0.0230  	-0.0143  	-0.0099  	-0.0243  	-0.0045  	-0.0097  	0.01931  	0.01221  	-0.0442  	-0.0270  	0.01407  	0.05523  	0.02037  	0.06685  	0.09213  	-0.0676  	-0.0024  	0.02896  	0.39791  	
-0.4643  	-0.0955  	-0.4392  	-0.1725  	0.01617  	-0.0303  	0.23349  	-0.0746  	0.10410  	0.35761  	-0.3070  	0.84161  	0.14673  	-0.4306  	-1.2497  	0.29633  	0.47415  	0.16592  	0.48368  	0.19290  	-0.2701  	0.48882  	0.25006  	-0.1656  	0.12513  	0.07293  	0.20649  	-0.2917  	-0.2174  	0.01981  	-0.0205  	-0.0170  	0.12518  	-0.2234  	-0.0228  	0.15879  	0.07549  	-0.0358  	-0.2553  	-0.0383  	0.20301  	0.05668  	0.00751  	0.28050  	0.02610  	-0.0251  	-0.0559  	0.11462  	0.08709  	-0.1422  	-0.0508  	-0.0262  	-0.0103  	-0.0159  	-0.0213  	-0.0071  	-0.0061  	0.01602  	0.01187  	-0.0300  	-0.0329  	0.01393  	0.05029  	0.02532  	0.06530  	0.09294  	-0.0676  	-0.0016  	0.03018  	0.42193  	
-0.0557  	0.08942  	-0.2206  	0.33803  	0.26808  	0.21688  	0.23569  	0.07033  	0.16304  	0.21837  	-0.6794  	0.93713  	0.31936  	-0.0454  	-0.7919  	0.31208  	0.47153  	0.07470  	0.44745  	0.20231  	-0.2285  	0.53935  	0.16509  	-0.1379  	0.11897  	0.02684  	0.23793  	-0.3414  	-0.2249  	0.05578  	-0.0428  	-0.0132  	0.18313  	-0.2078  	0.09989  	0.08191  	0.07858  	-0.0416  	-0.2190  	-0.0080  	0.15795  	0.04944  	0.04575  	0.28383  	0.01747  	-0.0270  	-0.0515  	0.15606  	0.11297  	-0.1570  	-0.0432  	-0.0232  	-0.0230  	-0.0121  	-0.0286  	0.00892  	-0.0108  	0.01243  	0.01906  	-0.0262  	-0.0345  	0.01199  	0.04098  	0.01876  	0.06485  	0.09287  	-0.0673  	-0.0004  	0.03148  	0.43018  	
-0.0166  	0.13152  	-0.2139  	0.37958  	0.24165  	0.29705  	0.23715  	0.14147  	0.18399  	0.20165  	-0.6482  	0.87232  	0.35352  	0.13726  	-0.6546  	0.24643  	0.48683  	0.01353  	0.45432  	0.09634  	-0.1080  	0.64322  	0.27187  	-0.1207  	0.20109  	0.02555  	0.44326  	-0.5107  	-0.2744  	0.11360  	-0.0639  	0.00489  	0.18302  	-0.2141  	0.15572  	0.06391  	0.13944  	-0.0169  	-0.2504  	-0.0282  	0.09986  	0.06748  	0.02473  	0.27503  	0.01638  	-0.0194  	-0.0532  	0.15995  	0.11368  	-0.1602  	-0.0568  	-0.0234  	-0.0127  	-0.0103  	-0.0286  	0.01877  	-0.0223  	0.00777  	0.01728  	-0.0234  	-0.0287  	0.01064  	0.03113  	0.00707  	0.06466  	0.09363  	-0.0671  	0.00103  	0.03274  	0.44056  	
0.06268  	0.11815  	-0.2576  	0.43008  	0.23110  	0.35879  	0.21945  	0.12948  	0.20911  	0.16617  	-0.6673  	0.84983  	0.35095  	0.06348  	-0.6949  	0.29734  	0.52285  	-0.0420  	0.43807  	0.02772  	-0.0990  	0.63470  	0.31535  	-0.0894  	0.18978  	0.02034  	0.42584  	-0.5130  	-0.2925  	0.11574  	-0.0702  	0.00496  	0.15187  	-0.2243  	0.13749  	0.03882  	0.16483  	-0.0273  	-0.2454  	-0.0332  	0.09974  	0.06205  	0.04782  	0.27540  	0.01645  	-0.0172  	-0.0589  	0.15280  	0.12068  	-0.1367  	-0.0544  	-0.0269  	-0.0168  	-0.0077  	-0.0254  	0.01869  	-0.0209  	0.00816  	0.01865  	-0.0209  	-0.0325  	0.01739  	0.04082  	0.01340  	0.06517  	0.09340  	-0.0671  	0.00222  	0.03344  	0.45811  	
0.07024  	0.12005  	-0.2079  	0.34974  	0.17238  	0.30563  	0.27289  	0.15219  	0.19622  	0.24066  	-0.6272  	0.77420  	0.40569  	0.20510  	-0.7222  	0.21206  	0.47613  	0.00915  	0.45460  	0.01872  	-0.1485  	0.67894  	0.26137  	-0.0574  	0.24558  	0.00542  	0.44303  	-0.6070  	-0.3012  	0.13031  	-0.0373  	-0.0115  	0.15259  	-0.2240  	0.14107  	0.03795  	0.15016  	-0.0281  	-0.2604  	-0.0383  	0.08982  	0.06721  	0.02994  	0.27854  	0.00415  	-0.0222  	-0.0536  	0.14670  	0.11556  	-0.1399  	-0.0595  	-0.0281  	-0.0172  	-0.0074  	-0.0305  	0.01065  	-0.0292  	0.01035  	0.00772  	-0.0211  	-0.0301  	0.01926  	0.03420  	0.00821  	0.06613  	0.09362  	-0.0664  	0.00313  	0.03328  	0.47036  	
-0.2475  	-0.0227  	-0.3884  	0.22171  	0.21140  	-0.0498  	0.26425  	0.11145  	0.13471  	0.26337  	-0.3682  	0.92248  	0.34454  	-0.0324  	-0.8784  	0.19821  	0.55397  	-0.0796  	0.49407  	-0.1262  	-0.0052  	0.32161  	-0.1046  	-0.0579  	0.04234  	0.12826  	0.31505  	-0.5354  	-0.2293  	0.01856  	0.08028  	-0.0916  	0.05184  	-0.3944  	0.08639  	0.02643  	0.04153  	-0.0518  	-0.4253  	-0.1173  	0.17216  	0.19613  	-0.1114  	0.35313  	-0.0308  	0.00222  	-0.0805  	0.13068  	0.08591  	-0.1556  	-0.0484  	-0.0266  	-0.0202  	0.00635  	-0.0208  	0.01017  	-0.0224  	-0.0057  	0.02039  	-0.0177  	-0.0273  	0.00990  	0.01373  	0.01278  	0.06749  	0.09398  	-0.0653  	0.00323  	0.03258  	0.48472  	
-0.7600  	-0.1123  	-0.4874  	-0.3318  	-0.0545  	-0.2835  	0.15984  	0.04755  	0.08175  	0.36706  	-0.1041  	0.86183  	0.21387  	-0.4643  	-1.3016  	0.04578  	0.63533  	-0.1858  	0.57265  	-0.3340  	-0.0780  	0.12594  	-0.1556  	-0.1380  	-0.1232  	0.25570  	0.17366  	-0.5848  	-0.1366  	-0.0726  	0.22182  	-0.1261  	-0.0189  	-0.5175  	-0.1335  	0.04802  	-0.0683  	-0.0424  	-0.4451  	-0.1888  	0.31417  	0.28640  	-0.2105  	0.38558  	-0.0825  	0.01434  	-0.0890  	0.13593  	0.06099  	-0.1547  	-0.0429  	-0.0186  	-0.0085  	0.02135  	-0.0125  	-0.0007  	-0.0280  	-0.0096  	0.01910  	-0.0003  	-0.0168  	0.01299  	0.00780  	0.01449  	0.06778  	0.09514  	-0.0642  	0.00327  	0.03239  	0.47332  	
-0.7189  	-0.0746  	-0.4488  	-0.4343  	-0.0909  	-0.3422  	0.18345  	0.01172  	0.07690  	0.37149  	-0.1189  	0.76079  	0.26682  	-0.4560  	-1.3215  	-0.0469  	0.66109  	-0.2026  	0.58313  	-0.3752  	-0.1049  	0.04706  	-0.1934  	-0.1530  	-0.0415  	0.27455  	0.18408  	-0.5356  	-0.0802  	-0.0472  	0.22897  	-0.1554  	-0.0398  	-0.5570  	-0.1828  	0.07957  	-0.0778  	-0.0519  	-0.4726  	-0.2311  	0.34776  	0.31394  	-0.2363  	0.40889  	-0.0783  	0.01505  	-0.0953  	0.15961  	0.05343  	-0.1559  	-0.0490  	-0.0179  	-0.0119  	0.02777  	-0.0108  	-0.0050  	-0.0134  	-0.0091  	0.02228  	-0.0076  	-0.0153  	0.00920  	0.00918  	0.01510  	0.06867  	0.09447  	-0.0639  	0.00308  	0.03231  	0.46242  	
-0.5426  	-0.0231  	-0.3588  	-0.3053  	-0.0284  	-0.1635  	0.17069  	0.04727  	0.13203  	0.30242  	-0.2614  	0.83499  	0.31609  	-0.3420  	-1.1098  	0.00507  	0.67641  	-0.1818  	0.57429  	-0.2857  	-0.0767  	0.08172  	-0.1296  	-0.1130  	-0.0623  	0.26844  	0.23644  	-0.5394  	-0.1055  	-0.0529  	0.21385  	-0.1587  	0.00751  	-0.5274  	-0.1579  	0.03932  	-0.0635  	-0.0549  	-0.4633  	-0.1685  	0.35193  	0.28100  	-0.1828  	0.41017  	-0.0741  	0.00788  	-0.0853  	0.15131  	0.05413  	-0.1545  	-0.0495  	-0.0210  	-0.0217  	0.02369  	-0.0196  	-0.0052  	-0.0235  	-0.0138  	0.01966  	-0.0095  	-0.0167  	0.01069  	0.00923  	0.01053  	0.06802  	0.09384  	-0.0648  	0.00244  	0.03159  	0.46637  	
-0.0679  	0.13531  	-0.0942  	0.04401  	0.06116  	0.19154  	0.20059  	0.15149  	0.18872  	0.26649  	-0.5704  	0.87803  	0.38036  	-0.0348  	-0.7711  	0.15038  	0.61131  	-0.0984  	0.52012  	-0.1874  	-0.0679  	0.35008  	0.10524  	-0.1195  	0.00499  	0.13946  	0.28499  	-0.6005  	-0.2710  	-0.0031  	0.12088  	-0.0681  	0.09242  	-0.4012  	-0.0111  	-0.0240  	0.09648  	-0.0228  	-0.3740  	-0.1235  	0.25874  	0.16230  	-0.0584  	0.36194  	-0.0438  	0.00196  	-0.0767  	0.15711  	0.08994  	-0.1607  	-0.0589  	-0.0221  	-0.0195  	0.00973  	-0.0218  	0.01229  	-0.0333  	-0.0076  	0.01967  	-0.0160  	-0.0155  	0.02214  	0.01916  	0.01050  	0.06619  	0.09165  	-0.0655  	0.00151  	0.03014  	0.46646  	
0.11598  	0.08861  	-0.1007  	0.11896  	0.04126  	0.28701  	0.23309  	0.10306  	0.21186  	0.26405  	-0.5507  	0.84851  	0.34894  	0.11364  	-0.7553  	0.23088  	0.52665  	0.03759  	0.43468  	0.00446  	-0.0548  	0.60846  	0.39805  	-0.0939  	0.08596  	0.04455  	0.33160  	-0.6134  	-0.4085  	0.06105  	0.00266  	0.01224  	0.18710  	-0.2393  	0.10781  	-0.0169  	0.23158  	-0.0016  	-0.2711  	-0.0732  	0.17384  	0.04742  	0.05836  	0.27850  	0.01410  	-0.0161  	-0.0537  	0.14407  	0.09983  	-0.1368  	-0.0663  	-0.0263  	-0.0136  	-0.0058  	-0.0289  	0.01488  	-0.0330  	0.00896  	0.01020  	-0.0203  	-0.0253  	0.02806  	0.03651  	0.01148  	0.06528  	0.08993  	-0.0671  	0.00097  	0.02915  	0.46608  	
0.05555  	0.14805  	-0.1379  	0.13887  	0.05798  	0.28291  	0.27436  	0.12037  	0.21942  	0.20632  	-0.3514  	0.86632  	0.26944  	-0.0284  	-0.8882  	0.33645  	0.46795  	0.01592  	0.44514  	0.05578  	0.05809  	0.56922  	0.34027  	-0.0897  	0.08365  	0.02017  	0.38714  	-0.6210  	-0.4643  	0.01855  	-0.0475  	0.03097  	0.18705  	-0.2305  	0.17543  	0.01795  	0.29048  	0.03484  	-0.3188  	-0.1075  	0.13078  	0.05918  	0.03013  	0.27069  	0.02252  	-0.0178  	-0.0517  	0.12471  	0.10136  	-0.1344  	-0.0680  	-0.0292  	-0.0064  	0.00043  	-0.0217  	0.01876  	-0.0266  	0.01287  	0.00776  	-0.0269  	-0.0200  	0.01952  	0.04584  	0.01590  	0.06670  	0.08807  	-0.0692  	0.00016  	0.02806  	0.47138  	
-0.1893  	0.04932  	-0.2694  	-0.0841  	0.01469  	0.07332  	0.23994  	-0.0342  	0.19954  	0.37708  	-0.2277  	0.89618  	0.22496  	-0.2507  	-1.3197  	0.43831  	0.44952  	0.16237  	0.44344  	0.22299  	-0.2334  	0.46179  	0.23407  	-0.2248  	0.06735  	0.05489  	0.12446  	-0.3153  	-0.3182  	0.00865  	-0.0174  	-0.0074  	0.21725  	-0.2116  	0.04368  	0.11232  	0.12194  	-0.0231  	-0.2453  	-0.0721  	0.20330  	0.03667  	0.06183  	0.25573  	0.02585  	-0.0171  	-0.0305  	0.13247  	0.10274  	-0.1500  	-0.0464  	-0.0283  	-0.0168  	-0.0123  	-0.0260  	0.00227  	-0.0195  	0.01634  	0.00960  	-0.0371  	-0.0276  	0.00835  	0.04935  	0.01389  	0.06875  	0.08696  	-0.0714  	-0.0007  	0.02620  	0.49267  	
-0.3354  	-0.0316  	-0.3902  	-0.1420  	-0.0269  	-0.0082  	0.22433  	-0.0592  	0.13888  	0.40179  	-0.2457  	0.88818  	0.20852  	-0.2478  	-1.3934  	0.33172  	0.44114  	0.15274  	0.43877  	0.22371  	-0.2679  	0.47525  	0.22299  	-0.1926  	0.12145  	0.05865  	0.16310  	-0.3227  	-0.2689  	0.01541  	-0.0082  	-0.0203  	0.18715  	-0.2188  	0.01674  	0.14850  	0.09388  	-0.0482  	-0.2208  	-0.0607  	0.21155  	0.04820  	0.05283  	0.26173  	0.03039  	-0.0163  	-0.0397  	0.13363  	0.09267  	-0.1460  	-0.0493  	-0.0278  	-0.0082  	-0.0115  	-0.0309  	0.00407  	-0.0149  	0.01232  	0.00646  	-0.0283  	-0.0285  	0.00637  	0.04885  	0.01586  	0.07160  	0.08541  	-0.0730  	-0.0015  	0.02431  	0.50724  	
-0.5438  	-0.0740  	-0.4685  	-0.2406  	-0.0949  	-0.1243  	0.23649  	-0.1099  	0.12771  	0.38716  	-0.1712  	0.79351  	0.12881  	-0.3837  	-1.4239  	0.23847  	0.45750  	0.15902  	0.45009  	0.21316  	-0.2145  	0.48512  	0.23666  	-0.1687  	0.11532  	0.04165  	0.18184  	-0.3335  	-0.2524  	0.01064  	-0.0134  	-0.0280  	0.14385  	-0.2267  	-0.0040  	0.17768  	0.10730  	-0.0307  	-0.2253  	-0.0554  	0.21540  	0.03739  	0.03672  	0.27471  	0.02861  	-0.0186  	-0.0451  	0.12493  	0.08916  	-0.1350  	-0.0464  	-0.0289  	-0.0053  	-0.0045  	-0.0178  	-0.0007  	-0.0114  	0.02283  	0.01934  	-0.0235  	-0.0293  	0.00677  	0.05009  	0.02311  	0.07406  	0.08547  	-0.0744  	-0.0019  	0.02263  	0.51929  	
-0.6954  	-0.1070  	-0.5216  	-0.3367  	-0.1090  	-0.1580  	0.22297  	-0.1524  	0.10199  	0.42644  	-0.1941  	0.78007  	0.11719  	-0.4856  	-1.4290  	0.17356  	0.46634  	0.17187  	0.46995  	0.20399  	-0.2718  	0.48365  	0.28747  	-0.2256  	0.08395  	0.06802  	0.12418  	-0.2890  	-0.2246  	-0.0041  	0.00176  	-0.0412  	0.12884  	-0.2152  	-0.0758  	0.16465  	0.05148  	-0.0437  	-0.2174  	-0.0657  	0.21834  	0.04340  	0.03200  	0.27316  	0.03562  	-0.0155  	-0.0537  	0.11576  	0.08732  	-0.1380  	-0.0593  	-0.0280  	-0.0124  	-0.0093  	-0.0269  	-0.0070  	-0.0095  	0.02071  	0.01877  	-0.0286  	-0.0288  	0.00481  	0.04644  	0.01914  	0.07594  	0.08564  	-0.0751  	-0.0024  	0.02208  	0.52050  	
-0.6843  	-0.0964  	-0.5123  	-0.3257  	-0.0977  	-0.1543  	0.22404  	-0.1624  	0.10266  	0.41881  	-0.2015  	0.77945  	0.12625  	-0.4876  	-1.4189  	0.17725  	0.46939  	0.16609  	0.45376  	0.20339  	-0.2987  	0.49604  	0.31566  	-0.2399  	0.07311  	0.06243  	0.11086  	-0.2849  	-0.2094  	0.00152  	0.00282  	-0.0408  	0.12391  	-0.2116  	-0.0930  	0.15895  	0.05352  	-0.0339  	-0.2140  	-0.0696  	0.22799  	0.03898  	0.03542  	0.27588  	0.02953  	-0.0240  	-0.0492  	0.11443  	0.08880  	-0.1416  	-0.0596  	-0.0261  	-0.0135  	-0.0079  	-0.0250  	-0.0039  	-0.0139  	0.01783  	0.02025  	-0.0298  	-0.0268  	0.00932  	0.04658  	0.01890  	0.07674  	0.08672  	-0.0745  	-0.0028  	0.02157  	0.51866  	
-0.7449  	-0.0911  	-0.5240  	-0.4047  	-0.1413  	-0.2087  	0.22305  	-0.1848  	0.09525  	0.42939  	-0.1688  	0.75219  	0.12222  	-0.5305  	-1.4629  	0.17330  	0.47313  	0.16838  	0.46645  	0.20464  	-0.2921  	0.50717  	0.32837  	-0.2395  	0.06788  	0.07470  	0.12981  	-0.2917  	-0.2332  	-0.0081  	0.00681  	-0.0437  	0.13399  	-0.2130  	-0.1048  	0.16291  	0.06142  	-0.0414  	-0.2227  	-0.0810  	0.22804  	0.04095  	0.03142  	0.27485  	0.03246  	-0.0232  	-0.0486  	0.11353  	0.08504  	-0.1368  	-0.0549  	-0.0277  	-0.0127  	-0.0086  	-0.0253  	-0.0040  	-0.0136  	0.01961  	0.02354  	-0.0252  	-0.0241  	0.00974  	0.04352  	0.01993  	0.07633  	0.08745  	-0.0737  	-0.0033  	0.02091  	0.52231  	
-0.7481  	-0.0805  	-0.5003  	-0.4049  	-0.1319  	-0.2196  	0.22746  	-0.1623  	0.10341  	0.43023  	-0.1765  	0.75251  	0.12538  	-0.5076  	-1.4589  	0.17885  	0.46349  	0.15952  	0.46522  	0.19053  	-0.2929  	0.51785  	0.34410  	-0.2318  	0.05545  	0.07556  	0.14244  	-0.3057  	-0.2313  	-0.0090  	0.00798  	-0.0466  	0.13261  	-0.2123  	-0.1067  	0.15286  	0.06341  	-0.0416  	-0.2276  	-0.0814  	0.23419  	0.04219  	0.03334  	0.27873  	0.03145  	-0.0225  	-0.0492  	0.11745  	0.08602  	-0.1379  	-0.0591  	-0.0289  	-0.0114  	-0.0088  	-0.0262  	-0.0047  	-0.0143  	0.01819  	0.02483  	-0.0262  	-0.0229  	0.01133  	0.04492  	0.01857  	0.07344  	0.08840  	-0.0727  	-0.0033  	0.02160  	0.51227  	
-0.7476  	-0.0804  	-0.5018  	-0.3670  	-0.0893  	-0.2117  	0.24958  	-0.1522  	0.10815  	0.42285  	-0.1987  	0.76306  	0.13996  	-0.4805  	-1.4471  	0.17620  	0.45941  	0.16250  	0.45108  	0.20699  	-0.3108  	0.52656  	0.31979  	-0.2189  	0.06300  	0.07740  	0.14716  	-0.2826  	-0.2187  	-0.0036  	0.00178  	-0.0524  	0.13891  	-0.2152  	-0.1066  	0.15018  	0.03844  	-0.0496  	-0.2166  	-0.0657  	0.22412  	0.05103  	0.03282  	0.27046  	0.03003  	-0.0242  	-0.0484  	0.11999  	0.08626  	-0.1373  	-0.0566  	-0.0289  	-0.0130  	-0.0078  	-0.0272  	-0.0066  	-0.0123  	0.01726  	0.02342  	-0.0253  	-0.0240  	0.01242  	0.04277  	0.01761  	0.07056  	0.08770  	-0.0722  	-0.0032  	0.02288  	0.49862  	
-0.7514  	-0.0812  	-0.5047  	-0.3601  	-0.0775  	-0.2050  	0.25157  	-0.1434  	0.11247  	0.41709  	-0.2045  	0.76906  	0.14953  	-0.4635  	-1.4364  	0.17038  	0.46002  	0.16450  	0.44976  	0.20724  	-0.3239  	0.52565  	0.31567  	-0.2144  	0.06193  	0.07646  	0.13941  	-0.2800  	-0.2141  	-0.0058  	-0.0035  	-0.0577  	0.14138  	-0.2138  	-0.1084  	0.14648  	0.03498  	-0.0524  	-0.2161  	-0.0652  	0.22602  	0.04611  	0.03403  	0.26995  	0.02896  	-0.0228  	-0.0491  	0.12411  	0.08644  	-0.1377  	-0.0565  	-0.0288  	-0.0137  	-0.0071  	-0.0268  	-0.0066  	-0.0112  	0.01717  	0.02284  	-0.0240  	-0.0236  	0.01052  	0.04208  	0.01684  	0.06693  	0.08681  	-0.0723  	-0.0034  	0.02348  	0.49188  	
-0.7150  	-0.0840  	-0.5102  	-0.2973  	-0.0535  	-0.1893  	0.23265  	-0.1103  	0.11550  	0.41282  	-0.2308  	0.82500  	0.17853  	-0.4319  	-1.3704  	0.16645  	0.47483  	0.15507  	0.45925  	0.21883  	-0.3269  	0.51325  	0.32906  	-0.2219  	0.06071  	0.07394  	0.13454  	-0.2943  	-0.1966  	-0.0061  	-0.0043  	-0.0617  	0.14473  	-0.2145  	-0.0888  	0.13535  	0.04075  	-0.0467  	-0.2108  	-0.0693  	0.22585  	0.03656  	0.03359  	0.27262  	0.02157  	-0.0176  	-0.0458  	0.13200  	0.08699  	-0.1427  	-0.0588  	-0.0286  	-0.0145  	-0.0079  	-0.0235  	-0.0056  	-0.0137  	0.01713  	0.02038  	-0.0266  	-0.0204  	0.00983  	0.03903  	0.01509  	0.06423  	0.08507  	-0.0723  	-0.0034  	0.02371  	0.47517  	
-0.7191  	-0.0914  	-0.5047  	-0.2737  	-0.0303  	-0.1931  	0.24855  	-0.1187  	0.11560  	0.41791  	-0.2373  	0.84319  	0.17836  	-0.4284  	-1.3660  	0.18055  	0.46449  	0.16502  	0.45617  	0.21858  	-0.3542  	0.51428  	0.32215  	-0.2224  	0.04610  	0.07283  	0.11065  	-0.2751  	-0.1797  	-0.0005  	-0.0009  	-0.0647  	0.14771  	-0.2076  	-0.0927  	0.13861  	0.01848  	-0.0512  	-0.2065  	-0.0627  	0.23670  	0.03808  	0.03402  	0.27404  	0.02098  	-0.0192  	-0.0482  	0.13645  	0.08923  	-0.1431  	-0.0592  	-0.0279  	-0.0145  	-0.0084  	-0.0240  	-0.0061  	-0.0128  	0.01614  	0.01908  	-0.0295  	-0.0184  	0.00945  	0.04215  	0.01420  	0.06146  	0.08352  	-0.0723  	-0.0031  	0.02393  	0.46352  	
-0.7577  	-0.1042  	-0.5380  	-0.3125  	-0.0410  	-0.1994  	0.25243  	-0.1456  	0.10821  	0.42575  	-0.2012  	0.83744  	0.16367  	-0.4291  	-1.4053  	0.16658  	0.46025  	0.17603  	0.44272  	0.23646  	-0.3546  	0.51559  	0.30012  	-0.2230  	0.06355  	0.07308  	0.08707  	-0.2424  	-0.1908  	-0.0108  	-0.0009  	-0.0673  	0.14667  	-0.2063  	-0.0924  	0.14678  	0.01568  	-0.0589  	-0.2016  	-0.0639  	0.22632  	0.04452  	0.02761  	0.26858  	0.02403  	-0.0182  	-0.0517  	0.12954  	0.08785  	-0.1394  	-0.0573  	-0.0290  	-0.0134  	-0.0092  	-0.0245  	-0.0036  	-0.0118  	0.01766  	0.01994  	-0.0283  	-0.0179  	0.00955  	0.04277  	0.01516  	0.06027  	0.08107  	-0.0729  	-0.0030  	0.02402  	0.46394  	
-0.7852  	-0.1277  	-0.5628  	-0.3550  	-0.0704  	-0.2221  	0.25804  	-0.1486  	0.11440  	0.43890  	-0.1697  	0.81900  	0.14667  	-0.4240  	-1.4406  	0.14646  	0.45811  	0.16695  	0.43557  	0.23702  	-0.3266  	0.52266  	0.30135  	-0.2133  	0.06125  	0.08103  	0.09476  	-0.2602  	-0.2221  	-0.0206  	-0.0054  	-0.0614  	0.14671  	-0.2058  	-0.0867  	0.14180  	0.03080  	-0.0540  	-0.2103  	-0.0674  	0.21313  	0.04914  	0.02026  	0.26768  	0.02604  	-0.0185  	-0.0508  	0.12712  	0.08747  	-0.1368  	-0.0574  	-0.0310  	-0.0122  	-0.0064  	-0.0256  	-0.0029  	-0.0109  	0.01716  	0.01912  	-0.0284  	-0.0205  	0.00847  	0.04358  	0.01697  	0.06007  	0.07899  	-0.0736  	-0.0028  	0.02285  	0.47382  	
-0.7788  	-0.1352  	-0.5702  	-0.3872  	-0.0760  	-0.2268  	0.25365  	-0.1394  	0.11942  	0.42559  	-0.1459  	0.80903  	0.14003  	-0.4128  	-1.4636  	0.13048  	0.45531  	0.16153  	0.43160  	0.22743  	-0.2908  	0.51370  	0.30498  	-0.2036  	0.03850  	0.08513  	0.10140  	-0.2779  	-0.2351  	-0.0259  	-0.0119  	-0.0550  	0.14684  	-0.2094  	-0.0709  	0.13973  	0.04815  	-0.0413  	-0.2266  	-0.0734  	0.20825  	0.04620  	0.02167  	0.26639  	0.02609  	-0.0215  	-0.0490  	0.12894  	0.08388  	-0.1336  	-0.0580  	-0.0312  	-0.0100  	-0.0048  	-0.0246  	-0.0012  	-0.0109  	0.01743  	0.01777  	-0.0275  	-0.0230  	0.00887  	0.04090  	0.01580  	0.06155  	0.07777  	-0.0739  	-0.0031  	0.02167  	0.48287  	
-0.7794  	-0.1243  	-0.5559  	-0.4167  	-0.1022  	-0.2314  	0.24587  	-0.1381  	0.11365  	0.42481  	-0.1348  	0.79423  	0.13497  	-0.4245  	-1.4822  	0.11794  	0.45464  	0.15406  	0.43694  	0.22045  	-0.2723  	0.51538  	0.32063  	-0.1955  	0.04067  	0.08330  	0.11059  	-0.3029  	-0.2473  	-0.0292  	-0.0122  	-0.0531  	0.14465  	-0.2137  	-0.0726  	0.13924  	0.06326  	-0.0400  	-0.2294  	-0.0749  	0.20587  	0.04876  	0.01841  	0.26645  	0.02905  	-0.0229  	-0.0477  	0.12507  	0.08311  	-0.1306  	-0.0591  	-0.0314  	-0.0080  	-0.0046  	-0.0245  	-0.0022  	-0.0101  	0.01775  	0.01741  	-0.0269  	-0.0236  	0.00966  	0.04062  	0.01582  	0.06327  	0.07938  	-0.0735  	-0.0032  	0.02128  	0.47993  	
-0.7885  	-0.1132  	-0.5514  	-0.4562  	-0.1221  	-0.2495  	0.24632  	-0.1339  	0.11494  	0.43021  	-0.1178  	0.77380  	0.12975  	-0.4270  	-1.4897  	0.09246  	0.45781  	0.13472  	0.43827  	0.20362  	-0.2446  	0.52980  	0.33174  	-0.1838  	0.04414  	0.08403  	0.13584  	-0.3376  	-0.2575  	-0.0274  	-0.0197  	-0.0524  	0.13818  	-0.2155  	-0.0649  	0.13928  	0.08385  	-0.0335  	-0.2355  	-0.0739  	0.20727  	0.05219  	0.01692  	0.26100  	0.02920  	-0.0252  	-0.0476  	0.12230  	0.08455  	-0.1311  	-0.0606  	-0.0317  	-0.0080  	-0.0030  	-0.0238  	-0.0020  	-0.0105  	0.01783  	0.01952  	-0.0257  	-0.0253  	0.01173  	0.04064  	0.01695  	0.06461  	0.08121  	-0.0722  	-0.0034  	0.02194  	0.46165  	
-0.8007  	-0.1109  	-0.5575  	-0.4643  	-0.1293  	-0.2580  	0.24521  	-0.1397  	0.10970  	0.43304  	-0.1132  	0.77045  	0.13102  	-0.4233  	-1.4835  	0.08895  	0.46098  	0.13524  	0.43324  	0.20437  	-0.2465  	0.53417  	0.33172  	-0.1816  	0.03989  	0.08567  	0.13253  	-0.3431  	-0.2579  	-0.0272  	-0.0170  	-0.0542  	0.13918  	-0.2153  	-0.0677  	0.14092  	0.08168  	-0.0333  	-0.2355  	-0.0737  	0.20591  	0.05492  	0.01719  	0.25817  	0.02880  	-0.0243  	-0.0474  	0.12098  	0.08508  	-0.1328  	-0.0600  	-0.0314  	-0.0093  	-0.0039  	-0.0240  	-0.0027  	-0.0103  	0.01891  	0.02014  	-0.0265  	-0.0250  	0.01236  	0.04082  	0.01686  	0.06422  	0.08364  	-0.0709  	-0.0029  	0.02217  	0.46024  	
-0.8089  	-0.1137  	-0.5512  	-0.4657  	-0.1228  	-0.2545  	0.24427  	-0.1389  	0.10764  	0.43829  	-0.1234  	0.76578  	0.12838  	-0.4351  	-1.4859  	0.10760  	0.46385  	0.13913  	0.43736  	0.21537  	-0.2586  	0.51907  	0.31918  	-0.1924  	0.04465  	0.09183  	0.12772  	-0.3375  	-0.2549  	-0.0320  	-0.0019  	-0.0561  	0.14221  	-0.2117  	-0.0665  	0.13658  	0.07753  	-0.0375  	-0.2268  	-0.0711  	0.21479  	0.04904  	0.01797  	0.26586  	0.02648  	-0.0257  	-0.0470  	0.12560  	0.08204  	-0.1316  	-0.0628  	-0.0307  	-0.0095  	-0.0036  	-0.0221  	-0.0010  	-0.0119  	0.01660  	0.01599  	-0.0250  	-0.0224  	0.01211  	0.04130  	0.01584  	0.06105  	0.08417  	-0.0688  	-0.0024  	0.02169  	0.47778  	
-0.8324  	-0.1224  	-0.5631  	-0.4804  	-0.1363  	-0.2555  	0.23690  	-0.1483  	0.10684  	0.43426  	-0.1100  	0.76801  	0.12165  	-0.4443  	-1.4959  	0.10939  	0.46301  	0.14730  	0.43796  	0.21415  	-0.2586  	0.51470  	0.32369  	-0.1908  	0.02651  	0.09248  	0.12154  	-0.3340  	-0.2618  	-0.0342  	-0.0036  	-0.0528  	0.14135  	-0.2109  	-0.0657  	0.13407  	0.07625  	-0.0355  	-0.2300  	-0.0729  	0.21568  	0.04858  	0.01849  	0.26311  	0.02791  	-0.0250  	-0.0504  	0.12256  	0.08362  	-0.1291  	-0.0603  	-0.0328  	-0.0102  	-0.0033  	-0.0228  	0.00030  	-0.0127  	0.01780  	0.01810  	-0.0243  	-0.0234  	0.01203  	0.04217  	0.01601  	0.05681  	0.08504  	-0.0670  	-0.0015  	0.02298  	0.47963  	
-0.8183  	-0.1179  	-0.5729  	-0.5047  	-0.1397  	-0.2624  	0.24916  	-0.1363  	0.11488  	0.42282  	-0.0878  	0.75450  	0.13044  	-0.4276  	-1.5099  	0.09847  	0.45606  	0.14298  	0.43482  	0.19479  	-0.2499  	0.52806  	0.33176  	-0.1874  	0.02561  	0.08934  	0.13421  	-0.3362  	-0.2537  	-0.0278  	-0.0194  	-0.0533  	0.13897  	-0.2122  	-0.0577  	0.13923  	0.09105  	-0.0333  	-0.2410  	-0.0788  	0.21826  	0.05073  	0.01433  	0.25245  	0.02745  	-0.0269  	-0.0505  	0.12184  	0.08964  	-0.1335  	-0.0584  	-0.0354  	-0.0105  	-0.0030  	-0.0236  	0.00221  	-0.0123  	0.01760  	0.02165  	-0.0235  	-0.0243  	0.01502  	0.04135  	0.01720  	0.05465  	0.08541  	-0.0659  	-0.0006  	0.02498  	0.47461  	
-0.8303  	-0.1220  	-0.5686  	-0.5032  	-0.1352  	-0.2674  	0.24960  	-0.1516  	0.11226  	0.44178  	-0.1004  	0.75774  	0.13161  	-0.4293  	-1.5195  	0.09800  	0.45718  	0.14830  	0.42794  	0.19379  	-0.2703  	0.53153  	0.33394  	-0.1923  	0.03424  	0.09451  	0.12643  	-0.3305  	-0.2540  	-0.0310  	-0.0116  	-0.0562  	0.14346  	-0.2123  	-0.0707  	0.15075  	0.07612  	-0.0357  	-0.2366  	-0.0771  	0.21698  	0.05307  	0.02034  	0.25696  	0.02524  	-0.0264  	-0.0481  	0.12549  	0.08721  	-0.1312  	-0.0603  	-0.0340  	-0.0101  	-0.0029  	-0.0239  	-0.0002  	-0.0123  	0.01931  	0.01988  	-0.0258  	-0.0240  	0.01476  	0.04229  	0.01673  	0.05439  	0.08684  	-0.0657  	9.61614  	0.02664  	0.48163  	
-0.8509  	-0.1219  	-0.5654  	-0.5084  	-0.1363  	-0.2717  	0.23970  	-0.1387  	0.11113  	0.44658  	-0.1098  	0.75953  	0.12359  	-0.4409  	-1.5214  	0.09959  	0.46558  	0.14055  	0.43719  	0.20727  	-0.2611  	0.51965  	0.32590  	-0.1975  	0.03767  	0.09575  	0.13041  	-0.3361  	-0.2539  	-0.0374  	-0.0022  	-0.0579  	0.14029  	-0.2109  	-0.0711  	0.13963  	0.07889  	-0.0390  	-0.2292  	-0.0746  	0.21818  	0.04868  	0.01864  	0.26221  	0.02385  	-0.0263  	-0.0483  	0.12565  	0.08514  	-0.1311  	-0.0633  	-0.0330  	-0.0120  	-0.0019  	-0.0221  	0.00076  	-0.0132  	0.01792  	0.01763  	-0.0246  	-0.0223  	0.01482  	0.04229  	0.01586  	0.05618  	0.08804  	-0.0655  	0.00126  	0.02845  	0.47027  	
-0.8457  	-0.1278  	-0.5740  	-0.5069  	-0.1419  	-0.2677  	0.24030  	-0.1448  	0.11031  	0.43613  	-0.0978  	0.75702  	0.12625  	-0.4479  	-1.5128  	0.10475  	0.46394  	0.14364  	0.43690  	0.20918  	-0.2519  	0.51560  	0.33574  	-0.1920  	0.02450  	0.09209  	0.13020  	-0.3301  	-0.2577  	-0.0340  	-0.0095  	-0.0536  	0.13841  	-0.2108  	-0.0675  	0.13284  	0.08533  	-0.0371  	-0.2373  	-0.0762  	0.21372  	0.04889  	0.01515  	0.25951  	0.02619  	-0.0259  	-0.0496  	0.12178  	0.08703  	-0.1312  	-0.0613  	-0.0345  	-0.0120  	-0.0029  	-0.0235  	0.00082  	-0.0133  	0.01789  	0.01951  	-0.0260  	-0.0233  	0.01491  	0.04322  	0.01672  	0.05921  	0.09037  	-0.0656  	0.00268  	0.03002  	0.46094  	
-0.8233  	-0.1196  	-0.5663  	-0.4975  	-0.1359  	-0.2672  	0.25053  	-0.1286  	0.11738  	0.43160  	-0.0962  	0.75875  	0.13148  	-0.4381  	-1.5160  	0.09507  	0.45379  	0.13186  	0.43957  	0.20111  	-0.2491  	0.52461  	0.33518  	-0.1839  	0.02965  	0.09044  	0.14250  	-0.3367  	-0.2570  	-0.0294  	-0.0157  	-0.0525  	0.13876  	-0.2105  	-0.0577  	0.13570  	0.09316  	-0.0373  	-0.2371  	-0.0720  	0.21572  	0.05094  	0.00968  	0.25968  	0.02547  	-0.0266  	-0.0497  	0.12483  	0.08833  	-0.1315  	-0.0612  	-0.0346  	-0.0116  	-0.0010  	-0.0223  	0.00125  	-0.0123  	0.01693  	0.01966  	-0.0242  	-0.0232  	0.01520  	0.04194  	0.01638  	0.06390  	0.09250  	-0.0664  	0.00367  	0.03129  	0.45467  	
-0.8070  	-0.1155  	-0.5558  	-0.4894  	-0.1445  	-0.2726  	0.24331  	-0.1306  	0.11504  	0.44621  	-0.1064  	0.76450  	0.13450  	-0.4258  	-1.5189  	0.08344  	0.46113  	0.13181  	0.43283  	0.19723  	-0.2560  	0.54097  	0.34482  	-0.1753  	0.04988  	0.08174  	0.13818  	-0.3460  	-0.2603  	-0.0281  	-0.0151  	-0.0519  	0.13999  	-0.2148  	-0.0734  	0.14487  	0.08760  	-0.0371  	-0.2335  	-0.0757  	0.20830  	0.05420  	0.01577  	0.25774  	0.02759  	-0.0239  	-0.0466  	0.12429  	0.08739  	-0.1289  	-0.0622  	-0.0321  	-0.0100  	-0.0031  	-0.0233  	-0.0037  	-0.0110  	0.02021  	0.01988  	-0.0276  	-0.0247  	0.01524  	0.04207  	0.01776  	0.06977  	0.09588  	-0.0666  	0.00422  	0.03187  	0.44546  	
-0.8120  	-0.1196  	-0.5584  	-0.4489  	-0.1271  	-0.2537  	0.23696  	-0.1398  	0.11257  	0.45335  	-0.1410  	0.78011  	0.13209  	-0.4487  	-1.5207  	0.11295  	0.46397  	0.14332  	0.44261  	0.21676  	-0.2811  	0.52576  	0.33261  	-0.2105  	0.05177  	0.09268  	0.11939  	-0.3134  	-0.2460  	-0.0355  	-0.0029  	-0.0549  	0.14227  	-0.2119  	-0.0874  	0.14116  	0.06377  	-0.0407  	-0.2127  	-0.0731  	0.21509  	0.04796  	0.02217  	0.26935  	0.02445  	-0.0230  	-0.0453  	0.13164  	0.08049  	-0.1296  	-0.0627  	-0.0302  	-0.0093  	-0.0017  	-0.0217  	-0.0015  	-0.0118  	0.01692  	0.01698  	-0.0246  	-0.0219  	0.01055  	0.03923  	0.01702  	0.07582  	0.09945  	-0.0662  	0.00385  	0.03212  	0.44154  	
-0.8091  	-0.1300  	-0.5590  	-0.4233  	-0.1156  	-0.2334  	0.23640  	-0.1490  	0.11313  	0.44262  	-0.1472  	0.79024  	0.12803  	-0.4444  	-1.4952  	0.13148  	0.46589  	0.15520  	0.44375  	0.22449  	-0.2849  	0.50348  	0.31927  	-0.2068  	0.03906  	0.09039  	0.10491  	-0.3052  	-0.2535  	-0.0353  	0.00038  	-0.0529  	0.14260  	-0.2074  	-0.0791  	0.13070  	0.05621  	-0.0427  	-0.2148  	-0.0715  	0.21304  	0.04446  	0.02288  	0.27001  	0.02770  	-0.0232  	-0.0484  	0.12965  	0.07951  	-0.1277  	-0.0598  	-0.0312  	-0.0104  	-0.0027  	-0.0227  	0.00075  	-0.0116  	0.01692  	0.01569  	-0.0246  	-0.0222  	0.00836  	0.04180  	0.01591  	0.08035  	0.10405  	-0.0652  	0.00351  	0.03292  	0.41647  	
-0.7956  	-0.1238  	-0.5508  	-0.4504  	-0.1250  	-0.2463  	0.24462  	-0.1451  	0.11417  	0.42970  	-0.1225  	0.77318  	0.12809  	-0.4444  	-1.4976  	0.11267  	0.45771  	0.14419  	0.44097  	0.21424  	-0.2593  	0.51051  	0.32032  	-0.1880  	0.03428  	0.08808  	0.12384  	-0.3228  	-0.2638  	-0.0282  	-0.0096  	-0.0489  	0.13724  	-0.2093  	-0.0642  	0.13320  	0.07267  	-0.0369  	-0.2318  	-0.0751  	0.20933  	0.04811  	0.01826  	0.26374  	0.03082  	-0.0256  	-0.0501  	0.12438  	0.08420  	-0.1284  	-0.0576  	-0.0329  	-0.0096  	-0.0030  	-0.0242  	-0.0005  	-0.0098  	0.01791  	0.01840  	-0.0252  	-0.0249  	0.01059  	0.04340  	0.01761  	0.08366  	0.10599  	-0.0645  	0.00316  	0.03357  	0.39202  	
-0.7939  	-0.1213  	-0.5584  	-0.4727  	-0.1268  	-0.2425  	0.25323  	-0.1429  	0.11809  	0.42942  	-0.1086  	0.77058  	0.13190  	-0.4317  	-1.5114  	0.11123  	0.45162  	0.15106  	0.43117  	0.20130  	-0.2686  	0.52674  	0.32698  	-0.1904  	0.03572  	0.08482  	0.12635  	-0.3127  	-0.2536  	-0.0290  	-0.0228  	-0.0501  	0.13928  	-0.2114  	-0.0665  	0.14874  	0.07255  	-0.0337  	-0.2385  	-0.0779  	0.21017  	0.05246  	0.02047  	0.25796  	0.02846  	-0.0254  	-0.0491  	0.12166  	0.08861  	-0.1291  	-0.0565  	-0.0347  	-0.0098  	-0.0024  	-0.0248  	-0.0006  	-0.0104  	0.01972  	0.02048  	-0.0260  	-0.0256  	0.01315  	0.04218  	0.01865  	0.08368  	0.10653  	-0.0645  	0.00268  	0.03322  	0.39074  	
-0.8120  	-0.1191  	-0.5653  	-0.4569  	-0.1153  	-0.2559  	0.24528  	-0.1412  	0.11538  	0.44545  	-0.1268  	0.77841  	0.13377  	-0.4414  	-1.5072  	0.11548  	0.45841  	0.14510  	0.43342  	0.21110  	-0.2698  	0.52414  	0.32405  	-0.2006  	0.04514  	0.08965  	0.12947  	-0.3142  	-0.2486  	-0.0281  	-0.0102  	-0.0539  	0.14255  	-0.2101  	-0.0673  	0.14587  	0.07310  	-0.0390  	-0.2263  	-0.0710  	0.21160  	0.04939  	0.01704  	0.26538  	0.02448  	-0.0245  	-0.0477  	0.12888  	0.08345  	-0.1300  	-0.0612  	-0.0320  	-0.0104  	-0.0011  	-0.0221  	6.62505  	-0.0114  	0.01762  	0.01820  	-0.0249  	-0.0231  	0.01237  	0.04183  	0.01763  	0.08190  	0.10388  	-0.0637  	0.00202  	0.03182  	0.39569  	
-0.7870  	-0.1115  	-0.5543  	-0.4441  	-0.1163  	-0.2510  	0.24443  	-0.1328  	0.11682  	0.43556  	-0.1292  	0.77338  	0.13447  	-0.4457  	-1.4892  	0.11340  	0.45993  	0.13851  	0.44130  	0.20961  	-0.2560  	0.52378  	0.33133  	-0.1914  	0.04885  	0.08387  	0.13964  	-0.3183  	-0.2529  	-0.0222  	-0.0170  	-0.0514  	0.13738  	-0.2112  	-0.0666  	0.14106  	0.08410  	-0.0368  	-0.2308  	-0.0703  	0.20950  	0.04771  	0.01401  	0.26669  	0.02794  	-0.0241  	-0.0485  	0.12486  	0.08387  	-0.1306  	-0.0614  	-0.0319  	-0.0099  	-0.0024  	-0.0235  	-0.0016  	-0.0104  	0.01810  	0.01945  	-0.0261  	-0.0243  	0.01068  	0.04237  	0.01821  	0.07947  	0.10122  	-0.0639  	0.00132  	0.03158  	0.39657  	
-0.7704  	-0.1101  	-0.5294  	-0.4670  	-0.1310  	-0.2666  	0.25145  	-0.1220  	0.11799  	0.44167  	-0.1275  	0.73809  	0.13983  	-0.4240  	-1.4942  	0.09859  	0.46341  	0.12438  	0.43611  	0.19763  	-0.2495  	0.53236  	0.33663  	-0.1714  	0.06350  	0.08172  	0.14977  	-0.3475  	-0.2579  	-0.0179  	-0.0125  	-0.0526  	0.13519  	-0.2129  	-0.0675  	0.14166  	0.09550  	-0.0378  	-0.2401  	-0.0767  	0.21501  	0.04891  	0.01892  	0.26495  	0.02869  	-0.0252  	-0.0466  	0.12493  	0.08685  	-0.1305  	-0.0651  	-0.0311  	-0.0092  	-0.0023  	-0.0239  	-0.0046  	-0.0088  	0.01835  	0.01892  	-0.0281  	-0.0252  	0.01355  	0.04403  	0.01788  	0.07850  	0.09712  	-0.0647  	0.00029  	0.03128  	0.39569  	
-0.6972  	-0.0867  	-0.4818  	-0.4091  	-0.1051  	-0.2053  	0.26538  	-0.1209  	0.12842  	0.39767  	-0.2028  	0.73928  	0.15718  	-0.4151  	-1.4104  	0.12700  	0.47363  	0.13014  	0.45035  	0.15751  	-0.2589  	0.51270  	0.36438  	-0.1524  	0.07227  	0.07174  	0.20344  	-0.3527  	-0.2418  	0.01229  	-0.0134  	-0.0554  	0.14647  	-0.2183  	-0.0644  	0.12396  	0.09014  	-0.0442  	-0.2464  	-0.0566  	0.21845  	0.05797  	0.03712  	0.27463  	0.03493  	-0.0293  	-0.0466  	0.11854  	0.08620  	-0.1348  	-0.0616  	-0.0314  	-0.0152  	-0.0005  	-0.0268  	-0.0069  	-0.0108  	0.01503  	0.01798  	-0.0250  	-0.0272  	0.01269  	0.04408  	0.01886  	0.07787  	0.09313  	-0.0657  	-0.0008  	0.03029  	0.41323  	
-0.5526  	-0.0319  	-0.4445  	-0.3272  	-0.0665  	-0.0855  	0.23306  	-0.0702  	0.14835  	0.37500  	-0.3341  	0.81927  	0.19881  	-0.3284  	-1.2852  	0.17678  	0.51137  	0.13811  	0.47561  	0.16450  	-0.2695  	0.55043  	0.36613  	-0.1804  	0.08533  	0.07685  	0.17281  	-0.3324  	-0.1926  	0.02763  	0.00207  	-0.0669  	0.13954  	-0.2215  	-0.0889  	0.11413  	0.05568  	-0.0516  	-0.2197  	-0.0370  	0.23789  	0.03437  	0.05436  	0.28115  	0.02654  	-0.0223  	-0.0481  	0.12865  	0.09276  	-0.1443  	-0.0640  	-0.0273  	-0.0202  	-0.0080  	-0.0304  	-0.0089  	-0.0160  	0.01104  	0.01555  	-0.0274  	-0.0242  	0.01186  	0.04315  	0.01516  	0.07743  	0.08788  	-0.0666  	-0.0018  	0.02932  	0.42570  	
-0.2747  	0.03015  	-0.3200  	-0.0418  	0.04281  	0.09029  	0.20696  	0.04469  	0.19477  	0.28920  	-0.4208  	0.92270  	0.22333  	-0.2146  	-1.0994  	0.27971  	0.51340  	0.09548  	0.46767  	0.19673  	-0.1917  	0.52055  	0.31582  	-0.2075  	0.06615  	0.05581  	0.21066  	-0.3871  	-0.2664  	0.02407  	-0.0131  	-0.0499  	0.17399  	-0.2068  	0.00815  	0.10081  	0.10700  	-0.0165  	-0.2247  	-0.0806  	0.19520  	0.02607  	0.05187  	0.26751  	0.02190  	-0.0182  	-0.0379  	0.13075  	0.09290  	-0.1374  	-0.0533  	-0.0285  	-0.0140  	-0.0041  	-0.0245  	0.00876  	-0.0230  	0.01608  	0.01991  	-0.0302  	-0.0276  	0.01298  	0.03962  	0.01644  	0.07734  	0.08523  	-0.0680  	-0.0024  	0.02849  	0.42679  	
-0.1432  	0.09820  	-0.2620  	0.10617  	0.10522  	0.16425  	0.21391  	0.05305  	0.19126  	0.28050  	-0.4504  	0.91295  	0.25416  	-0.1125  	-0.9785  	0.30809  	0.50718  	0.07403  	0.44477  	0.14907  	-0.1230  	0.55595  	0.30170  	-0.1873  	0.13287  	0.04376  	0.26163  	-0.4081  	-0.2827  	0.05801  	-0.0401  	-0.0170  	0.17918  	-0.2220  	0.03454  	0.04715  	0.12173  	-0.0081  	-0.2453  	-0.0738  	0.18369  	0.02769  	0.05819  	0.25052  	0.02085  	-0.0199  	-0.0443  	0.12659  	0.09833  	-0.1344  	-0.0482  	-0.0292  	-0.0130  	-0.0087  	-0.0302  	0.01355  	-0.0224  	0.01242  	0.02017  	-0.0316  	-0.0253  	0.01299  	0.04254  	0.00817  	0.07772  	0.08269  	-0.0695  	-0.0029  	0.02858  	0.41821  	
-0.0976  	0.08520  	-0.2620  	0.16264  	0.13894  	0.19274  	0.24707  	0.08393  	0.19318  	0.26097  	-0.4781  	0.88283  	0.28182  	-0.0365  	-0.9210  	0.29419  	0.47841  	0.07043  	0.46295  	0.12658  	-0.0898  	0.56994  	0.28883  	-0.1360  	0.17484  	0.01999  	0.32273  	-0.4782  	-0.3019  	0.07383  	-0.0539  	-0.0134  	0.16634  	-0.2120  	0.08703  	0.04566  	0.18282  	0.00231  	-0.2522  	-0.0713  	0.17008  	0.03813  	0.04655  	0.26425  	0.02237  	-0.0190  	-0.0525  	0.13264  	0.09791  	-0.1321  	-0.0536  	-0.0327  	-0.0128  	-0.0099  	-0.0254  	0.01487  	-0.0200  	0.01402  	0.01828  	-0.0280  	-0.0303  	0.00459  	0.04157  	0.01262  	0.07841  	0.08200  	-0.0704  	-0.0033  	0.02843  	0.41027  	
-0.4354  	-0.0074  	-0.3915  	-0.1345  	-0.0045  	0.02500  	0.24629  	-0.0570  	0.14539  	0.30108  	-0.3138  	0.82113  	0.16528  	-0.3307  	-1.1551  	0.22656  	0.48264  	0.11350  	0.45482  	0.14209  	-0.1608  	0.52426  	0.28967  	-0.1465  	0.10733  	0.04148  	0.22065  	-0.4082  	-0.2737  	0.01122  	-0.0127  	-0.0344  	0.14729  	-0.2168  	0.02437  	0.08462  	0.14762  	-0.0178  	-0.2553  	-0.0402  	0.18851  	0.04043  	0.02292  	0.26323  	0.01913  	-0.0191  	-0.0556  	0.11841  	0.08470  	-0.1351  	-0.0506  	-0.0276  	-0.0117  	-0.0061  	-0.0273  	0.00539  	-0.0145  	0.01546  	0.01521  	-0.0283  	-0.0260  	0.00893  	0.04900  	0.01864  	0.07836  	0.08169  	-0.0709  	-0.0038  	0.02803  	0.41107  	
-0.5832  	-0.0792  	-0.4559  	-0.2385  	-0.0266  	-0.0748  	0.21640  	-0.0796  	0.13017  	0.34930  	-0.2549  	0.81572  	0.12063  	-0.4555  	-1.3143  	0.21641  	0.46393  	0.15156  	0.47533  	0.18792  	-0.2175  	0.49964  	0.28769  	-0.1722  	0.08434  	0.05334  	0.18369  	-0.3441  	-0.2170  	0.00635  	-0.0208  	-0.0386  	0.12754  	-0.2167  	-0.0356  	0.14693  	0.09751  	-0.0341  	-0.2378  	-0.0455  	0.19211  	0.04328  	0.02241  	0.26756  	0.02926  	-0.0184  	-0.0537  	0.10872  	0.09028  	-0.1446  	-0.0566  	-0.0266  	-0.0146  	-0.0120  	-0.0256  	-0.0055  	-0.0099  	0.01863  	0.01924  	-0.0283  	-0.0305  	0.00391  	0.04937  	0.02020  	0.07612  	0.08274  	-0.0709  	-0.0038  	0.02861  	0.40200  	
-0.6683  	-0.0733  	-0.4396  	-0.2945  	-0.0717  	-0.1593  	0.21619  	-0.0762  	0.08437  	0.37216  	-0.1895  	0.76810  	0.19015  	-0.4790  	-1.3247  	0.10530  	0.55790  	-0.0277  	0.51334  	-0.0767  	-0.2271  	0.29916  	0.05323  	-0.2011  	0.03520  	0.16158  	0.14669  	-0.3906  	-0.1303  	-0.0042  	0.10713  	-0.0967  	0.03529  	-0.3798  	-0.1438  	0.12701  	-0.0208  	-0.0359  	-0.3415  	-0.1564  	0.30122  	0.18314  	-0.0854  	0.35236  	-0.0326  	-0.0043  	-0.0729  	0.13476  	0.07270  	-0.1518  	-0.0546  	-0.0222  	-0.0120  	0.01014  	-0.0204  	-0.0048  	-0.0142  	0.00329  	0.02047  	-0.0226  	-0.0190  	0.00819  	0.02904  	0.02205  	0.07384  	0.08230  	-0.0706  	-0.0036  	0.02946  	0.38469  	
-0.6522  	-0.0341  	-0.3861  	-0.2494  	-0.0479  	-0.1448  	0.19050  	0.01717  	0.08055  	0.29785  	-0.2406  	0.80002  	0.24863  	-0.5008  	-1.1960  	0.07293  	0.64138  	-0.1859  	0.60018  	-0.3138  	-0.1843  	0.12896  	-0.1075  	-0.1859  	-0.0253  	0.25647  	0.17543  	-0.4808  	-0.0376  	-0.0035  	0.19785  	-0.1415  	-0.0231  	-0.5176  	-0.1999  	0.08485  	-0.0765  	-0.0442  	-0.4340  	-0.2082  	0.36871  	0.29221  	-0.1778  	0.43198  	-0.0837  	0.01197  	-0.0882  	0.15010  	0.06389  	-0.1628  	-0.0532  	-0.0207  	-0.0112  	0.02572  	-0.0154  	-0.0084  	-0.0151  	-0.0070  	0.01772  	-0.0127  	-0.0132  	0.00559  	0.01022  	0.01833  	0.07052  	0.08258  	-0.0701  	-0.0040  	0.02990  	0.38313  	
-0.3789  	0.02638  	-0.3339  	-0.0554  	0.05729  	-0.0312  	0.17059  	0.11449  	0.11623  	0.22315  	-0.4281  	0.94710  	0.32057  	-0.3711  	-0.9821  	0.08997  	0.67618  	-0.2094  	0.59539  	-0.3550  	-0.1328  	0.10871  	-0.1958  	-0.1996  	-0.0535  	0.27949  	0.19394  	-0.5100  	-0.0389  	-0.0032  	0.22831  	-0.1706  	-0.0312  	-0.5437  	-0.1691  	0.04836  	-0.1243  	-0.0558  	-0.4622  	-0.2070  	0.34498  	0.30544  	-0.1996  	0.44417  	-0.0951  	0.02382  	-0.0903  	0.16469  	0.04892  	-0.1619  	-0.0465  	-0.0184  	-0.0137  	0.02140  	-0.0168  	-0.0053  	-0.0195  	-0.0133  	0.01192  	-0.0123  	-0.0196  	0.00205  	0.01066  	0.01793  	0.06704  	0.08167  	-0.0690  	-0.0043  	0.03011  	0.37903  	
-0.1842  	0.11292  	-0.2192  	0.11596  	0.06480  	0.09970  	0.15372  	0.11496  	0.13484  	0.20163  	-0.4980  	0.96344  	0.35664  	-0.2144  	-0.8138  	0.11309  	0.69013  	-0.2093  	0.57822  	-0.3564  	-0.0500  	0.15365  	-0.1205  	-0.1874  	-0.0656  	0.23347  	0.17801  	-0.5492  	-0.1251  	-0.0108  	0.20364  	-0.1360  	0.00860  	-0.5085  	-0.1026  	-0.0054  	-0.0571  	-0.0283  	-0.4474  	-0.1977  	0.33309  	0.25888  	-0.1430  	0.41542  	-0.0977  	0.01521  	-0.0818  	0.16906  	0.06809  	-0.1695  	-0.0414  	-0.0166  	-0.0153  	0.02077  	-0.0150  	0.00638  	-0.0272  	-0.0098  	0.01807  	-0.0182  	-0.0163  	0.01145  	0.00498  	0.01809  	0.06380  	0.08191  	-0.0680  	-0.0043  	0.03061  	0.37226  	
-0.0942  	0.11589  	-0.1952  	0.18672  	0.13756  	0.21092  	0.19981  	0.11725  	0.17116  	0.22777  	-0.4802  	0.91579  	0.33429  	-0.1708  	-0.9137  	0.25905  	0.56461  	-0.0637  	0.52774  	-0.1126  	-0.0472  	0.32834  	0.00833  	-0.1878  	0.05832  	0.12817  	0.21478  	-0.5066  	-0.1836  	0.01637  	0.06239  	-0.0567  	0.08361  	-0.3936  	-0.0174  	0.03927  	0.01549  	0.00196  	-0.3535  	-0.1306  	0.27452  	0.16578  	-0.0591  	0.35066  	-0.0365  	-0.0012  	-0.0715  	0.15376  	0.08747  	-0.1565  	-0.0422  	-0.0257  	-0.0136  	0.00352  	-0.0203  	0.00976  	-0.0201  	-2.7164  	0.02182  	-0.0245  	-0.0260  	0.00271  	0.02288  	0.01070  	0.06263  	0.08083  	-0.0673  	-0.0045  	0.03078  	0.37042  	
-0.4099  	-0.0138  	-0.3649  	-0.2197  	-0.0459  	-0.0006  	0.23135  	-0.0760  	0.14438  	0.38020  	-0.2869  	0.80735  	0.16008  	-0.2939  	-1.3795  	0.26966  	0.45895  	0.14459  	0.46714  	0.17141  	-0.2569  	0.49481  	0.26488  	-0.2009  	0.14243  	0.04737  	0.20404  	-0.3525  	-0.2498  	0.01280  	-0.0255  	-0.0261  	0.14563  	-0.2284  	-0.0061  	0.16659  	0.12691  	-0.0285  	-0.2394  	-0.0413  	0.22479  	0.04327  	0.04236  	0.27853  	0.02807  	-0.0236  	-0.0507  	0.11717  	0.09334  	-0.1527  	-0.0450  	-0.0258  	-0.0121  	-0.0038  	-0.0258  	0.00423  	-0.0119  	0.01721  	0.01547  	-0.0277  	-0.0279  	0.01094  	0.04942  	0.01852  	0.06329  	0.08063  	-0.0669  	-0.0046  	0.02960  	0.38260  	
-0.5744  	-0.0561  	-0.4185  	-0.3500  	-0.1482  	-0.0684  	0.24090  	-0.1491  	0.12116  	0.36273  	-0.2282  	0.71699  	0.09858  	-0.4874  	-1.4196  	0.24838  	0.49686  	0.13978  	0.46213  	0.16465  	-0.2694  	0.48448  	0.31374  	-0.2183  	0.13765  	0.05885  	0.20562  	-0.3387  	-0.2331  	0.01798  	-0.0010  	-0.0351  	0.11377  	-0.2160  	-0.0655  	0.18195  	0.11472  	-0.0327  	-0.2432  	-0.0962  	0.24618  	0.03753  	0.05642  	0.28261  	0.03087  	-0.0222  	-0.0474  	0.10578  	0.08345  	-0.1329  	-0.0534  	-0.0296  	-0.0096  	-0.0047  	-0.0173  	0.00419  	-0.0115  	0.02034  	0.01973  	-0.0249  	-0.0297  	0.00806  	0.05227  	0.02542  	0.06566  	0.08093  	-0.0665  	-0.0050  	0.02837  	0.39331  	
-0.6458  	-0.0582  	-0.4626  	-0.4008  	-0.1641  	-0.0844  	0.20701  	-0.1805  	0.10218  	0.39232  	-0.2323  	0.70147  	0.06871  	-0.5387  	-1.4041  	0.21421  	0.49642  	0.14205  	0.47637  	0.13338  	-0.2505  	0.48811  	0.36141  	-0.2447  	0.11314  	0.07371  	0.18889  	-0.3716  	-0.2441  	0.02488  	-0.0051  	-0.0319  	0.10549  	-0.2167  	-0.0906  	0.18158  	0.12322  	-0.0253  	-0.2479  	-0.0850  	0.24999  	0.04170  	0.04729  	0.28355  	0.02844  	-0.0198  	-0.0483  	0.10311  	0.08165  	-0.1406  	-0.0595  	-0.0203  	-0.0121  	-0.0048  	-0.0293  	-3.2112  	-0.0149  	0.01822  	0.02092  	-0.0334  	-0.0258  	0.00571  	0.04982  	0.01894  	0.06858  	0.08387  	-0.0665  	-0.0048  	0.02766  	0.38268  	
-0.6210  	-0.0526  	-0.4536  	-0.3863  	-0.1398  	-0.1040  	0.19916  	-0.1269  	0.11478  	0.34428  	-0.2858  	0.73318  	0.10400  	-0.5039  	-1.3596  	0.19843  	0.50549  	0.11509  	0.49262  	0.08712  	-0.2765  	0.54153  	0.42587  	-0.2120  	0.10455  	0.08274  	0.20438  	-0.3931  	-0.2365  	0.03058  	-0.0082  	-0.0387  	0.11610  	-0.2226  	-0.1220  	0.14597  	0.11982  	-0.0155  	-0.2523  	-0.0628  	0.25738  	0.03570  	0.05542  	0.29631  	0.02079  	-0.0241  	-0.0430  	0.11174  	0.08425  	-0.1410  	-0.0663  	-0.0236  	-0.0131  	-0.0005  	-0.0307  	-0.0042  	-0.0167  	0.01371  	0.01853  	-0.0308  	-0.0256  	0.00687  	0.04430  	0.01727  	0.07244  	0.08619  	-0.0666  	-0.0047  	0.02749  	0.35983  	
-0.5435  	-0.0487  	-0.4555  	-0.2292  	-0.0531  	-0.0412  	0.18843  	-0.1043  	0.12041  	0.32320  	-0.3558  	0.83096  	0.15534  	-0.4430  	-1.2945  	0.21562  	0.50665  	0.12329  	0.48779  	0.13144  	-0.3081  	0.55682  	0.37048  	-0.2484  	0.12111  	0.07573  	0.18196  	-0.3215  	-0.1936  	0.03983  	-0.0008  	-0.0573  	0.12299  	-0.2166  	-0.1297  	0.14207  	0.06575  	-0.0410  	-0.2253  	-0.0551  	0.24131  	0.03969  	0.05283  	0.29031  	0.02354  	-0.0264  	-0.0403  	0.12538  	0.09252  	-0.1449  	-0.0592  	-0.0273  	-0.0150  	-0.0040  	-0.0252  	-0.0065  	-0.0099  	0.01213  	0.02027  	-0.0272  	-0.0268  	0.00797  	0.04604  	0.02272  	0.07603  	0.08989  	-0.0670  	-0.0043  	0.02701  	0.35558  	
-0.4242  	0.01463  	-0.3664  	-0.1049  	0.04355  	0.02922  	0.18270  	-0.1098  	0.13495  	0.33411  	-0.3954  	0.83921  	0.18372  	-0.3633  	-1.2679  	0.25630  	0.49758  	0.12616  	0.47805  	0.19524  	-0.2924  	0.53318  	0.31294  	-0.2254  	0.12536  	0.05497  	0.15221  	-0.2764  	-0.1817  	0.03951  	-0.0290  	-0.0391  	0.15742  	-0.2109  	-0.0542  	0.15147  	0.04775  	-0.0433  	-0.2038  	-0.0336  	0.22944  	0.02958  	0.05051  	0.27986  	0.01940  	-0.0262  	-0.0508  	0.12511  	0.09457  	-0.1427  	-0.0485  	-0.0317  	-0.0190  	-0.0056  	-0.0263  	0.00553  	-0.0121  	0.01533  	0.02034  	-0.0360  	-0.0251  	0.00447  	0.04777  	0.01738  	0.07518  	0.09211  	-0.0667  	-0.0042  	0.02663  	0.36988  	
-0.4961  	-0.0265  	-0.3657  	-0.1810  	0.01454  	-0.0611  	0.20401  	-0.1251  	0.12528  	0.38309  	-0.3004  	0.83722  	0.15821  	-0.3992  	-1.3038  	0.25792  	0.47963  	0.14609  	0.46021  	0.24089  	-0.2931  	0.52204  	0.26477  	-0.2057  	0.12106  	0.04339  	0.14075  	-0.2543  	-0.1919  	0.04204  	-0.0131  	-0.0278  	0.14332  	-0.2109  	-0.0554  	0.16693  	0.04917  	-0.0439  	-0.2064  	-0.0497  	0.23032  	0.03561  	0.04791  	0.27492  	0.01427  	-0.0276  	-0.0496  	0.13232  	0.09604  	-0.1361  	-0.0484  	-0.0292  	-0.0107  	-0.0055  	-0.0230  	-0.0019  	-0.0104  	0.01943  	0.01605  	-0.0341  	-0.0284  	0.00381  	0.05387  	0.01773  	0.07224  	0.09381  	-0.0663  	-0.0034  	0.02753  	0.37608  	
-0.6388  	-0.0659  	-0.5097  	-0.1272  	0.05905  	-0.1253  	0.20511  	-0.1133  	0.10309  	0.38808  	-0.2932  	0.87865  	0.18512  	-0.3351  	-1.2559  	0.19421  	0.47387  	0.13972  	0.45133  	0.18077  	-0.2866  	0.50240  	0.23539  	-0.1869  	0.13427  	0.04694  	0.21309  	-0.2733  	-0.1969  	0.05513  	-0.0275  	-0.0466  	0.12404  	-0.2180  	-0.0367  	0.15016  	0.01775  	-0.0619  	-0.2081  	-0.0488  	0.15382  	0.06274  	0.00967  	0.25812  	0.04238  	-0.0203  	-0.0513  	0.11036  	0.09442  	-0.1377  	-0.0465  	-0.0302  	-0.0158  	-0.0038  	-0.0242  	-0.0076  	-0.0065  	0.01760  	0.02270  	-0.0309  	-0.0308  	0.01078  	0.04692  	0.02052  	0.07031  	0.09345  	-0.0661  	-0.0024  	0.02886  	0.37980  	
-0.5577  	-0.0382  	-0.5186  	0.05819  	0.16134  	-0.0496  	0.22485  	-0.0345  	0.14678  	0.34857  	-0.3732  	0.98393  	0.22718  	-0.1930  	-1.0908  	0.20544  	0.46550  	0.13016  	0.45565  	0.21937  	-0.2868  	0.51595  	0.22959  	-0.2305  	0.12450  	0.05405  	0.16641  	-0.1774  	-0.1624  	0.07991  	-0.0344  	-0.0530  	0.15847  	-0.2006  	0.01120  	0.12021  	-2.8163  	-0.0681  	-0.2128  	-0.0468  	0.14216  	0.05389  	0.00020  	0.25840  	0.04065  	-0.0207  	-0.0485  	0.11456  	0.09273  	-0.1415  	-0.0498  	-0.0278  	-0.0194  	-0.0033  	-0.0238  	-0.0004  	-0.0069  	0.01395  	0.02468  	-0.0251  	-0.0241  	0.01419  	0.04927  	0.01907  	0.06840  	0.09369  	-0.0660  	-0.0017  	0.03007  	0.41252  	
-0.4274  	0.01428  	-0.5127  	0.18916  	0.27086  	-0.0100  	0.21802  	0.02941  	0.16671  	0.32225  	-0.4411  	1.04976  	0.28386  	-0.0987  	-1.0200  	0.28007  	0.45933  	0.14718  	0.4457  	0.29937  	-0.3142  	0.50986  	0.15881  	-0.2435  	0.10306  	0.06684  	0.11262  	-0.1168  	-0.1217  	0.07586  	-0.0426  	-0.0614  	0.19241  	-0.2070  	0.05287  	0.10813  	-0.0365  	-0.0702  	-0.1822  	-0.0230  	0.14590  	0.05318  	0.00863  	0.25936  	0.03652  	-0.0219  	-0.0374  	0.11630  	0.09140  	-0.1436  	-0.0477  	-0.0246  	-0.0266  	-0.0040  	-0.0262  	-0.0037  	-0.0065  	0.01331  	0.02323  	-0.0176  	-0.0278  	0.01330  	0.04743  	0.01429  	0.06760  	0.09289  	-0.0656  	-0.0005  	0.03143  	0.42621  	
-0.4464  	0.00079  	-0.5508  	0.23368  	0.31267  	-0.0388  	0.22479  	0.03989  	0.15777  	0.34509  	-0.4422  	1.08294  	0.30557  	-0.0795  	-1.0166  	0.27843  	0.43170  	0.15839  	0.43883  	0.33113  	-0.3218  	0.50680  	0.12368  	-0.2611  	0.09300  	0.07999  	0.05968  	-0.0761  	-0.1010  	0.06783  	-0.0293  	-0.0699  	0.20934  	-0.1951  	0.05034  	0.11481  	-0.0522  	-0.0848  	-0.1551  	-0.0223  	0.15096  	0.05182  	0.00613  	0.25702  	0.03529  	-0.0187  	-0.0388  	0.11781  	0.09644  	-0.1387  	-0.0487  	-0.0276  	-0.0208  	-0.0085  	-0.0225  	-0.0026  	-0.0070  	0.01873  	0.02647  	-0.0210  	-0.0296  	0.01499  	0.04560  	0.01817  	0.06728  	0.09275  	-0.0654  	0.00099  	0.03279  	0.43991  	
-0.5361  	-0.0678  	-0.6261  	0.19641  	0.29958  	-0.1125  	0.25129  	-0.0244  	0.16116  	0.41322  	-0.3727  	1.07120  	0.30460  	-0.1044  	-1.0520  	0.24716  	0.38627  	0.16112  	0.41677  	0.33774  	-0.3327  	0.50111  	0.10238  	-0.2634  	0.07122  	0.09469  	0.02027  	-0.0532  	-0.1038  	0.04618  	-0.0269  	-0.0825  	0.21086  	-0.1874  	0.05454  	0.11179  	-0.0742  	-0.0970  	-0.1798  	-0.0237  	0.15557  	0.05944  	0.00206  	0.25208  	0.03923  	-0.0225  	-0.0355  	0.11293  	0.09904  	-0.1376  	-0.0558  	-0.0300  	-0.0249  	-0.0051  	-0.0223  	-0.0106  	-0.0037  	0.01909  	0.02007  	-0.0266  	-0.0293  	0.01058  	0.05479  	0.01705  	0.06773  	0.09182  	-0.0655  	0.00216  	0.03347  	0.46420  	
-0.5757  	-0.0825  	-0.6404  	0.15494  	0.26919  	-0.1471  	0.26447  	-0.0444  	0.15967  	0.43088  	-0.3500  	1.04944  	0.29388  	-0.1299  	-1.0926  	0.23289  	0.37260  	0.16216  	0.41493  	0.33671  	-0.3375  	0.50614  	0.11087  	-0.2571  	0.06646  	0.09566  	0.02381  	-0.0531  	-0.1031  	0.04129  	-0.0305  	-0.0865  	0.20854  	-0.1831  	0.05110  	0.11297  	-0.0705  	-0.0999  	-0.1896  	-0.0207  	0.15478  	0.06300  	-0.0018  	0.25172  	0.03743  	-0.0240  	-0.0375  	0.11218  	0.09986  	-0.1387  	-0.0559  	-0.0325  	-0.0236  	-0.0026  	-0.0240  	-0.0094  	-0.0035  	0.01780  	0.01802  	-0.0270  	-0.0272  	0.00929  	0.05585  	0.01643  	0.06887  	0.09192  	-0.0652  	0.00311  	0.03312  	0.48072  	
-0.6179  	-0.0866  	-0.6361  	0.06763  	0.20262  	-0.1855  	0.26083  	-0.0494  	0.15797  	0.44435  	-0.3205  	1.01433  	0.26278  	-0.1943  	-1.1432  	0.22034  	0.38988  	0.17026  	0.43308  	0.33508  	-0.3316  	0.50194  	0.14434  	-0.2530  	0.05627  	0.09182  	0.03268  	-0.0750  	-0.1172  	0.02869  	-0.0267  	-0.0868  	0.20396  	-0.1809  	0.02970  	0.11549  	-0.0425  	-0.0927  	-0.1921  	-0.0207  	0.16006  	0.05622  	0.00143  	0.25262  	0.03569  	-0.0247  	-0.0362  	0.11382  	0.09577  	-0.1361  	-0.0619  	-0.0325  	-0.0206  	0.00296  	-0.0226  	-0.0062  	-0.0070  	0.01570  	0.01729  	-0.0223  	-0.0274  	0.00929  	0.04921  	0.01573  	0.07033  	0.09232  	-0.0649  	0.00338  	0.03209  	0.49736  	
-0.6333  	-0.0853  	-0.6271  	0.02657  	0.17081  	-0.1992  	0.25610  	-0.0487  	0.15529  	0.45000  	-0.2984  	0.99791  	0.24983  	-0.2219  	-1.1701  	0.22017  	0.40238  	0.16798  	0.44107  	0.33627  	-0.3117  	0.50194  	0.16144  	-0.2477  	0.04769  	0.09040  	0.04621  	-0.0989  	-0.1371  	0.02160  	-0.0261  	-0.0871  	0.20206  	-0.1821  	0.02286  	0.11318  	-0.0231  	-0.0882  	-0.1911  	-0.0215  	0.16114  	0.05625  	5.28693  	0.25305  	0.03398  	-0.0241  	-0.0339  	0.11568  	0.09363  	-0.1361  	-0.0642  	-0.0320  	-0.0184  	0.00454  	-0.0215  	-0.0045  	-0.0089  	0.01497  	0.01724  	-0.0193  	-0.0277  	0.01069  	0.04257  	0.01479  	0.07069  	0.09401  	-0.0646  	0.00359  	0.03143  	0.48664  	
-0.6084  	-0.0799  	-0.6245  	0.06455  	0.18873  	-0.1736  	0.25538  	-0.0321  	0.16390  	0.43568  	-0.3092  	1.01260  	0.25954  	-0.1877  	-1.1454  	0.22021  	0.40347  	0.16239  	0.44218  	0.34531  	-0.3081  	0.50188  	0.15204  	-0.2465  	0.05208  	0.09780  	0.04080  	-0.0890  	-0.1270  	0.02465  	-0.0287  	-0.0831  	0.20514  	-0.1821  	0.02846  	0.10510  	-0.0331  	-0.0875  	-0.1887  	-0.0284  	0.15670  	0.05333  	-0.0025  	0.25053  	0.03585  	-0.0242  	-0.0335  	0.11600  	0.09183  	-0.1366  	-0.0648  	-0.0320  	-0.0205  	0.00278  	-0.0231  	-0.0049  	-0.0081  	0.01520  	0.01685  	-0.0201  	-0.0289  	0.00875  	0.04575  	0.01530  	0.07187  	0.09457  	-0.0651  	0.00353  	0.03094  	0.47422  	
-0.5715  	-0.0682  	-0.6211  	0.11313  	0.21848  	-0.1359  	0.25537  	-0.0238  	0.16587  	0.42184  	-0.3296  	1.03130  	0.27261  	-0.1549  	-1.1139  	0.22032  	0.40068  	0.15501  	0.43205  	0.34670  	-0.3053  	0.49298  	0.14320  	-0.2412  	0.06191  	0.10005  	0.04180  	-0.0802  	-0.1158  	0.03103  	-0.0285  	-0.0810  	0.20111  	-0.1840  	0.03605  	0.10165  	-0.0504  	-0.0892  	-0.1858  	-0.0275  	0.15044  	0.05513  	-0.0031  	0.25051  	0.03706  	-0.0236  	-0.0347  	0.11490  	0.09197  	-0.1377  	-0.0619  	-0.0312  	-0.0229  	2.70307  	-0.0243  	-0.0079  	-0.0064  	0.01691  	0.01664  	-0.0225  	-0.0298  	0.00632  	0.05070  	0.01533  	0.07212  	0.09513  	-0.0668  	0.00308  	0.02993  	0.47568  	
-0.5663  	-0.0664  	-0.6235  	0.12087  	0.22630  	-0.1252  	0.25196  	-0.0243  	0.17593  	0.42549  	-0.3430  	1.04095  	0.28221  	-0.1404  	-1.1059  	0.22695  	0.39827  	0.16360  	0.43313  	0.34505  	-0.3234  	0.49539  	0.13955  	-0.2494  	0.05532  	0.10344  	0.02358  	-0.0654  	-0.1039  	0.03243  	-0.0270  	-0.0796  	0.20449  	-0.1832  	0.03316  	0.09917  	-0.0629  	-0.0877  	-0.1841  	-0.0238  	0.15097  	0.05190  	0.00128  	0.24989  	0.03687  	-0.0238  	-0.0370  	0.11643  	0.09480  	-0.1378  	-0.0607  	-0.0301  	-0.0232  	-0.0008  	-0.0248  	-0.0078  	-0.0080  	0.01816  	0.01613  	-0.0232  	-0.0302  	0.00629  	0.05321  	0.01656  	0.07081  	0.09372  	-0.0681  	0.00234  	0.02828  	0.47230  	
-0.5238  	-0.0667  	-0.6315  	0.18976  	0.28193  	-0.1065  	0.25730  	-0.0214  	0.16812  	0.40929  	-0.3772  	1.06478  	0.30032  	-0.1100  	-1.0636  	0.23055  	0.38751  	0.15750  	0.41130  	0.34770  	-0.3315  	0.48768  	0.11582  	-0.2533  	0.07908  	0.10343  	0.03783  	-0.0603  	-0.0946  	0.04414  	-0.0294  	-0.0843  	0.20639  	-0.1875  	0.04915  	0.10532  	-0.0755  	-0.0990  	-0.1852  	-0.0175  	0.13760  	0.05367  	0.00089  	0.25441  	0.04046  	-0.0233  	-0.0361  	0.11343  	0.09905  	-0.1389  	-0.0542  	-0.0330  	-0.0251  	-0.0037  	-0.0258  	-0.0072  	-0.0057  	0.02024  	0.01697  	-0.0242  	-0.0335  	0.00752  	0.05292  	0.01715  	0.07003  	0.09218  	-0.0703  	0.00192  	0.02698  	0.47234  	
-0.4855  	-0.0607  	-0.6285  	0.25397  	0.32150  	-0.0716  	0.25906  	-0.0090  	0.16657  	0.38510  	-0.4167  	1.08089  	0.31424  	-0.0823  	-1.0105  	0.23910  	0.38907  	0.15537  	0.41156  	0.35406  	-0.3412  	0.49480  	0.10178  	-0.2498  	0.09970  	0.09900  	0.04266  	-0.0545  	-0.0830  	0.05103  	-0.0322  	-0.0838  	0.20774  	-0.1846  	0.05649  	0.10268  	-0.0842  	-0.1020  	-0.1769  	-0.0172  	0.12827  	0.05012  	0.00159  	0.25858  	0.03880  	-0.0224  	-0.0353  	0.12031  	0.10008  	-0.1400  	-0.0479  	-0.0351  	-0.0239  	-0.0067  	-0.0264  	-0.0040  	-0.0076  	0.02116  	0.01604  	-0.0264  	-0.0369  	0.00511  	0.04886  	0.01735  	0.07099  	0.09004  	-0.0729  	0.00114  	0.02556  	0.48079  	
-0.4516  	-0.0469  	-0.6182  	0.26975  	0.33183  	-0.0538  	0.26292  	-0.0129  	0.15499  	0.36768  	-0.4430  	1.06274  	0.31952  	-0.0626  	-0.9877  	0.24472  	0.40130  	0.15593  	0.41732  	0.35721  	-0.3412  	0.50376  	0.08947  	-0.2546  	0.13003  	0.09326  	0.05116  	-0.0670  	-0.0765  	0.06231  	-0.0364  	-0.0822  	0.21102  	-0.1844  	0.06678  	0.10603  	-0.0706  	-0.0998  	-0.1682  	-0.0191  	0.12603  	0.05316  	0.00456  	0.25916  	0.03570  	-0.0207  	-0.0369  	0.12310  	0.10128  	-0.1443  	-0.0454  	-0.0346  	-0.0233  	-0.0090  	-0.0272  	0.00017  	-0.0086  	0.02044  	0.01697  	-0.0264  	-0.0353  	0.00539  	0.04710  	0.01877  	0.07254  	0.08843  	-0.0754  	0.00038  	0.02337  	0.50629  	
-0.4699  	-0.0519  	-0.6198  	0.23154  	0.31382  	-0.0833  	0.26299  	-0.0246  	0.15351  	0.38563  	-0.4293  	1.04142  	0.31781  	-0.0874  	-1.0199  	0.24684  	0.39820  	0.16354  	0.41565  	0.35053  	-0.3457  	0.50558  	0.09841  	-0.2573  	0.11753  	0.09146  	0.05156  	-0.0694  	-0.0810  	0.05926  	-0.0359  	-0.0797  	0.21384  	-0.1877  	0.06661  	0.10728  	-0.0752  	-0.0971  	-0.1738  	-0.0178  	0.13372  	0.05467  	0.00530  	0.25463  	0.03545  	-0.0223  	-0.0367  	0.12093  	0.10230  	-0.1464  	-0.0484  	-0.0332  	-0.0235  	-0.0087  	-0.0266  	-0.0025  	-0.0082  	0.01866  	0.01905  	-0.0252  	-0.0331  	0.00675  	0.05041  	0.01819  	0.07561  	0.08701  	-0.0773  	-0.0002  	0.02144  	0.51870  	
-0.4796  	-0.0548  	-0.6238  	0.22969  	0.30727  	-0.0740  	0.25802  	-0.0264  	0.15967  	0.38047  	-0.4303  	1.04257  	0.31395  	-0.0946  	-1.0144  	0.24456  	0.40375  	0.16021  	0.41990  	0.34368  	-0.3364  	0.50250  	0.11014  	-0.2510  	0.11977  	0.08950  	0.06133  	-0.0787  	-0.0873  	0.06144  	-0.0356  	-0.0783  	0.20504  	-0.1876  	0.06759  	0.10524  	-0.0739  	-0.0935  	-0.1788  	-0.0142  	0.12911  	0.05508  	0.00547  	0.25334  	0.03690  	-0.0234  	-0.0376  	0.11974  	0.10049  	-0.1432  	-0.0485  	-0.0328  	-0.0248  	-0.0077  	-0.0263  	-0.0034  	-0.0078  	0.01861  	0.01884  	-0.0248  	-0.0331  	0.00598  	0.05281  	0.01768  	0.07871  	0.08731  	-0.0785  	-0.0006  	0.01982  	0.53424  	
-0.5004  	-0.0652  	-0.6311  	0.22307  	0.30340  	-0.0872  	0.25763  	-0.0327  	0.16224  	0.38656  	-0.4163  	1.04941  	0.31294  	-0.0988  	-1.0201  	0.24500  	0.39693  	0.15842  	0.41758  	0.34509  	-0.3360  	0.49874  	0.10972  	-0.2521  	0.10793  	0.09080  	0.05152  	-0.0793  	-0.0933  	0.05399  	-0.0326  	-0.0806  	0.20509  	-0.1869  	0.06810  	0.10222  	-0.0735  	-0.0961  	-0.1825  	-0.0163  	0.13034  	0.05506  	0.00448  	0.25318  	0.03805  	-0.0231  	-0.0378  	0.11804  	0.10029  	-0.1419  	-0.0491  	-0.0332  	-0.0254  	-0.0076  	-0.0261  	-0.0039  	-0.0069  	0.01981  	0.01691  	-0.0255  	-0.0332  	0.00632  	0.05353  	0.01775  	0.08157  	0.08875  	-0.0789  	-0.0012  	0.01924  	0.54323  	
-0.5009  	-0.0609  	-0.6326  	0.22219  	0.30102  	-0.0804  	0.25750  	-0.0291  	0.15961  	0.39168  	-0.4159  	1.05006  	0.31027  	-0.0958  	-1.0144  	0.24134  	0.39502  	0.15862  	0.42052  	0.34293  	-0.3405  	0.50792  	0.10735  	-0.2538  	0.10363  	0.09096  	0.04318  	-0.0686  	-0.0867  	0.05533  	-0.0323  	-0.0800  	0.20650  	-0.1866  	0.06425  	0.10160  	-0.0792  	-0.0956  	-0.1813  	-0.0139  	0.13713  	0.05486  	0.00360  	0.25257  	0.03787  	-0.0241  	-0.0389  	0.12042  	0.09858  	-0.1419  	-0.0499  	-0.0317  	-0.0253  	-0.0078  	-0.0260  	-0.0044  	-0.0074  	0.01927  	0.01742  	-0.0258  	-0.0319  	0.00636  	0.05388  	0.01678  	0.08422  	0.09189  	-0.0780  	-0.0016  	0.01855  	0.54045  	
-0.4717  	-0.0343  	-0.5811  	0.19050  	0.27593  	-0.0725  	0.25288  	-0.0399  	0.14992  	0.38523  	-0.4304  	1.01253  	0.29215  	-0.1150  	-1.0353  	0.25596  	0.41445  	0.16855  	0.42349  	0.32302  	-0.3363  	0.51669  	0.12442  	-0.2545  	0.11574  	0.07939  	0.06299  	-0.1106  	-0.0995  	0.06664  	-0.0333  	-0.0744  	0.20299  	-0.1896  	0.06375  	0.10469  	-0.0548  	-0.0857  	-0.1767  	-0.0182  	0.14731  	0.05852  	0.01285  	0.25120  	0.03130  	-0.0218  	-0.0398  	0.12170  	0.10005  	-0.1479  	-0.0489  	-0.0297  	-0.0245  	-0.0093  	-0.0264  	-0.0026  	-0.0089  	0.01926  	0.02074  	-0.0224  	-0.0293  	0.00872  	0.05283  	0.01775  	0.08585  	0.09464  	-0.0772  	-0.0018  	0.01748  	0.54527  	
-0.4265  	-0.0265  	-0.5894  	0.26853  	0.30720  	-0.0223  	0.24657  	-0.0136  	0.16716  	0.34816  	-0.4825  	1.06081  	0.31055  	-0.0761  	-0.9637  	0.24872  	0.43780  	0.14684  	0.43368  	0.31759  	-0.3311  	0.50722  	0.12554  	-0.2567  	0.13078  	0.08188  	0.06865  	-0.1099  	-0.1108  	0.07023  	-0.0321  	-0.0740  	0.20345  	-0.1888  	0.05955  	0.08913  	-0.0549  	-0.0884  	-0.1655  	-0.0205  	0.13139  	0.05308  	0.01227  	0.25615  	0.03563  	-0.0183  	-0.0436  	0.12192  	0.10110  	-0.1418  	-0.0480  	-0.0321  	-0.0237  	-0.0099  	-0.0299  	0.00067  	-0.0118  	0.02356  	0.01994  	-0.0251  	-0.0351  	0.00567  	0.04837  	0.01809  	0.08457  	0.09761  	-0.0762  	-0.0016  	0.01792  	0.53488  	
-0.4471  	-0.0243  	-0.5722  	0.23122  	0.30213  	-0.0259  	0.24896  	-0.0162  	0.17410  	0.35324  	-0.4595  	1.06975  	0.28461  	-0.0820  	-0.9789  	0.25296  	0.44003  	0.13885  	0.43431  	0.31242  	-0.2910  	0.49124  	0.12856  	-0.2439  	0.13558  	0.08284  	0.11538  	-0.1447  	-0.1438  	0.06522  	-0.0287  	-0.0803  	0.19660  	-0.1894  	0.05510  	0.08889  	-0.0363  	-0.0854  	-0.1814  	-0.0283  	0.11527  	0.05915  	0.01576  	0.25965  	0.03956  	-0.0209  	-0.0389  	0.12016  	0.09863  	-0.1429  	-0.0478  	-0.0353  	-0.0254  	-0.0046  	-0.0314  	0.00043  	-0.0079  	0.02351  	0.01733  	-0.0231  	-0.0387  	0.00432  	0.04849  	0.01776  	0.08310  	0.09867  	-0.0756  	-0.0014  	0.01888  	0.52162  	
-0.4512  	-0.0278  	-0.5469  	0.15024  	0.22070  	-0.0076  	0.23492  	-0.0081  	0.16174  	0.34889  	-0.4358  	1.04061  	0.22309  	-0.1360  	-0.9951  	0.22898  	0.47238  	0.15449  	0.44979  	0.27392  	-0.2588  	0.48797  	0.20687  	-0.2175  	0.13717  	0.06753  	0.14430  	-0.1697  	-0.1609  	0.05709  	-0.0164  	-0.0740  	0.17436  	-0.2026  	0.01938  	0.07580  	-0.0173  	-0.0740  	-0.1919  	-0.0356  	0.12495  	0.05247  	0.03362  	0.24954  	0.03678  	-0.0216  	-0.0432  	0.11963  	0.09030  	-0.1406  	-0.0450  	-0.0300  	-0.0253  	-0.0049  	-0.0271  	-0.0009  	-0.0046  	0.01486  	0.01328  	-0.0178  	-0.0340  	0.00538  	0.04926  	0.01697  	0.08106  	0.09819  	-0.0759  	-0.0014  	0.01904  	0.51263  	
-0.3610  	-0.0051  	-0.3610  	-0.0107  	0.11137  	0.03679  	0.23761  	-0.0515  	0.16140  	0.36443  	-0.4185  	0.90147  	0.20443  	-0.2477  	-1.1181  	0.24980  	0.48870  	0.14730  	0.46832  	0.18301  	-0.2265  	0.54013  	0.26777  	-0.2292  	0.15647  	0.03758  	0.19495  	-0.2971  	-0.1988  	0.07956  	-0.0332  	-0.0390  	0.16692  	-0.2078  	-0.0313  	0.07020  	0.07290  	-0.0273  	-0.2377  	-0.0462  	0.18775  	0.02651  	0.04322  	0.27004  	0.02687  	-0.0143  	-0.0567  	0.12179  	0.09536  	-0.1519  	-0.0522  	-0.0284  	-0.0197  	-0.0099  	-0.0367  	0.00834  	-0.0190  	0.01380  	0.01395  	-0.0271  	-0.0270  	0.00340  	0.03981  	0.01056  	0.07928  	0.09569  	-0.0762  	-0.0010  	0.01883  	0.49378  	
-0.6466  	-0.0805  	-0.4911  	-0.3250  	-0.0377  	-0.1220  	0.26619  	-0.1235  	0.12631  	0.39570  	-0.2135  	0.79635  	0.16703  	-0.3476  	-1.4012  	0.13723  	0.46347  	0.17228  	0.43477  	0.22444  	-0.2915  	0.49335  	0.24768  	-0.2073  	0.12634  	0.05210  	0.13087  	-0.2989  	-0.1969  	0.00759  	-0.0124  	-0.0690  	0.15137  	-0.2144  	-0.0518  	0.14031  	0.04573  	-0.0612  	-0.1952  	-0.0461  	0.18452  	0.04981  	0.03290  	0.26552  	0.03914  	-0.0195  	-0.0568  	0.11444  	0.09530  	-0.1408  	-0.0513  	-0.0334  	-0.0149  	-0.0113  	-0.0245  	-0.0006  	-0.0135  	0.02309  	0.01513  	-0.0267  	-0.0297  	0.00537  	0.04660  	0.01731  	0.07607  	0.09243  	-0.0763  	-0.0004  	0.01873  	0.48230  	
-0.7205  	-0.0957  	-0.5478  	-0.3396  	-0.0605  	-0.1636  	0.24073  	-0.1207  	0.10595  	0.39681  	-0.1986  	0.78467  	0.14387  	-0.3855  	-1.3897  	0.13261  	0.48710  	0.15425  	0.45247  	0.19440  	-0.2350  	0.49575  	0.26345  	-0.1760  	0.10271  	0.05980  	0.19571  	-0.3141  	-0.2303  	0.00052  	-0.0255  	-0.0495  	0.13364  	-0.2169  	-0.0315  	0.14014  	0.05248  	-0.0569  	-0.2066  	-0.0492  	0.16740  	0.05489  	0.01537  	0.24196  	0.04263  	-0.0152  	-0.0548  	0.11001  	0.08348  	-0.1270  	-0.0534  	-0.0277  	-0.0111  	-0.0076  	-0.0263  	-0.0017  	-0.0157  	0.01900  	0.01975  	-0.0211  	-0.0313  	0.00554  	0.04144  	0.01562  	0.07344  	0.08812  	-0.0772  	-8.3883  	0.01878  	0.48046  	
-0.7729  	-0.1055  	-0.5692  	-0.3999  	-0.0717  	-0.2396  	0.23745  	-0.1462  	0.11326  	0.42927  	-0.1682  	0.77260  	0.14571  	-0.3808  	-1.4212  	0.13096  	0.46666  	0.15100  	0.44429  	0.21456  	-0.2643  	0.52479  	0.29116  	-0.2156  	0.08902  	0.07650  	0.13473  	-0.2900  	-0.2278  	-0.0100  	-0.0055  	-0.0542  	0.13779  	-0.2119  	-0.0612  	0.14625  	0.05043  	-0.0454  	-0.2160  	-0.0590  	0.18898  	0.04453  	0.01511  	0.25747  	0.02874  	-0.0223  	-0.0478  	0.12466  	0.08503  	-0.1349  	-0.0551  	-0.0295  	-0.0130  	-0.0055  	-0.0243  	-0.0014  	-0.0094  	0.01857  	0.01792  	-0.0230  	-0.0273  	0.00998  	0.04294  	0.01660  	0.07152  	0.08366  	-0.0785  	0.00045  	0.01793  	0.48199  	
-0.7598  	-0.1032  	-0.5870  	-0.3700  	-0.0494  	-0.2636  	0.24804  	-0.1318  	0.11770  	0.44300  	-0.1749  	0.79159  	0.17109  	-0.3730  	-1.4033  	0.13938  	0.46244  	0.16509  	0.42599  	0.22163  	-0.2909  	0.52971  	0.29496  	-0.2074  	0.08555  	0.07332  	0.11472  	-0.2914  	-0.2082  	-0.0041  	-0.0159  	-0.0666  	0.15699  	-0.2149  	-0.0692  	0.15218  	0.05396  	-0.0518  	-0.2211  	-0.0503  	0.19361  	0.04701  	0.01286  	0.25545  	0.02735  	-0.0190  	-0.0438  	0.12509  	0.08472  	-0.1360  	-0.0569  	-0.0280  	-0.0113  	-0.0057  	-0.0238  	-0.0021  	-0.0099  	0.01779  	0.01694  	-0.0246  	-0.0257  	0.00879  	0.03883  	0.01361  	0.07135  	0.08059  	-0.0790  	0.00038  	0.01747  	0.48118  	
-0.7341  	-0.0943  	-0.5386  	-0.3494  	-0.0594  	-0.2221  	0.24922  	-0.1459  	0.11172  	0.42778  	-0.1961  	0.78328  	0.15330  	-0.4319  	-1.4118  	0.16251  	0.46841  	0.16858  	0.44070  	0.23389  	-0.2958  	0.50685  	0.30529  	-0.2234  	0.07580  	0.07504  	0.11383  	-0.2858  	-0.2209  	-0.0184  	-0.0091  	-0.0598  	0.14582  	-0.2117  	-0.0775  	0.13371  	0.05565  	-0.0521  	-0.2158  	-0.0608  	0.21582  	0.04001  	0.02336  	0.27222  	0.02627  	-0.0183  	-0.0461  	0.12237  	0.08428  	-0.1380  	-0.0609  	-0.0285  	-0.0124  	-0.0071  	-0.0246  	-0.0026  	-0.0110  	0.01740  	0.01655  	-0.0268  	-0.0232  	0.00756  	0.04005  	0.01537  	0.07168  	0.08001  	-0.0785  	0.00031  	0.01748  	0.47913  	
-0.7295  	-0.0957  	-0.5400  	-0.3379  	-0.0436  	-0.2178  	0.24965  	-0.1313  	0.11779  	0.42347  	-0.1931  	0.78955  	0.15701  	-0.4196  	-1.4064  	0.17873  	0.46694  	0.17039  	0.43542  	0.24387  	-0.2931  	0.50794  	0.29146  	-0.2254  	0.07171  	0.07546  	0.10533  	-0.2751  	-0.2202  	-0.0207  	-0.0111  	-0.0641  	0.14666  	-0.2088  	-0.0760  	0.13498  	0.05162  	-0.0496  	-0.2138  	-0.0662  	0.21261  	0.03955  	0.02312  	0.26810  	0.02482  	-0.0191  	-0.0442  	0.12257  	0.08258  	-0.1379  	-0.0612  	-0.0279  	-0.0124  	-0.0054  	-0.0245  	-0.0017  	-0.0107  	0.01701  	0.01629  	-0.0267  	-0.0237  	0.00766  	0.03976  	0.01617  	0.07191  	0.08044  	-0.0769  	0.00019  	0.01854  	0.46079  	
-0.7410  	-0.0948  	-0.5458  	-0.3678  	-0.0650  	-0.2305  	0.24431  	-0.1346  	0.11657  	0.42582  	-0.1664  	0.78432  	0.14779  	-0.4343  	-1.4219  	0.17718  	0.46331  	0.17458  	0.43881  	0.24723  	-0.2768  	0.50542  	0.29439  	-0.2181  	0.06017  	0.07742  	0.10603  	-0.2825  	-0.2319  	-0.0201  	-0.0138  	-0.0616  	0.14605  	-0.2053  	-0.0674  	0.13504  	0.05822  	-0.0429  	-0.2175  	-0.0663  	0.20982  	0.04042  	0.02021  	0.26801  	0.02556  	-0.0189  	-0.0459  	0.12185  	0.08130  	-0.1370  	-0.0598  	-0.0283  	-0.0117  	-0.0036  	-0.0254  	-0.0006  	-0.0108  	0.01686  	0.01747  	-0.0252  	-0.0246  	0.00687  	0.03992  	0.01622  	0.07114  	0.08191  	-0.0750  	0.00051  	0.01900  	0.45527  	
-0.7446  	-0.0927  	-0.5588  	-0.3766  	-0.0675  	-0.2295  	0.24349  	-0.1288  	0.11695  	0.41623  	-0.1577  	0.77905  	0.14754  	-0.4283  	-1.4135  	0.17648  	0.46669  	0.16582  	0.43733  	0.24623  	-0.2594  	0.50014  	0.29756  	-0.2144  	0.05757  	0.08050  	0.11077  	-0.2925  	-0.2304  	-0.0199  	-0.0117  	-0.0607  	0.14783  	-0.2050  	-0.0460  	0.13521  	0.07116  	-0.0385  	-0.2205  	-0.0630  	0.21251  	0.03813  	0.01662  	0.26632  	0.02232  	-0.0198  	-0.0457  	0.12246  	0.08050  	-0.1382  	-0.0591  	-0.0286  	-0.0124  	-0.0039  	-0.0237  	0.00158  	-0.0111  	0.01637  	0.01535  	-0.0238  	-0.0245  	0.00868  	0.04070  	0.01654  	0.06788  	0.08351  	-0.0726  	0.00106  	0.01868  	0.46693  	
-0.7424  	-0.0946  	-0.5500  	-0.3872  	-0.0731  	-0.2360  	0.24257  	-0.1409  	0.11211  	0.41968  	-0.1533  	0.76717  	0.14751  	-0.4372  	-1.4210  	0.17916  	0.46474  	0.17125  	0.43448  	0.24962  	-0.2617  	0.50167  	0.30045  	-0.2132  	0.05394  	0.08041  	0.10882  	-0.2897  	-0.2346  	-0.0212  	-0.0112  	-0.0606  	0.14846  	-0.2060  	-0.0558  	0.13684  	0.06922  	-0.0379  	-0.2263  	-0.0685  	0.21294  	0.04050  	0.01975  	0.26740  	0.02632  	-0.0208  	-0.0451  	0.11910  	0.08082  	-0.1367  	-0.0603  	-0.0281  	-0.0102  	-0.0051  	-0.0253  	-0.0008  	-0.0105  	0.01729  	0.01700  	-0.0255  	-0.0243  	0.00805  	0.04214  	0.01667  	0.06355  	0.08631  	-0.0701  	0.00159  	0.02012  	0.47653  	
-0.7476  	-0.0904  	-0.5393  	-0.4047  	-0.0905  	-0.2371  	0.23849  	-0.1425  	0.10738  	0.42314  	-0.1500  	0.74841  	0.14411  	-0.4432  	-1.4305  	0.16889  	0.46793  	0.16367  	0.43559  	0.24541  	-0.2575  	0.50785  	0.30640  	-0.2096  	0.05701  	0.08401  	0.11397  	-0.3053  	-0.2479  	-0.0233  	-0.0058  	-0.0602  	0.14634  	-0.2070  	-0.0631  	0.13640  	0.07240  	-0.0362  	-0.2257  	-0.0748  	0.21929  	0.04153  	0.02173  	0.26750  	0.02598  	-0.0207  	-0.0451  	0.11953  	0.07950  	-0.1376  	-0.0631  	-0.0270  	-0.0093  	-0.0054  	-0.0259  	-0.0026  	-0.0109  	0.01766  	0.01713  	-0.0264  	-0.0238  	0.00796  	0.04197  	0.01667  	0.06087  	0.08685  	-0.0681  	0.00194  	0.02205  	0.47978  	
-0.7523  	-0.1035  	-0.5489  	-0.4085  	-0.0943  	-0.2264  	0.23745  	-0.1489  	0.10628  	0.42048  	-0.1558  	0.74952  	0.14430  	-0.4411  	-1.4347  	0.17169  	0.46512  	0.17261  	0.43763  	0.24846  	-0.2706  	0.49961  	0.30656  	-0.2215  	0.05907  	0.08439  	0.10511  	-0.2928  	-0.2385  	-0.0266  	0.00068  	-0.0589  	0.14501  	-0.2061  	-0.0626  	0.13634  	0.06149  	-0.0347  	-0.2230  	-0.0751  	0.22200  	0.03852  	0.02859  	0.27108  	0.02413  	-0.0223  	-0.0448  	0.12315  	0.07771  	-0.1372  	-0.0632  	-0.0282  	-0.0099  	-0.0048  	-0.0251  	-0.0010  	-0.0109  	0.01710  	0.01520  	-0.0257  	-0.0230  	0.00809  	0.04158  	0.01612  	0.06038  	0.08444  	-0.0663  	0.00232  	0.02370  	0.50434  	
-0.7651  	-0.0994  	-0.5480  	-0.4298  	-0.0971  	-0.2334  	0.23909  	-0.1500  	0.10337  	0.41564  	-0.1355  	0.74460  	0.13937  	-0.4383  	-1.4396  	0.15956  	0.46375  	0.16458  	0.43821  	0.24020  	-0.2612  	0.50274  	0.30137  	-0.2081  	0.05751  	0.08493  	0.11155  	-0.3067  	-0.2482  	-0.0262  	-0.0015  	-0.0594  	0.14394  	-0.2063  	-0.0580  	0.13682  	0.06971  	-0.0345  	-0.2301  	-0.0745  	0.21907  	0.04222  	0.02204  	0.26704  	0.02440  	-0.0235  	-0.0466  	0.12077  	0.07925  	-0.1370  	-0.0632  	-0.0286  	-0.0100  	-0.0049  	-0.0258  	-0.0014  	-0.0110  	0.01684  	0.01653  	-0.0250  	-0.0224  	0.00927  	0.04222  	0.01573  	0.06196  	0.07931  	-0.0640  	0.00280  	0.02568  	0.51285  	
-0.8068  	-0.1079  	-0.5663  	-0.4604  	-0.1111  	-0.2649  	0.23456  	-0.1512  	0.10329  	0.42544  	-0.1180  	0.73164  	0.13718  	-0.4560  	-1.4459  	0.16101  	0.46853  	0.16329  	0.43805  	0.23932  	-0.2540  	0.50089  	0.30714  	-0.2128  	0.04359  	0.08733  	0.11252  	-0.3121  	-0.2509  	-0.0254  	0.00273  	-0.0573  	0.14312  	-0.2076  	-0.0556  	0.13810  	0.07457  	-0.0357  	-0.2363  	-0.0719  	0.21921  	0.04025  	0.01889  	0.26334  	0.02206  	-0.0235  	-0.0487  	0.11739  	0.08392  	-0.1367  	-0.0629  	-0.0315  	-0.0129  	-0.0044  	-0.0243  	-0.0012  	-0.0115  	0.01929  	0.01629  	-0.0257  	-0.0234  	0.01177  	0.04403  	0.01617  	0.06407  	0.07266  	-0.0605  	0.00363  	0.02762  	0.51972  	
-0.8329  	-0.1081  	-0.5832  	-0.4766  	-0.1164  	-0.2828  	0.22928  	-0.1480  	0.10299  	0.42974  	-0.1059  	0.73498  	0.13568  	-0.4549  	-1.4585  	0.15981  	0.46845  	0.15529  	0.43967  	0.23458  	-0.2415  	0.49781  	0.31134  	-0.2126  	0.02981  	0.09102  	0.12045  	-0.3242  	-0.2529  	-0.0258  	0.00380  	-0.0550  	0.14657  	-0.2076  	-0.0467  	0.13762  	0.08038  	-0.0356  	-0.2360  	-0.0680  	0.21859  	0.04051  	0.01435  	0.26005  	0.02086  	-0.0236  	-0.0494  	0.11682  	0.08562  	-0.1374  	-0.0622  	-0.0327  	-0.0139  	-0.0029  	-0.0221  	0.00036  	-0.0125  	0.01832  	0.01656  	-0.0235  	-0.0235  	0.01410  	0.04352  	0.01591  	0.06681  	0.06520  	-0.0578  	0.00404  	0.02910  	0.53468  	
-0.8101  	-0.0935  	-0.5717  	-0.4668  	-0.1034  	-0.2818  	0.23683  	-0.1409  	0.10606  	0.42536  	-0.1087  	0.73052  	0.14091  	-0.4453  	-1.4463  	0.15906  	0.46930  	0.14459  	0.43651  	0.22938  	-0.2315  	0.50207  	0.30754  	-0.2038  	0.03572  	0.08755  	0.12797  	-0.3329  	-0.2500  	-0.0222  	-0.0044  	-0.0565  	0.14518  	-0.2069  	-0.0411  	0.13838  	0.09310  	-0.0362  	-0.2378  	-0.0670  	0.21680  	0.04170  	0.00931  	0.25876  	0.02026  	-0.0239  	-0.0490  	0.11807  	0.08541  	-0.1385  	-0.0607  	-0.0309  	-0.0133  	-0.0032  	-0.0222  	5.37410  	-0.0115  	0.01766  	0.01711  	-0.0240  	-0.0232  	0.01448  	0.04321  	0.01664  	0.06957  	0.05980  	-0.0541  	0.00422  	0.02987  	0.52500  	
-0.7983  	-0.0860  	-0.5553  	-0.4687  	-0.1131  	-0.2818  	0.23356  	-0.1480  	0.10023  	0.42939  	-0.1089  	0.71913  	0.13949  	-0.4539  	-1.4562  	0.14386  	0.46749  	0.13991  	0.43662  	0.22787  	-0.2364  	0.51388  	0.31237  	-0.1971  	0.04829  	0.09027  	0.13017  	-0.3422  	-0.2622  	-0.0228  	-0.0006  	-0.0560  	0.14413  	-0.2074  	-0.0454  	0.14210  	0.09535  	-0.0349  	-0.2345  	-0.0759  	0.22297  	0.04535  	0.01028  	0.26000  	0.02055  	-0.0234  	-0.0482  	0.12059  	0.08199  	-0.1392  	-0.0637  	-0.0289  	-0.0107  	-0.0042  	-0.0239  	-0.0017  	-0.0114  	0.01785  	0.01887  	-0.0241  	-0.0226  	0.01296  	0.04261  	0.01697  	0.07145  	0.05769  	-0.0496  	0.00378  	0.02954  	0.52217  	
-0.8140  	-0.1004  	-0.5648  	-0.4695  	-0.1132  	-0.2781  	0.23506  	-0.1489  	0.10334  	0.43149  	-0.1162  	0.72622  	0.13912  	-0.4536  	-1.4600  	0.16075  	0.46792  	0.15265  	0.43528  	0.23485  	-0.2465  	0.50441  	0.30872  	-0.2132  	0.03598  	0.09031  	0.11810  	-0.3277  	-0.2561  	-0.0241  	0.00036  	-0.0570  	0.14287  	-0.2069  	-0.0523  	0.14267  	0.08327  	-0.0367  	-0.2358  	-0.0720  	0.21982  	0.04327  	0.01574  	0.25981  	0.01998  	-0.0237  	-0.0485  	0.11771  	0.08571  	-0.1394  	-0.0619  	-0.0316  	-0.0138  	-0.0035  	-0.0232  	0.00023  	-0.0104  	0.01945  	0.01729  	-0.0247  	-0.0237  	0.01363  	0.04297  	0.01684  	0.07075  	0.06012  	-0.0446  	0.00349  	0.02879  	0.51125  	
-0.7927  	-0.0880  	-0.5501  	-0.4797  	-0.1177  	-0.2836  	0.23585  	-0.1512  	0.10210  	0.42607  	-0.1036  	0.71557  	0.14187  	-0.4605  	-1.4591  	0.15416  	0.46290  	0.14569  	0.43212  	0.22920  	-0.2378  	0.51056  	0.31056  	-0.2016  	0.04628  	0.08543  	0.12448  	-0.3373  	-0.2623  	-0.0211  	-0.0072  	-0.0578  	0.14459  	-0.2083  	-0.0551  	0.14343  	0.09612  	-0.0356  	-0.2381  	-0.0760  	0.22083  	0.04505  	0.01020  	0.25841  	0.02412  	-0.0239  	-0.0493  	0.11354  	0.08761  	-0.1389  	-0.0632  	-0.0310  	-0.0111  	-0.0040  	-0.0244  	-0.0019  	-0.0102  	0.01848  	0.02011  	-0.0260  	-0.0247  	0.01335  	0.04348  	0.01792  	0.06626  	0.06650  	-0.0403  	0.00305  	0.02768  	0.50394  	
-0.7728  	-0.0858  	-0.5355  	-0.4766  	-0.1127  	-0.2923  	0.25152  	-0.1384  	0.11291  	0.43010  	-0.1152  	0.70284  	0.15198  	-0.4309  	-1.4455  	0.13628  	0.46834  	0.13595  	0.42481  	0.21067  	-0.2478  	0.52943  	0.31658  	-0.1829  	0.07958  	0.07519  	0.13735  	-0.3580  	-0.2511  	-0.0158  	-0.0143  	-0.0628  	0.14645  	-0.2113  	-0.0665  	0.14230  	0.10366  	-0.0396  	-0.2367  	-0.0706  	0.22114  	0.04517  	0.00955  	0.25702  	0.02600  	-0.0242  	-0.0471  	0.11670  	0.09075  	-0.1391  	-0.0641  	-0.0308  	-0.0106  	-0.0040  	-0.0242  	-0.0044  	-0.0094  	0.01925  	0.01947  	-0.0278  	-0.0265  	0.01402  	0.04297  	0.01841  	0.05734  	0.07681  	-0.0373  	0.00322  	0.02577  	0.50346  	
-0.7112  	-0.0716  	-0.4617  	-0.4363  	-0.1299  	-0.2317  	0.26072  	-0.0943  	0.13766  	0.41977  	-0.2056  	0.69000  	0.17181  	-0.3506  	-1.3924  	0.11564  	0.48054  	0.10659  	0.42734  	0.17506  	-0.2644  	0.55971  	0.33783  	-0.1473  	0.10738  	0.07602  	0.21462  	-0.3822  	-0.2476  	0.00327  	-0.0119  	-0.0679  	0.14397  	-0.2179  	-0.0749  	0.13490  	0.09387  	-0.0469  	-0.2398  	-0.0670  	0.22779  	0.05403  	0.02516  	0.26048  	0.03258  	-0.0284  	-0.0429  	0.12432  	0.08933  	-0.1396  	-0.0644  	-0.0289  	-0.0143  	-0.0020  	-0.0271  	-0.0074  	-0.0086  	0.01753  	0.01966  	-0.0254  	-0.0270  	0.01156  	0.04400  	0.01887  	0.04566  	0.09042  	-0.0351  	0.00297  	0.02339  	0.51707  	
-0.4241  	0.01037  	-0.3848  	-0.1639  	0.01292  	0.01027  	0.24367  	0.01047  	0.18491  	0.31638  	-0.3927  	0.87381  	0.24449  	-0.1998  	-1.1304  	0.18614  	0.49781  	0.12353  	0.44813  	0.19449  	-0.2145  	0.54447  	0.29366  	-0.1707  	0.06601  	0.06696  	0.17201  	-0.3688  	-0.2335  	0.01247  	-0.0055  	-0.0715  	0.17852  	-0.2232  	-0.0388  	0.08567  	0.06359  	-0.0619  	-0.2059  	-0.0411  	0.20630  	0.02630  	0.03469  	0.27619  	0.01811  	-0.0146  	-0.0411  	0.12950  	0.08331  	-0.1395  	-0.0550  	-0.0303  	-0.0202  	-0.0118  	-0.0366  	0.00554  	-0.0164  	0.00704  	0.01462  	-0.0289  	-0.0214  	0.00892  	0.03595  	0.01276  	0.03314  	0.10507  	-0.0351  	0.00242  	0.02254  	0.54339  	
0.01171  	0.13865  	-0.1213  	0.07894  	0.08431  	0.24595  	0.23216  	0.08486  	0.21329  	0.27013  	-0.5692  	0.87099  	0.32775  	0.06335  	-0.7680  	0.24677  	0.52766  	0.07165  	0.43338  	0.07057  	-0.1112  	0.58868  	0.36203  	-0.1220  	0.04553  	0.04481  	0.28098  	-0.5184  	-0.3804  	0.03412  	0.00583  	-0.0064  	0.18348  	-0.2235  	0.07230  	0.00220  	0.20728  	-0.0172  	-0.2692  	-0.0463  	0.17648  	0.03016  	0.06193  	0.27891  	0.01207  	-0.0202  	-0.0456  	0.13641  	0.10792  	-0.1498  	-0.0705  	-0.0316  	-0.0176  	-0.0119  	-0.0300  	0.01743  	-0.0279  	-0.0025  	0.01345  	-0.0225  	-0.0188  	0.02788  	0.03836  	0.01110  	0.02025  	0.11742  	-0.0365  	0.00163  	0.02216  	0.56578  	
0.09951  	0.12904  	-0.0838  	0.23709  	0.09808  	0.33254  	0.22263  	0.13631  	0.22254  	0.22192  	-0.5050  	0.83792  	0.31526  	0.06714  	-0.8428  	0.33684  	0.49484  	0.02604  	0.45738  	0.05732  	-0.0082  	0.59184  	0.32620  	-0.1186  	0.12024  	0.02320  	0.36248  	-0.6195  	-0.4194  	0.05568  	-0.0384  	0.01245  	0.18554  	-0.2261  	0.14897  	0.01766  	0.24629  	0.00984  	-0.2672  	-0.0960  	0.13121  	0.05050  	0.06066  	0.26956  	0.01346  	-0.0193  	-0.0537  	0.14763  	0.11463  	-0.1437  	-0.0652  	-0.0272  	-0.0113  	-0.0066  	-0.0226  	0.01949  	-0.0272  	0.00916  	0.00408  	-0.0237  	-0.0275  	0.01991  	0.04243  	0.01354  	0.00819  	0.12577  	-0.0382  	0.00099  	0.02210  	0.60529  	
-0.0181  	0.12643  	-0.1417  	0.09440  	0.07194  	0.17134  	0.21564  	0.13653  	0.22580  	0.24643  	-0.3865  	0.92010  	0.36701  	-0.1240  	-1.0192  	0.30757  	0.56457  	-0.0385  	0.54960  	-0.1014  	-0.0630  	0.24506  	-0.0352  	-0.1863  	0.03318  	0.13589  	0.22193  	-0.5201  	-0.2003  	0.00987  	0.07235  	-0.0567  	0.11543  	-0.3830  	-0.0017  	0.04506  	0.03915  	-0.0063  	-0.3472  	-0.1461  	0.28775  	0.17812  	-0.0542  	0.33891  	-0.0408  	0.00180  	-0.0685  	0.16085  	0.09408  	-0.1495  	-0.0507  	-0.0276  	-0.0052  	0.01534  	-0.0153  	0.00466  	-0.0289  	-2.5771  	0.02038  	-0.0172  	-0.0196  	0.00885  	0.02644  	0.01603  	-0.0034  	0.13057  	-0.0397  	0.00042  	0.02284  	0.62572  	
-0.3526  	0.03176  	-0.2916  	-0.1393  	0.00281  	-0.0287  	0.16393  	0.05378  	0.10792  	0.31282  	-0.2873  	0.86359  	0.26892  	-0.3250  	-1.1903  	0.17528  	0.61656  	-0.1683  	0.60953  	-0.3269  	-0.0885  	0.08475  	-0.1971  	-0.1628  	0.02343  	0.22570  	0.24380  	-0.5934  	-0.1318  	-0.0213  	0.19050  	-0.1087  	-0.0168  	-0.5197  	-0.0977  	0.08587  	-0.0241  	-0.0049  	-0.4456  	-0.1837  	0.34098  	0.28880  	-0.1595  	0.41253  	-0.0823  	0.01833  	-0.0903  	0.15945  	0.05537  	-0.1665  	-0.0450  	-0.0167  	-0.0097  	0.02588  	-0.0123  	-0.0012  	-0.0226  	-0.0068  	0.01481  	-0.0191  	-0.0157  	0.00412  	0.01684  	0.01798  	-0.0127  	0.13291  	-0.0393  	0.00052  	0.02367  	0.63906  	
-0.6207  	-0.0320  	-0.3680  	-0.3548  	-0.1533  	-0.1208  	0.14953  	-0.0465  	0.07338  	0.34227  	-0.2064  	0.72564  	0.18360  	-0.5989  	-1.2791  	0.07657  	0.67426  	-0.2086  	0.62756  	-0.3883  	-0.1152  	0.03867  	-0.1836  	-0.2332  	0.00361  	0.27518  	0.18896  	-0.5631  	-0.0833  	-0.0199  	0.23696  	-0.1352  	-0.0770  	-0.5410  	-0.2210  	0.12303  	-0.0455  	-0.0256  	-0.4712  	-0.2643  	0.39988  	0.30928  	-0.1888  	0.43487  	-0.0889  	0.02178  	-0.1043  	0.14414  	0.04878  	-0.1636  	-0.0503  	-0.0118  	-0.0089  	0.02869  	-0.0145  	-0.0060  	-0.0179  	-0.0051  	0.02109  	-0.0128  	-0.0151  	-0.0008  	0.01741  	0.02402  	-0.0206  	0.13604  	-0.0379  	0.00030  	0.02488  	0.63053  	
-0.6483  	-0.0317  	-0.3841  	-0.3420  	-0.1363  	-0.1562  	0.14269  	-0.0520  	0.06983  	0.33725  	-0.2124  	0.74641  	0.17881  	-0.6161  	-1.2823  	0.09023  	0.65903  	-0.1681  	0.60571  	-0.3408  	-0.1293  	0.07968  	-0.0766  	-0.2441  	-0.0241  	0.25536  	0.16677  	-0.5454  	-0.0853  	-0.0155  	0.20480  	-0.1215  	-0.0597  	-0.5153  	-0.2225  	0.11699  	-0.0306  	-0.0154  	-0.4470  	-0.2264  	0.39100  	0.27508  	-0.1654  	0.43026  	-0.0822  	0.01383  	-0.0892  	0.13566  	0.05411  	-0.1637  	-0.0537  	-0.0132  	-0.0078  	0.02730  	-0.0176  	-0.0036  	-0.0212  	-0.0046  	0.01996  	-0.0139  	-0.0167  	0.00363  	0.01787  	0.01914  	-0.0249  	0.14108  	-0.0334  	0.00033  	0.02628  	0.60156  	
-0.6478  	-0.0461  	-0.4237  	-0.3358  	-0.1051  	-0.1461  	0.18530  	-0.0749  	0.09162  	0.33613  	-0.2437  	0.74529  	0.16514  	-0.5701  	-1.3182  	0.13191  	0.58069  	-0.0447  	0.55118  	-0.1302  	-0.2281  	0.29960  	0.12666  	-0.2268  	0.04828  	0.17363  	0.17889  	-0.4399  	-0.1243  	0.00932  	0.10607  	-0.0895  	0.02314  	-0.3877  	-0.1865  	0.12521  	0.01808  	-0.0245  	-0.3479  	-0.1480  	0.33474  	0.16585  	-0.0702  	0.37638  	-0.0357  	-0.0027  	-0.0698  	0.13324  	0.07117  	-0.1564  	-0.0601  	-0.0193  	-0.0095  	0.01349  	-0.0224  	-0.0034  	-0.0179  	0.00232  	0.02004  	-0.0210  	-0.0190  	0.00321  	0.02641  	0.01855  	-0.0264  	0.14615  	-0.0291  	0.00019  	0.02632  	0.58491  	
-0.5690  	-0.0444  	-0.4680  	-0.1979  	-0.0547  	-0.0641  	0.20836  	-0.1093  	0.11505  	0.31989  	-0.3454  	0.80446  	0.15685  	-0.4527  	-1.2958  	0.17795  	0.51359  	0.11283  	0.48612  	0.12412  	-0.3326  	0.55268  	0.36001  	-0.2359  	0.14606  	0.06952  	0.19971  	-0.3061  	-0.1760  	0.04994  	-0.0085  	-0.0498  	0.13317  	-0.2131  	-0.1137  	0.15381  	0.05998  	-0.0397  	-0.2204  	-0.0649  	0.24015  	0.04270  	0.04108  	0.28784  	0.02756  	-0.0248  	-0.0487  	0.11960  	0.09705  	-0.1454  	-0.0608  	-0.0250  	-0.0153  	-0.0050  	-0.0259  	-0.0045  	-0.0080  	0.01143  	0.02302  	-0.0305  	-0.0244  	0.00867  	0.04752  	0.02264  	-0.0259  	0.15086  	-0.0247  	0.00020  	0.02625  	0.57642  	
-0.4659  	-0.0158  	-0.4454  	-0.1063  	0.01458  	0.01714  	0.19658  	-0.0975  	0.11575  	0.28934  	-0.4071  	0.88994  	0.20587  	-0.3861  	-1.2061  	0.17653  	0.52710  	0.10789  	0.46637  	0.16237  	-0.3239  	0.55454  	0.32660  	-0.2563  	0.14505  	0.06821  	0.16868  	-0.2525  	-0.1372  	0.06879  	-0.0088  	-0.0667  	0.15228  	-0.1905  	-0.0971  	0.15309  	0.01662  	-0.0484  	-0.2045  	-0.0688  	0.23328  	0.03469  	0.04146  	0.28664  	0.02448  	-0.0230  	-0.0482  	0.12747  	0.09290  	-0.1440  	-0.0608  	-0.0303  	-0.0096  	-0.0107  	-0.0255  	-0.0069  	-0.0090  	0.01667  	0.01552  	-0.0310  	-0.0235  	-0.0004  	0.05191  	0.02321  	-0.0257  	0.15741  	-0.0220  	-0.0003  	0.02572  	0.56439  	
-0.4074  	0.00670  	-0.3850  	-0.0187  	0.06154  	0.05312  	0.18190  	-0.0965  	0.12790  	0.27165  	-0.4322  	0.92425  	0.19642  	-0.3268  	-1.1591  	0.19805  	0.52062  	0.10466  	0.46230  	0.16168  	-0.3018  	0.54963  	0.29858  	-0.2398  	0.13922  	0.05361  	0.15174  	-0.2526  	-0.1628  	0.06702  	-0.0256  	-0.0592  	0.14760  	-0.1838  	-0.0500  	0.14891  	0.03464  	-0.0353  	-0.2017  	-0.0712  	0.22961  	0.02870  	0.04517  	0.28459  	0.01910  	-0.0264  	-0.0484  	0.12692  	0.09042  	-0.1387  	-0.0589  	-0.0312  	-0.0085  	-0.0106  	-0.0256  	-0.0003  	-0.0113  	0.01808  	0.01700  	-0.0320  	-0.0256  	-0.0014  	0.05334  	0.01886  	-0.0253  	0.16479  	-0.0197  	-0.0003  	0.02556  	0.52266  	
-0.4268  	-0.0024  	-0.4193  	-0.0011  	0.08510  	0.03780  	0.18451  	-0.1047  	0.11607  	0.28397  	-0.4521  	0.92719  	0.19632  	-0.3473  	-1.1278  	0.20835  	0.51695  	0.12089  	0.45936  	0.15999  	-0.3156  	0.54579  	0.27801  	-0.2425  	0.15680  	0.05313  	0.17067  	-0.2252  	-0.1461  	0.07108  	-0.0286  	-0.0466  	0.14371  	-0.1947  	-0.0550  	0.14546  	0.01871  	-0.0385  	-0.1935  	-0.0581  	0.21938  	0.04505  	0.03203  	0.27752  	0.01903  	-0.0226  	-0.0543  	0.12368  	0.08656  	-0.1400  	-0.0530  	-0.0276  	-0.0078  	-0.0137  	-0.0251  	-0.0004  	-0.0089  	0.01758  	0.02050  	-0.0321  	-0.0262  	0.00462  	0.05232  	0.01967  	-0.0253  	0.17302  	-0.0194  	-0.0008  	0.02536  	0.50736  	
-0.3936  	-0.0006  	-0.4128  	0.05382  	0.11711  	0.05516  	0.19439  	-0.0926  	0.11656  	0.27620  	-0.4885  	0.92352  	0.20615  	-0.3232  	-1.0874  	0.22119  	0.50852  	0.11370  	0.44966  	0.17109  	-0.3181  	0.55358  	0.25362  	-0.2400  	0.16794  	0.05417  	0.17421  	-0.2151  	-0.1387  	0.07844  	-0.0384  	-0.0494  	0.13823  	-0.1895  	-0.0332  	0.14536  	0.00578  	-0.0437  	-0.1881  	-0.0463  	0.20158  	0.04846  	0.02874  	0.27678  	0.02038  	-0.0231  	-0.0549  	0.12387  	0.08550  	-0.1398  	-0.0493  	-0.0286  	-0.0093  	-0.0149  	-0.0226  	0.00255  	-0.0054  	0.01768  	0.01901  	-0.0319  	-0.0274  	0.00477  	0.04933  	0.01885  	-0.0272  	0.17947  	-0.0206  	-0.0010  	0.02558  	0.49779  	
-0.4502  	-0.0166  	-0.4330  	-0.0206  	0.09415  	-0.0259  	0.20264  	-0.1225  	0.12573  	0.34313  	-0.4563  	0.93947  	0.21322  	-0.3425  	-1.1516  	0.22274  	0.49850  	0.15152  	0.42909  	0.19664  	-0.3597  	0.52764  	0.24690  	-0.2788  	0.11341  	0.08103  	0.08058  	-0.1974  	-0.1150  	0.05510  	-0.0185  	-0.0676  	0.15874  	-0.1829  	-0.0662  	0.15063  	-0.0269  	-0.0532  	-0.1822  	-0.0502  	0.23787  	0.03336  	0.04270  	0.27478  	0.02040  	-0.0230  	-0.0485  	0.12447  	0.08737  	-0.1353  	-0.0492  	-0.0257  	-0.0111  	-0.0144  	-0.0221  	-0.0049  	-0.0073  	0.01972  	0.01407  	-0.0357  	-0.0253  	0.00415  	0.05170  	0.02342  	-0.0326  	0.18522  	-0.0240  	-0.0016  	0.02611  	0.49599  	
-0.5670  	-0.0382  	-0.4201  	-0.2252  	-0.0245  	-0.1047  	0.21817  	-0.1340  	0.12370  	0.39644  	-0.3839  	0.84680  	0.19071  	-0.3772  	-1.2616  	0.21189  	0.49298  	0.17238  	0.43748  	0.17630  	-0.3736  	0.49637  	0.28674  	-0.2894  	0.10350  	0.05950  	0.09919  	-0.2307  	-0.1428  	0.03024  	-0.0005  	-0.0623  	0.13590  	-0.1915  	-0.0929  	0.16564  	0.00194  	-0.0397  	-0.1912  	-0.0515  	0.25993  	0.02927  	0.05278  	0.27839  	0.01273  	-0.0259  	-0.0447  	0.12806  	0.09274  	-0.1413  	-0.0567  	-0.0247  	-0.0130  	-0.0085  	-0.0184  	-0.0060  	-0.0113  	0.02029  	0.01496  	-0.0342  	-0.0245  	0.01346  	0.05650  	0.02420  	-0.0401  	0.18874  	-0.0279  	-0.0017  	0.02693  	0.49014  	
-0.6698  	-0.0655  	-0.4689  	-0.3530  	-0.1076  	-0.1612  	0.22650  	-0.1277  	0.10836  	0.41233  	-0.2458  	0.76189  	0.14058  	-0.4280  	-1.3787  	0.16457  	0.46989  	0.15239  	0.45922  	0.20748  	-0.3155  	0.51691  	0.31000  	-0.2559  	0.12119  	0.06507  	0.14056  	-0.2842  	-0.1843  	0.01086  	0.00590  	-0.0455  	0.12802  	-0.2112  	-0.1020  	0.15258  	0.06525  	-0.0312  	-0.2067  	-0.0693  	0.24237  	0.02933  	0.04146  	0.28079  	0.02540  	-0.0198  	-0.0492  	0.11468  	0.08729  	-0.1409  	-0.0630  	-0.0260  	-0.0104  	-0.0106  	-0.0272  	-0.0045  	-0.0153  	0.01551  	0.01556  	-0.0311  	-0.0230  	0.01116  	0.04701  	0.01974  	-0.0495  	0.19147  	-0.0328  	-0.0016  	0.02844  	0.48800  	
-0.6996  	-0.0553  	-0.4951  	-0.3845  	-0.1114  	-0.2022  	0.22140  	-0.1144  	0.09813  	0.41629  	-0.1955  	0.74992  	0.13736  	-0.4401  	-1.4004  	0.15294  	0.45842  	0.14187  	0.45847  	0.19799  	-0.2766  	0.54348  	0.32442  	-0.2257  	0.09705  	0.06685  	0.16110  	-0.3185  	-0.2364  	-0.0002  	-0.0121  	-0.0537  	0.12552  	-0.2210  	-0.0872  	0.15922  	0.08687  	-0.0340  	-0.2267  	-0.0675  	0.22554  	0.04274  	0.02624  	0.26547  	0.02933  	-0.0222  	-0.0453  	0.10756  	0.08011  	-0.1368  	-0.0652  	-0.0261  	-0.0110  	-0.0079  	-0.0282  	-0.0072  	-0.0108  	0.01861  	0.01943  	-0.0257  	-0.0277  	0.01071  	0.04058  	0.01810  	-0.0592  	0.19238  	-0.0372  	-0.0012  	0.03022  	0.49350  	
-0.6814  	-0.0623  	-0.5015  	-0.3083  	-0.0648  	-0.1646  	0.22318  	-0.1216  	0.10393  	0.39162  	-0.2150  	0.77764  	0.15110  	-0.4238  	-1.3762  	0.16879  	0.45869  	0.15128  	0.44751  	0.21587  	-0.2839  	0.52278  	0.31084  	-0.2200  	0.08651  	0.06465  	0.14876  	-0.2786  	-0.2182  	0.00208  	-0.0198  	-0.0534  	0.13143  	-0.2205  	-0.0714  	0.15331  	0.07066  	-0.0457  	-0.2180  	-0.0642  	0.21268  	0.04379  	0.01826  	0.26698  	0.02926  	-0.0242  	-0.0458  	0.10977  	0.08192  	-0.1386  	-0.0585  	-0.0277  	-0.0124  	-0.0113  	-0.0254  	-0.0054  	-0.0104  	0.01805  	0.02077  	-0.0257  	-0.0263  	0.01058  	0.03911  	0.02100  	-0.0700  	0.19330  	-0.0408  	-0.0007  	0.03209  	0.47847  	
-0.7044  	-0.0724  	-0.5012  	-0.3200  	-0.0632  	-0.1905  	0.21816  	-0.1208  	0.10270  	0.41051  	-0.2249  	0.78091  	0.16841  	-0.4129  	-1.3836  	0.17739  	0.47067  	0.15541  	0.44973  	0.22849  	-0.3042  	0.51570  	0.30243  	-0.2306  	0.08885  	0.06765  	0.13869  	-0.2756  	-0.2025  	-0.0068  	-0.0064  	-0.0579  	0.13603  	-0.2175  	-0.0685  	0.15156  	0.05602  	-0.0515  	-0.2103  	-0.0683  	0.22301  	0.03585  	0.02098  	0.26819  	0.02348  	-0.0210  	-0.0461  	0.12116  	0.08208  	-0.1425  	-0.0605  	-0.0271  	-0.0134  	-0.0123  	-0.0231  	-0.0045  	-0.0128  	0.01706  	0.01950  	-0.0256  	-0.0230  	0.01370  	0.03837  	0.02053  	-0.0789  	0.19181  	-0.0430  	0.00040  	0.03318  	0.48542  	
-0.7119  	-0.0863  	-0.5218  	-0.3334  	-0.0714  	-0.2102  	0.21725  	-0.1342  	0.10207  	0.41922  	-0.2118  	0.78509  	0.16271  	-0.4409  	-1.4061  	0.18006  	0.47116  	0.16244  	0.45394  	0.23538  	-0.3091  	0.50703  	0.30737  	-0.2378  	0.07078  	0.07337  	0.12028  	-0.2758  	-0.2065  	-0.0174  	0.00554  	-0.0561  	0.13848  	-0.2133  	-0.0739  	0.14657  	0.05363  	-0.0470  	-0.2101  	-0.0718  	0.23214  	0.03103  	0.02615  	0.27144  	0.01985  	-0.0197  	-0.0461  	0.12665  	0.08084  	-0.1432  	-0.0606  	-0.0257  	-0.0130  	-0.0108  	-0.0235  	-0.0044  	-0.0150  	0.01706  	0.01793  	-0.0267  	-0.0214  	0.01227  	0.03967  	0.01927  	-0.1010  	0.18977  	-0.0445  	0.00037  	0.03410  	0.50777  	
-0.7471  	-0.0926  	-0.5131  	-0.3909  	-0.0934  	-0.2236  	0.21609  	-0.1390  	0.10277  	0.43662  	-0.1806  	0.77118  	0.15103  	-0.4285  	-1.4458  	0.16827  	0.46023  	0.16355  	0.45135  	0.22859  	-0.2927  	0.50797  	0.30711  	-0.2252  	0.06388  	0.07808  	0.11639  	-0.2986  	-0.2352  	-0.0263  	0.01008  	-0.0619  	0.13797  	-0.2146  	-0.0792  	0.14484  	0.06446  	-0.0461  	-0.2208  	-0.0788  	0.22703  	0.03861  	0.02502  	0.27289  	0.02601  	-0.0202  	-0.0467  	0.12264  	0.07891  	-0.1392  	-0.0631  	-0.0267  	-0.0108  	-0.0089  	-0.0260  	-0.0051  	-0.0129  	0.01814  	0.01703  	-0.0288  	-0.0222  	0.01018  	0.03958  	0.01702  	-0.1090  	0.18071  	-0.0468  	0.00050  	0.03504  	0.52381  	
-0.7403  	-0.0627  	-0.4409  	-0.4028  	-0.0804  	-0.2663  	0.22018  	-0.0658  	0.09364  	0.38997  	-0.1557  	0.73976  	0.20557  	-0.4535  	-1.3864  	0.09770  	0.54157  	-0.0223  	0.50614  	-0.0673  	-0.2130  	0.29817  	0.04719  	-0.1811  	0.00829  	0.18196  	0.14725  	-0.4154  	-0.1629  	-0.0278  	0.11272  	-0.1148  	0.04844  	-0.3823  	-0.1441  	0.12423  	-0.0191  	-0.0479  	-0.3542  	-0.1639  	0.30289  	0.18768  	-0.0912  	0.33887  	-0.0250  	-0.0069  	-0.0700  	0.13532  	0.06686  	-0.1479  	-0.0595  	-0.0222  	-0.0067  	0.01118  	-0.0215  	-0.0088  	-0.0113  	0.00564  	0.02178  	-0.0188  	-0.0211  	0.01048  	0.02449  	0.01868  	-0.1042  	0.16904  	-0.0499  	0.00044  	0.03557  	0.51747  	
-0.6509  	-0.0512  	-0.3835  	-0.3167  	-0.0251  	-0.2064  	0.20352  	0.04063  	0.11463  	0.32849  	-0.1754  	0.80336  	0.27401  	-0.4305  	-1.2320  	0.07300  	0.62743  	-0.1737  	0.56741  	-0.2934  	-0.1438  	0.10303  	-0.1574  	-0.1223  	-0.0614  	0.27685  	0.18849  	-0.5073  	-0.0985  	-0.0371  	0.20103  	-0.1520  	-0.0071  	-0.5227  	-0.1654  	0.06758  	-0.0901  	-0.0530  	-0.4461  	-0.2109  	0.35042  	0.30396  	-0.1841  	0.39725  	-0.0764  	0.00663  	-0.0876  	0.15341  	0.05578  	-0.1573  	-0.0482  	-0.0176  	-0.0129  	0.02568  	-0.0164  	-0.0078  	-0.0203  	-0.0084  	0.02044  	-0.0089  	-0.0190  	0.00894  	0.00565  	0.01878  	-0.0876  	0.15630  	-0.0528  	0.00087  	0.03600  	0.50106  	
-0.2767  	0.03312  	-0.2671  	0.10781  	0.18732  	-0.0047  	0.14549  	0.16885  	0.15762  	0.21276  	-0.4211  	1.01478  	0.36518  	-0.2178  	-0.8246  	0.18766  	0.63522  	-0.2052  	0.56484  	-0.3204  	-0.0303  	0.02274  	-0.2805  	-0.1650  	-0.1165  	0.27163  	0.19214  	-0.5090  	-0.1191  	0.00282  	0.24326  	-0.1468  	0.01181  	-0.5437  	-0.0736  	-0.0238  	-0.0835  	-0.0670  	-0.4621  	-0.1957  	0.29975  	0.32555  	-0.2187  	0.42208  	-0.0845  	0.01590  	-0.0961  	0.15795  	0.06034  	-0.1720  	-0.0316  	-0.0235  	-0.0225  	0.02103  	-0.0269  	0.01217  	-0.0250  	-0.0123  	0.01345  	-0.0095  	-0.0148  	0.01540  	0.00813  	0.01652  	-0.0627  	0.14290  	-0.0559  	0.00132  	0.03591  	0.49299  	
0.07047  	0.17133  	-0.0835  	0.26913  	0.19512  	0.23970  	0.18793  	0.21246  	0.16474  	0.21517  	-0.6754  	0.93797  	0.44037  	0.05866  	-0.5123  	0.11142  	0.66734  	-0.2550  	0.57389  	-0.4389  	0.02531  	0.21599  	-0.1084  	-0.0821  	-0.0233  	0.22237  	0.37138  	-0.7065  	-0.1874  	0.03712  	0.19588  	-0.0851  	0.00548  	-0.5097  	0.00690  	-0.0324  	0.00528  	-0.0177  	-0.4527  	-0.1781  	0.25591  	0.27695  	-0.1674  	0.42865  	-0.0872  	0.01632  	-0.0971  	0.19143  	0.08056  	-0.1756  	-0.0470  	-0.0205  	-0.0153  	0.01051  	-0.0199  	0.01677  	-0.0303  	-0.0138  	0.01410  	-0.0101  	-0.0144  	0.01114  	0.00146  	0.01290  	-0.0333  	0.12981  	-0.0585  	0.00202  	0.03556  	0.47886  	
0.20795  	0.15281  	-0.0571  	0.40807  	0.19076  	0.38447  	0.22339  	0.18391  	0.21899  	0.21677  	-0.6868  	0.79430  	0.46244  	0.11039  	-0.6735  	0.20697  	0.62327  	-0.1836  	0.53093  	-0.2834  	-0.0963  	0.43673  	0.06863  	-0.1099  	0.15296  	0.12037  	0.39484  	-0.6738  	-0.2291  	0.09043  	0.07867  	-0.0662  	0.04629  	-0.3896  	0.01028  	0.00448  	0.08198  	-0.0348  	-0.3263  	-0.1251  	0.21787  	0.18401  	-0.0566  	0.36914  	-0.0542  	0.00089  	-0.0913  	0.19166  	0.10806  	-0.1534  	-0.0534  	-0.0218  	-0.0108  	0.01248  	-0.0153  	0.02313  	-0.0319  	-0.0016  	0.01325  	-0.0120  	-0.0235  	0.01824  	0.02443  	0.00791  	-0.0019  	0.11917  	-0.0613  	0.00226  	0.03505  	0.46405  	
0.08801  	0.13662  	-0.1877  	0.29994  	0.18935  	0.26066  	0.29151  	0.06895  	0.19735  	0.30540  	-0.6866  	0.73197  	0.43673  	0.21838  	-0.7377  	0.16590  	0.50182  	0.00694  	0.44472  	0.01214  	-0.1844  	0.64254  	0.24967  	-0.1052  	0.26338  	-0.0070  	0.47170  	-0.6196  	-0.2836  	0.12086  	-0.0232  	-0.0253  	0.14780  	-0.2314  	0.12854  	0.07206  	0.15263  	-0.0447  	-0.2339  	-0.0171  	0.11448  	0.05852  	0.03064  	0.28335  	0.01168  	-0.0167  	-0.0591  	0.15316  	0.11586  	-0.1337  	-0.0554  	-0.0303  	-0.0144  	-0.0096  	-0.0267  	0.01885  	-0.0285  	0.00915  	0.01658  	-0.0146  	-0.0259  	0.02200  	0.03888  	0.00954  	0.02950  	0.11092  	-0.0630  	0.00264  	0.03457  	0.44130  	
-0.2734  	0.00700  	-0.3461  	0.05940  	0.11618  	-0.0278  	0.27162  	0.06536  	0.15810  	0.27180  	-0.4436  	0.77542  	0.27559  	-0.0261  	-0.9468  	0.20656  	0.47763  	0.08000  	0.45768  	0.10519  	-0.0560  	0.55312  	0.24902  	-0.0572  	0.18622  	0.01971  	0.37872  	-0.5277  	-0.3567  	0.03507  	-0.0211  	-0.0297  	0.14249  	-0.2207  	0.16572  	0.04807  	0.20316  	-0.0165  	-0.2907  	-0.0486  	0.11706  	0.07390  	0.01543  	0.26785  	0.02355  	-0.0159  	-0.0515  	0.11855  	0.10518  	-0.1443  	-0.0693  	-0.0315  	-0.0251  	-0.0074  	-0.0282  	0.00670  	-0.0210  	0.01135  	0.01130  	-0.0219  	-0.0247  	0.02006  	0.03947  	0.01981  	0.05798  	0.10508  	-0.0646  	0.00265  	0.03375  	0.43614  	
-0.6305  	-0.0604  	-0.4432  	-0.3402  	-0.0712  	-0.1532  	0.19733  	-0.0977  	0.15218  	0.41285  	-0.2872  	0.76176  	0.17729  	-0.4011  	-1.2936  	0.17983  	0.51399  	0.10299  	0.46839  	0.14923  	-0.1821  	0.47612  	0.25583  	-0.1344  	0.06374  	0.04973  	0.23914  	-0.4215  	-0.3340  	-0.0022  	0.00400  	-0.0143  	0.15176  	-0.2187  	0.00613  	0.12002  	0.13266  	-0.0397  	-0.2744  	-0.0482  	0.14278  	0.06544  	0.01011  	0.22886  	0.02062  	-0.0164  	-0.0520  	0.10139  	0.09465  	-0.1375  	-0.0607  	-0.0268  	-0.0286  	0.00327  	-0.0291  	-0.0082  	-0.0178  	0.01949  	0.02271  	-0.0316  	-0.0277  	0.01714  	0.04982  	0.01395  	0.07964  	0.10132  	-0.0655  	0.00281  	0.03324  	0.42647  	
-0.7258  	-0.0826  	-0.4887  	-0.3718  	-0.1224  	-0.1693  	0.23020  	-0.1539  	0.08806  	0.42538  	-0.1786  	0.71705  	0.10801  	-0.4861  	-1.4340  	0.16540  	0.48182  	0.14263  	0.45525  	0.19419  	-0.2739  	0.50699  	0.29363  	-0.2100  	0.08048  	0.07100  	0.17068  	-0.3284  	-0.2608  	-0.0001  	0.00454  	-0.0357  	0.13473  	-0.2155  	-0.0749  	0.18196  	0.09516  	-0.0381  	-0.2178  	-0.0698  	0.21766  	0.04434  	0.01610  	0.26118  	0.03467  	-0.0242  	-0.0491  	0.10223  	0.07898  	-0.1332  	-0.0562  	-0.0234  	-0.0149  	-0.0087  	-0.0257  	-0.0099  	-0.0110  	0.02457  	0.01896  	-0.0219  	-0.0293  	0.00710  	0.04995  	0.01996  	0.09244  	0.09912  	-0.0657  	0.00318  	0.03258  	0.41431  	
-0.7691  	-0.0884  	-0.5186  	-0.4320  	-0.1358  	-0.2312  	0.22760  	-0.1728  	0.09491  	0.43060  	-0.1696  	0.73314  	0.14132  	-0.5258  	-1.4813  	0.18963  	0.45953  	0.16403  	0.45384  	0.20739  	-0.3135  	0.52493  	0.33495  	-0.2414  	0.06496  	0.08162  	0.13349  	-0.2834  	-0.2240  	-0.0116  	0.01333  	-0.0485  	0.13474  	-0.2132  	-0.1124  	0.17635  	0.06200  	-0.0463  	-0.2240  	-0.0878  	0.23167  	0.04213  	0.02999  	0.27335  	0.02991  	-0.0254  	-0.0475  	0.11614  	0.08104  	-0.1383  	-0.0582  	-0.0271  	-0.0112  	-0.0078  	-0.0254  	-0.0071  	-0.0151  	0.01826  	0.02503  	-0.0239  	-0.0241  	0.01457  	0.04208  	0.02222  	0.09291  	0.09921  	-0.0653  	0.00314  	0.03163  	0.42033  	
-0.7722  	-0.0718  	-0.4938  	-0.4501  	-0.1380  	-0.2418  	0.22761  	-0.1516  	0.10381  	0.42265  	-0.1622  	0.73617  	0.13240  	-0.5250  	-1.4819  	0.19754  	0.45598  	0.16128  	0.45981  	0.20361  	-0.3028  	0.52686  	0.34441  	-0.2306  	0.05626  	0.07805  	0.14429  	-0.2948  	-0.2327  	-0.0200  	0.00538  	-0.0473  	0.13559  	-0.2143  	-0.1153  	0.16810  	0.07234  	-0.0380  	-0.2267  	-0.0890  	0.24078  	0.03910  	0.02997  	0.27333  	0.03112  	-0.0242  	-0.0477  	0.11478  	0.08423  	-0.1373  	-0.0602  	-0.0277  	-0.0098  	-0.0071  	-0.0265  	-0.0088  	-0.0147  	0.01871  	0.02745  	-0.0235  	-0.0257  	0.01498  	0.04270  	0.02178  	0.07850  	0.10086  	-0.0636  	0.00189  	0.03127  	0.42647  	
-0.7692  	-0.0752  	-0.4882  	-0.4477  	-0.1300  	-0.2406  	0.22854  	-0.1464  	0.10611  	0.41988  	-0.1598  	0.73689  	0.13187  	-0.5092  	-1.4853  	0.20114  	0.45415  	0.16042  	0.46072  	0.20855  	-0.2923  	0.52577  	0.34668  	-0.2245  	0.05269  	0.08155  	0.13821  	-0.3012  	-0.2445  	-0.0237  	0.00356  	-0.0474  	0.13689  	-0.2146  	-0.1042  	0.16357  	0.07954  	-0.0367  	-0.2278  	-0.0919  	0.23366  	0.03855  	0.02573  	0.27373  	0.03068  	-0.0245  	-0.0461  	0.11632  	0.08238  	-0.1372  	-0.0604  	-0.0280  	-0.0089  	-0.0063  	-0.0262  	-0.0094  	-0.0136  	0.01896  	0.02567  	-0.0239  	-0.0260  	0.01352  	0.04219  	0.02206  	0.07616  	0.09785  	-0.0639  	0.00117  	0.03094  	0.42976  	
-0.7738  	-0.0747  	-0.5045  	-0.4692  	-0.1531  	-0.2411  	0.21946  	-0.1536  	0.10197  	0.42192  	-0.1555  	0.73031  	0.13040  	-0.5227  	-1.5052  	0.18610  	0.45436  	0.16544  	0.46502  	0.21134  	-0.2901  	0.52359  	0.34924  	-0.2363  	0.05583  	0.08363  	0.14251  	-0.3019  	-0.2466  	-0.0292  	0.00727  	-0.0440  	0.13574  	-0.2166  	-0.1079  	0.17081  	0.08116  	-0.0333  	-0.2199  	-0.0937  	0.23509  	0.03619  	0.02907  	0.27338  	0.02975  	-0.0265  	-0.0451  	0.11699  	0.08003  	-0.1368  	-0.0605  	-0.0278  	-0.0094  	-0.0047  	-0.0248  	-0.0081  	-0.0145  	0.01958  	0.02476  	-0.0232  	-0.0264  	0.01327  	0.04052  	0.02223  	0.07551  	0.09384  	-0.0647  	0.00013  	0.03062  	0.43280  	
-0.7745  	-0.0804  	-0.4909  	-0.4799  	-0.1553  	-0.2571  	0.22719  	-0.1582  	0.10566  	0.42376  	-0.1562  	0.72553  	0.12892  	-0.5176  	-1.5156  	0.18170  	0.46092  	0.16033  	0.46038  	0.20927  	-0.2870  	0.52548  	0.35424  	-0.2322  	0.05602  	0.08648  	0.14009  	-0.3115  	-0.2518  	-0.0268  	0.00870  	-0.0466  	0.13362  	-0.2176  	-0.1096  	0.16592  	0.08054  	-0.0346  	-0.2261  	-0.0957  	0.23595  	0.03741  	0.03117  	0.27213  	0.03345  	-0.0263  	-0.0466  	0.11723  	0.08310  	-0.1367  	-0.0611  	-0.0280  	-0.0086  	-0.0063  	-0.0267  	-0.0081  	-0.0135  	0.01972  	0.02505  	-0.0251  	-0.0270  	0.01365  	0.04365  	0.02188  	0.07555  	0.09003  	-0.0658  	-0.0011  	0.02967  	0.45196  	
-0.7792  	-0.0789  	-0.4726  	-0.4874  	-0.1526  	-0.2607  	0.22887  	-0.1585  	0.10608  	0.43298  	-0.1658  	0.71515  	0.13317  	-0.5129  	-1.5153  	0.18827  	0.45992  	0.15875  	0.45771  	0.20435  	-0.2996  	0.52453  	0.34506  	-0.2327  	0.05740  	0.08743  	0.14205  	-0.3121  	-0.2433  	-0.0214  	0.01669  	-0.0509  	0.13465  	-0.2146  	-0.1163  	0.16681  	0.07067  	-0.0364  	-0.2262  	-0.0958  	0.24751  	0.03799  	0.03496  	0.27360  	0.03367  	-0.0265  	-0.0471  	0.11825  	0.08252  	-0.1375  	-0.0641  	-0.0274  	-0.0078  	-0.0071  	-0.0274  	-0.0097  	-0.0139  	0.01923  	0.02468  	-0.0255  	-0.0265  	0.01429  	0.04457  	0.02251  	0.07598  	0.08520  	-0.0668  	-0.0022  	0.02866  	0.46579  	
-0.7810  	-0.0859  	-0.4776  	-0.4691  	-0.1433  	-0.2608  	0.23016  	-0.1570  	0.10783  	0.43650  	-0.1681  	0.72821  	0.13295  	-0.5079  	-1.5139  	0.19008  	0.45936  	0.16131  	0.45720  	0.20892  	-0.3007  	0.51732  	0.34281  	-0.2296  	0.04544  	0.08764  	0.13101  	-0.3133  	-0.2496  	-0.0289  	0.01623  	-0.0503  	0.13576  	-0.2130  	-0.1163  	0.16145  	0.06670  	-0.0386  	-0.2248  	-0.0972  	0.24416  	0.03737  	0.03602  	0.27151  	0.03264  	-0.0253  	-0.0466  	0.11777  	0.08320  	-0.1383  	-0.0635  	-0.0280  	-0.0092  	-0.0064  	-0.0272  	-0.0095  	-0.0139  	0.01982  	0.02444  	-0.0254  	-0.0265  	0.01359  	0.04388  	0.02197  	0.07641  	0.08289  	-0.0682  	-0.0029  	0.02785  	0.46774  	
-0.7811  	-0.0878  	-0.4884  	-0.4607  	-0.1426  	-0.2580  	0.22081  	-0.1480  	0.10943  	0.42917  	-0.1646  	0.72729  	0.13093  	-0.5115  	-1.5049  	0.19304  	0.46121  	0.15849  	0.46284  	0.21150  	-0.2942  	0.51506  	0.34881  	-0.2293  	0.05074  	0.08490  	0.13291  	-0.3128  	-0.2562  	-0.0324  	0.01118  	-0.0461  	0.13523  	-0.2142  	-0.1109  	0.15913  	0.07951  	-0.0371  	-0.2261  	-0.0962  	0.23593  	0.03336  	0.02806  	0.27370  	0.03082  	-0.0242  	-0.0460  	0.11977  	0.08224  	-0.1370  	-0.0620  	-0.0286  	-0.0099  	-0.0055  	-0.0261  	-0.0087  	-0.0132  	0.01989  	0.02473  	-0.0241  	-0.0267  	0.01266  	0.04304  	0.02185  	0.07695  	0.08090  	-0.0697  	-0.0036  	0.02797  	0.45882  	
-0.7621  	-0.0829  	-0.5136  	-0.4405  	-0.1450  	-0.2421  	0.21610  	-0.1525  	0.10187  	0.42038  	-0.1626  	0.73649  	0.12897  	-0.5240  	-1.4959  	0.18358  	0.45691  	0.16687  	0.46614  	0.21890  	-0.2852  	0.51294  	0.34393  	-0.2342  	0.05366  	0.08261  	0.14051  	-0.2954  	-0.2476  	-0.0260  	0.00687  	-0.0422  	0.13538  	-0.2178  	-0.1029  	0.16724  	0.07955  	-0.0369  	-0.2252  	-0.0904  	0.22707  	0.03504  	0.02709  	0.27459  	0.03199  	-0.0244  	-0.0461  	0.11724  	0.08054  	-0.1357  	-0.0578  	-0.0283  	-0.0103  	-0.0060  	-0.0253  	-0.0078  	-0.0129  	0.02024  	0.02439  	-0.0239  	-0.0279  	0.01203  	0.03964  	0.02258  	0.07733  	0.08071  	-0.0705  	-0.0040  	0.02785  	0.44969  	
-0.7762  	-0.0824  	-0.4975  	-0.4711  	-0.1553  	-0.2453  	0.22079  	-0.1645  	0.09994  	0.43300  	-0.1675  	0.72631  	0.13520  	-0.5154  	-1.5078  	0.18381  	0.45936  	0.16759  	0.46003  	0.20994  	-0.2906  	0.51131  	0.34448  	-0.2363  	0.05209  	0.08680  	0.13683  	-0.3025  	-0.2415  	-0.0205  	0.01419  	-0.0487  	0.13527  	-0.2162  	-0.1077  	0.17190  	0.07183  	-0.0374  	-0.2287  	-0.0935  	0.23542  	0.03815  	0.03453  	0.27475  	0.03368  	-0.0254  	-0.0466  	0.11597  	0.08102  	-0.1363  	-0.0598  	-0.0272  	-0.0095  	-0.0073  	-0.0267  	-0.0082  	-0.0144  	0.02071  	0.02343  	-0.0259  	-0.0268  	0.01377  	0.04245  	0.02222  	0.07692  	0.08081  	-0.0710  	-0.0044  	0.02737  	0.44866  	
-0.7809  	-0.0755  	-0.4763  	-0.4734  	-0.1433  	-0.2613  	0.22980  	-0.1568  	0.10755  	0.43351  	-0.1695  	0.71783  	0.13680  	-0.5114  	-1.5042  	0.19348  	0.45820  	0.15912  	0.45460  	0.20028  	-0.3027  	0.52703  	0.34328  	-0.2227  	0.05508  	0.08402  	0.14307  	-0.3148  	-0.2451  	-0.0183  	0.01266  	-0.0514  	0.13590  	-0.2131  	-0.1153  	0.16681  	0.06634  	-0.0382  	-0.2287  	-0.0904  	0.24258  	0.04003  	0.03444  	0.27208  	0.03348  	-0.0263  	-0.0478  	0.11733  	0.08379  	-0.1376  	-0.0625  	-0.0278  	-0.0082  	-0.0063  	-0.0277  	-0.0099  	-0.0137  	0.01921  	0.02656  	-0.0245  	-0.0273  	0.01469  	0.04447  	0.02294  	0.07418  	0.08176  	-0.0711  	-0.0043  	0.02788  	0.44126  	
-0.7722  	-0.0798  	-0.4913  	-0.4467  	-0.1376  	-0.2461  	0.22816  	-0.1541  	0.10752  	0.42803  	-0.1653  	0.73700  	0.13510  	-0.5220  	-1.4882  	0.19500  	0.45917  	0.16289  	0.45999  	0.20869  	-0.2944  	0.51970  	0.34909  	-0.2313  	0.04972  	0.08228  	0.14230  	-0.3012  	-0.2450  	-0.0229  	0.00880  	-0.0444  	0.13437  	-0.2154  	-0.1114  	0.16272  	0.06901  	-0.0360  	-0.2250  	-0.0925  	0.23583  	0.03716  	0.03023  	0.27187  	0.03313  	-0.0252  	-0.0465  	0.11540  	0.08319  	-0.1377  	-0.0604  	-0.0289  	-0.0084  	-0.0069  	-0.0260  	-0.0098  	-0.0138  	0.01929  	0.02719  	-0.0242  	-0.0263  	0.01363  	0.04313  	0.02265  	0.07133  	0.08106  	-0.0710  	-0.0041  	0.02868  	0.42569  	
-0.7578  	-0.0765  	-0.4921  	-0.4290  	-0.1332  	-0.2350  	0.21676  	-0.1306  	0.11191  	0.42230  	-0.1740  	0.73688  	0.13505  	-0.5108  	-1.4763  	0.19106  	0.46855  	0.15143  	0.46981  	0.21314  	-0.2743  	0.50671  	0.34303  	-0.2304  	0.05970  	0.08263  	0.15649  	-0.3126  	-0.2567  	-0.0255  	0.00646  	-0.0432  	0.13322  	-0.2154  	-0.0978  	0.15576  	0.08734  	-0.0326  	-0.2234  	-0.0978  	0.22844  	0.03115  	0.02481  	0.27523  	0.03133  	-0.0230  	-0.0459  	0.12008  	0.08028  	-0.1388  	-0.0590  	-0.0280  	-0.0113  	-0.0061  	-0.0250  	-0.0077  	-0.0135  	0.01941  	0.02484  	-0.0234  	-0.0270  	0.01077  	0.04176  	0.02243  	0.06746  	0.08080  	-0.0708  	-0.0044  	0.02907  	0.42423  	
-0.7615  	-0.0770  	-0.4933  	-0.4622  	-0.1434  	-0.2469  	0.22085  	-0.1530  	0.10893  	0.42907  	-0.1657  	0.73461  	0.12543  	-0.5272  	-1.5140  	0.18007  	0.46249  	0.16223  	0.46901  	0.19760  	-0.2789  	0.50700  	0.34676  	-0.2375  	0.05523  	0.08285  	0.15424  	-0.3042  	-0.2579  	-0.0229  	0.00360  	-0.0424  	0.13112  	-0.2180  	-0.1069  	0.17025  	0.08047  	-0.0324  	-0.2266  	-0.0992  	0.23406  	0.03488  	0.03312  	0.27508  	0.03571  	-0.0246  	-0.0494  	0.11545  	0.08345  	-0.1345  	-0.0592  	-0.0293  	-0.0103  	-0.0061  	-0.0261  	-0.0073  	-0.0138  	0.02160  	0.02611  	-0.0247  	-0.0284  	0.01240  	0.04341  	0.02237  	0.06392  	0.07955  	-0.0701  	-0.0046  	0.02922  	0.41799  	
-0.7493  	-0.0608  	-0.4802  	-0.4642  	-0.1528  	-0.2391  	0.21747  	-0.1589  	0.11192  	0.42710  	-0.1862  	0.72973  	0.11589  	-0.5360  	-1.4817  	0.16799  	0.47654  	0.14987  	0.47298  	0.16617  	-0.2799  	0.51334  	0.37247  	-0.2305  	0.06980  	0.07783  	0.18141  	-0.3205  	-0.2484  	-0.0042  	-0.0008  	-0.0460  	0.12952  	-0.2178  	-0.1102  	0.16368  	0.09718  	-0.0330  	-0.2330  	-0.0861  	0.24121  	0.03713  	0.03707  	0.28471  	0.03569  	-0.0219  	-0.0501  	0.11407  	0.08841  	-0.1344  	-0.0585  	-0.0295  	-0.0133  	-0.0061  	-0.0277  	-0.0063  	-0.0171  	0.02041  	0.02662  	-0.0255  	-0.0267  	0.01215  	0.04695  	0.02204  	0.06111  	0.07944  	-0.0694  	-0.0045  	0.02965  	0.41003  	
-0.7426  	-0.0527  	-0.4555  	-0.4697  	-0.1575  	-0.1953  	0.21880  	-0.1470  	0.12528  	0.41136  	-0.2327  	0.72074  	0.11925  	-0.5341  	-1.4508  	0.17124  	0.48672  	0.11464  	0.48518  	0.11781  	-0.3088  	0.54442  	0.41371  	-0.2373  	0.09037  	0.08766  	0.19916  	-0.3473  	-0.2185  	0.01526  	0.00372  	-0.0499  	0.12597  	-0.2164  	-0.1344  	0.15250  	0.10205  	-0.0281  	-0.2178  	-0.0800  	0.26745  	0.03261  	0.05157  	0.29785  	0.02918  	-0.0216  	-0.0491  	0.11817  	0.09047  	-0.1392  	-0.0654  	-0.0270  	-0.0123  	-0.0042  	-0.0299  	-0.0040  	-0.0206  	0.01554  	0.02366  	-0.0261  	-0.0210  	0.00921  	0.04646  	0.01982  	0.06053  	0.07843  	-0.0691  	-0.0048  	0.02984  	0.41105  	
-0.6597  	-0.0438  	-0.4310  	-0.3442  	-0.1321  	-0.1016  	0.19806  	-0.1116  	0.14370  	0.37522  	-0.3109  	0.78055  	0.14763  	-0.4705  	-1.3508  	0.19261  	0.50240  	0.11631  	0.48120  	0.12168  	-0.3191  	0.54879  	0.41868  	-0.2629  	0.07138  	0.08727  	0.15761  	-0.3447  	-0.1886  	0.01084  	0.00443  	-0.0525  	0.13201  	-0.2139  	-0.1466  	0.13041  	0.08470  	-0.0288  	-0.2085  	-0.0704  	0.26550  	0.03127  	0.06232  	0.29816  	0.01957  	-0.0249  	-0.0447  	0.12834  	0.10286  	-0.1487  	-0.0617  	-0.0267  	-0.0191  	-0.0034  	-0.0215  	-0.0037  	-0.0181  	0.01418  	0.02059  	-0.0319  	-0.0228  	0.01320  	0.04808  	0.02198  	0.06168  	0.07802  	-0.0688  	-0.0050  	0.02865  	0.42345  	
-0.4749  	-0.0191  	-0.3805  	-0.1816  	-0.0458  	-0.0238  	0.18328  	-0.0814  	0.15165  	0.31489  	-0.3300  	0.85543  	0.15576  	-0.3807  	-1.2388  	0.22533  	0.50049  	0.10639  	0.45918  	0.13326  	-0.2218  	0.54026  	0.39113  	-0.2152  	0.04618  	0.07892  	0.17183  	-0.3591  	-0.2405  	0.00987  	0.00440  	-0.0370  	0.14947  	-0.2216  	-0.0747  	0.10685  	0.12691  	-0.0110  	-0.2442  	-0.0763  	0.23622  	0.02980  	0.05160  	0.28461  	0.01957  	-0.0259  	-0.0483  	0.11257  	0.08962  	-0.1443  	-0.0650  	-0.0287  	-0.0130  	-0.0084  	-0.0252  	-0.0059  	-0.0172  	0.01781  	0.01822  	-0.0314  	-0.0282  	0.01630  	0.05400  	0.01941  	0.06453  	0.07817  	-0.0686  	-0.0053  	0.02736  	0.43304  	
-0.2626  	0.02115  	-0.3125  	-0.0392  	0.03495  	0.09011  	0.21482  	-0.0569  	0.14632  	0.30670  	-0.3645  	0.88485  	0.19313  	-0.2785  	-1.1731  	0.30313  	0.47958  	0.12819  	0.44886  	0.17704  	-0.2207  	0.52008  	0.30496  	-0.2043  	0.07815  	0.05728  	0.19256  	-0.3387  	-0.2661  	0.00636  	-0.0144  	-0.0278  	0.16819  	-0.2167  	0.00874  	0.12708  	0.11680  	-0.0194  	-0.2433  	-0.0535  	0.18823  	0.04240  	0.05964  	0.27491  	0.02142  	-0.0270  	-0.0428  	0.12049  	0.09622  	-0.1506  	-0.0499  	-0.0287  	-0.0136  	-0.0088  	-0.0246  	0.00614  	-0.0163  	0.01549  	0.01907  	-0.0280  	-0.0289  	0.01046  	0.04474  	0.02047  	0.06768  	0.08121  	-0.0687  	-0.0051  	0.02682  	0.42113  	
-0.2018  	0.01024  	-0.2839  	0.01445  	0.09350  	0.08318  	0.24878  	-0.0588  	0.17162  	0.35833  	-0.3525  	0.87567  	0.20469  	-0.2853  	-1.1926  	0.37201  	0.44377  	0.15575  	0.43889  	0.20401  	-0.2548  	0.52368  	0.21737  	-0.2147  	0.10738  	0.03387  	0.18645  	-0.2942  	-0.2513  	0.02308  	-0.0577  	-0.0098  	0.16506  	-0.2187  	0.04174  	0.16737  	0.11419  	-0.0320  	-0.2456  	-0.0439  	0.18329  	0.04278  	0.04263  	0.27311  	0.02738  	-0.0287  	-0.0460  	0.11811  	0.10200  	-0.1487  	-0.0407  	-0.0328  	-0.0089  	-0.0110  	-0.0207  	0.00693  	-0.0098  	0.01804  	0.01813  	-0.0224  	-0.0324  	0.00676  	0.04618  	0.02129  	0.07126  	0.08397  	-0.0685  	-0.0050  	0.02694  	0.39696  	
-0.2339  	-0.0269  	-0.3074  	-0.0011  	0.09291  	0.07733  	0.26826  	-0.1133  	0.12188  	0.39029  	-0.3427  	0.86071  	0.21147  	-0.3760  	-1.3616  	0.41720  	0.42256  	0.14081  	0.44253  	0.22861  	-0.3509  	0.52881  	0.12915  	-0.1908  	0.21664  	0.02141  	0.22995  	-0.2309  	-0.1896  	0.07092  	-0.0642  	0.00916  	0.12364  	-0.2097  	0.00998  	0.24825  	0.06147  	-0.0355  	-0.2135  	-0.0275  	0.18412  	0.05792  	0.04068  	0.27366  	0.02942  	-0.0236  	-0.0530  	0.13210  	0.11379  	-0.1533  	-0.0337  	-0.0279  	-0.0066  	-0.0108  	-0.0154  	0.00231  	-0.0072  	0.01714  	0.02011  	-0.0241  	-0.0328  	-0.0028  	0.05425  	0.01895  	0.07375  	0.08806  	-0.0686  	-0.0045  	0.02668  	0.39148  	
-0.4023  	-0.0506  	-0.3972  	-0.1235  	-0.0018  	0.02966  	0.22165  	-0.1242  	0.11142  	0.36329  	-0.3142  	0.81475  	0.14336  	-0.4393  	-1.3966  	0.35710  	0.47923  	0.13558  	0.46134  	0.20696  	-0.3124  	0.48651  	0.21226  	-0.1857  	0.21122  	0.03426  	0.23841  	-0.2580  	-0.2550  	0.06505  	-0.0508  	0.01284  	0.11108  	-0.2221  	-0.0012  	0.23247  	0.09541  	-0.0415  	-0.2318  	-0.0485  	0.17860  	0.03599  	0.03411  	0.27077  	0.02853  	-0.0185  	-0.0575  	0.11730  	0.09732  	-0.1480  	-0.0397  	-0.0287  	-0.0088  	-0.0057  	-0.0235  	0.00465  	-0.0088  	0.01843  	0.01699  	-0.0316  	-0.0332  	-0.0040  	0.05305  	0.02079  	0.07183  	0.09026  	-0.0679  	-0.0043  	0.02618  	0.40763  	
-0.6004  	-0.1264  	-0.5053  	-0.1884  	-0.0192  	-0.1084  	0.23806  	-0.1410  	0.09504  	0.37311  	-0.2980  	0.79027  	0.14496  	-0.4545  	-1.3178  	0.24074  	0.47266  	0.16013  	0.46450  	0.18209  	-0.3059  	0.50585  	0.24731  	-0.1717  	0.16807  	0.04449  	0.20579  	-0.2752  	-0.2203  	0.05542  	-0.0290  	-0.0133  	0.10812  	-0.2178  	-0.0347  	0.19561  	0.06568  	-0.0489  	-0.2398  	-0.0604  	0.18706  	0.04811  	0.00771  	0.27119  	0.03095  	-0.0229  	-0.0539  	0.10425  	0.09009  	-0.1431  	-0.0454  	-0.0255  	-0.0061  	-0.0094  	-0.0229  	-0.0015  	-0.0072  	0.02250  	0.01946  	-0.0339  	-0.0316  	0.00177  	0.04865  	0.02045  	0.06773  	0.09143  	-0.0672  	-0.0035  	0.02708  	0.41415  	
-0.7088  	-0.1098  	-0.5466  	-0.3288  	-0.0615  	-0.1950  	0.22487  	-0.1565  	0.10245  	0.41127  	-0.2029  	0.78992  	0.14652  	-0.4019  	-1.3594  	0.14841  	0.46502  	0.14850  	0.44213  	0.18844  	-0.2645  	0.48555  	0.30016  	-0.2120  	0.08507  	0.06531  	0.14493  	-0.2940  	-0.2397  	0.00037  	-0.0190  	-0.0434  	0.12554  	-0.2023  	-0.0376  	0.15052  	0.06129  	-0.0357  	-0.2284  	-0.0689  	0.19718  	0.03940  	0.02017  	0.25996  	0.02962  	-0.0207  	-0.0515  	0.10314  	0.08834  	-0.1406  	-0.0541  	-0.0301  	-0.0148  	-0.0109  	-0.0305  	-0.0019  	-0.0124  	0.02065  	0.01514  	-0.0307  	-0.0260  	0.00588  	0.04871  	0.02061  	0.06516  	0.09113  	-0.0669  	-0.0025  	0.02853  	0.41241  	
-0.7368  	-0.1072  	-0.5554  	-0.3496  	-0.0663  	-0.2097  	0.22826  	-0.1521  	0.11518  	0.41939  	-0.1841  	0.82469  	0.15565  	-0.3829  	-1.3818  	0.14501  	0.46660  	0.16563  	0.43653  	0.20686  	-0.2763  	0.50814  	0.31085  	-0.2148  	0.06931  	0.07070  	0.10270  	-0.2824  	-0.2232  	-0.0088  	-0.0137  	-0.0591  	0.13554  	-0.2063  	-0.0596  	0.14367  	0.04960  	-0.0364  	-0.2184  	-0.0653  	0.20543  	0.04116  	0.02950  	0.25776  	0.02676  	-0.0216  	-0.0474  	0.11455  	0.08544  	-0.1389  	-0.0584  	-0.0297  	-0.0135  	-0.0094  	-0.0269  	-0.0017  	-0.0138  	0.01858  	0.01480  	-0.0297  	-0.0250  	0.00916  	0.04502  	0.01845  	0.06340  	0.09185  	-0.0670  	-0.0017  	0.02977  	0.43057  	
-0.7936  	-0.1156  	-0.5528  	-0.4586  	-0.1090  	-0.2579  	0.22972  	-0.1447  	0.11174  	0.42889  	-0.1332  	0.76545  	0.13918  	-0.4259  	-1.4567  	0.14915  	0.47045  	0.16830  	0.43925  	0.22889  	-0.2497  	0.49624  	0.30410  	-0.2109  	0.04550  	0.08479  	0.10828  	-0.3160  	-0.2493  	-0.0272  	0.00176  	-0.0559  	0.14323  	-0.2080  	-0.0567  	0.14001  	0.06767  	-0.0280  	-0.2268  	-0.0732  	0.21569  	0.04063  	0.02307  	0.25895  	0.02271  	-0.0241  	-0.0468  	0.12136  	0.08284  	-0.1363  	-0.0630  	-0.0314  	-0.0093  	-0.0044  	-0.0248  	-0.0001  	-0.0129  	0.01725  	0.01504  	-0.0261  	-0.0244  	0.01177  	0.04299  	0.01653  	0.06298  	0.09203  	-0.0670  	-0.0005  	0.03112  	0.43142  	
-0.8088  	-0.1195  	-0.5574  	-0.4921  	-0.1358  	-0.2567  	0.23449  	-0.1603  	0.10406  	0.42308  	-0.1112  	0.75711  	0.13088  	-0.4425  	-1.4667  	0.14186  	0.46759  	0.16721  	0.43834  	0.22138  	-0.2433  	0.49741  	0.32421  	-0.2077  	0.02823  	0.09020  	0.11373  	-0.3310  	-0.2618  	-0.0330  	-0.0031  	-0.0524  	0.14714  	-0.2106  	-0.0647  	0.13765  	0.07778  	-0.0187  	-0.2312  	-0.0789  	0.22296  	0.04484  	0.02488  	0.26072  	0.02553  	-0.0246  	-0.0489  	0.11403  	0.08629  	-0.1356  	-0.0652  	-0.0335  	-0.0080  	-0.0052  	-0.0251  	-0.0016  	-0.0152  	0.01757  	0.01777  	-0.0278  	-0.0236  	0.01363  	0.04443  	0.01773  	0.06410  	0.09381  	-0.0670  	0.00102  	0.03235  	0.43096  	
-0.8098  	-0.1109  	-0.5503  	-0.5065  	-0.1347  	-0.2735  	0.23713  	-0.1590  	0.10682  	0.43217  	-0.1069  	0.75097  	0.12942  	-0.4472  	-1.4744  	0.14429  	0.46674  	0.16040  	0.43992  	0.21438  	-0.2417  	0.50202  	0.32845  	-0.2114  	0.02706  	0.09001  	0.11942  	-0.3401  	-0.2617  	-0.0328  	-0.0017  	-0.0555  	0.14680  	-0.2082  	-0.0651  	0.14067  	0.08655  	-0.0214  	-0.2287  	-0.0813  	0.23089  	0.04512  	0.02370  	0.25918  	0.02469  	-0.0251  	-0.0499  	0.11532  	0.08877  	-0.1355  	-0.0654  	-0.0342  	-0.0088  	-0.0049  	-0.0245  	-0.0013  	-0.0150  	0.01830  	0.01807  	-0.0283  	-0.0243  	0.01380  	0.04495  	0.01833  	0.06672  	0.09531  	-0.0675  	0.00217  	0.03309  	0.43522  	
-0.8058  	-0.1000  	-0.5366  	-0.5185  	-0.1297  	-0.2759  	0.23507  	-0.1554  	0.11155  	0.44153  	-0.1137  	0.74245  	0.13466  	-0.4385  	-1.4984  	0.13829  	0.46169  	0.14904  	0.44099  	0.20397  	-0.2437  	0.50689  	0.32797  	-0.2141  	0.03973  	0.08967  	0.12596  	-0.3515  	-0.2599  	-0.0307  	-0.0020  	-0.0601  	0.14381  	-0.2074  	-0.0608  	0.14672  	0.09213  	-0.0245  	-0.2243  	-0.0782  	0.23466  	0.04652  	0.02248  	0.26134  	0.02252  	-0.0273  	-0.0493  	0.12028  	0.08635  	-0.1343  	-0.0676  	-0.0327  	-0.0085  	-0.0032  	-0.0238  	7.91996  	-0.0149  	0.01773  	0.01582  	-0.0290  	-0.0235  	0.01461  	0.04429  	0.01740  	0.07069  	0.09783  	-0.0674  	0.00320  	0.03298  	0.43422  	
-0.7856  	-0.1017  	-0.5228  	-0.5171  	-0.1353  	-0.2568  	0.23911  	-0.1581  	0.11416  	0.44160  	-0.1213  	0.75441  	0.13355  	-0.4378  	-1.5112  	0.13699  	0.45851  	0.14812  	0.44262  	0.19089  	-0.2467  	0.50963  	0.33717  	-0.2197  	0.03685  	0.08751  	0.12851  	-0.3527  	-0.2645  	-0.0298  	-0.0055  	-0.0560  	0.14234  	-0.2088  	-0.0693  	0.14773  	0.08882  	-0.0188  	-0.2187  	-0.0822  	0.23997  	0.04876  	0.02739  	0.26269  	0.02309  	-0.0280  	-0.0494  	0.11987  	0.08694  	-0.1325  	-0.0681  	-0.0327  	-0.0079  	-0.0028  	-0.0245  	-0.0007  	-0.0161  	0.01737  	0.01468  	-0.0304  	-0.0233  	0.01414  	0.04475  	0.01879  	0.07505  	0.10034  	-0.0668  	0.00339  	0.03258  	0.43736  	
-0.7912  	-0.1045  	-0.5233  	-0.5121  	-0.1362  	-0.2650  	0.23691  	-0.1599  	0.11273  	0.44414  	-0.1263  	0.75550  	0.13211  	-0.4414  	-1.5051  	0.13699  	0.46218  	0.14825  	0.44304  	0.18436  	-0.2487  	0.51753  	0.34341  	-0.2249  	0.03333  	0.08730  	0.13559  	-0.3561  	-0.2644  	-0.0293  	-0.0037  	-0.0551  	0.14161  	-0.2114  	-0.0788  	0.15057  	0.08669  	-0.0188  	-0.2201  	-0.0844  	0.24148  	0.04742  	0.03001  	0.26167  	0.02313  	-0.0275  	-0.0493  	0.11736  	0.08901  	-0.1339  	-0.0681  	-0.0335  	-0.0079  	-0.0035  	-0.0242  	-0.0019  	-0.0163  	0.01823  	0.01595  	-0.0300  	-0.0237  	0.01405  	0.04464  	0.01884  	0.07837  	0.10392  	-0.0658  	0.00361  	0.03277  	0.41444  	
-0.7884  	-0.1103  	-0.5288  	-0.4950  	-0.1285  	-0.2540  	0.23749  	-0.1547  	0.11617  	0.44265  	-0.1385  	0.75602  	0.13464  	-0.4355  	-1.4938  	0.13604  	0.46578  	0.15026  	0.44400  	0.19692  	-0.2507  	0.50699  	0.33978  	-0.2243  	0.03977  	0.08950  	0.12410  	-0.3473  	-0.2600  	-0.0315  	-0.0033  	-0.0550  	0.13992  	-0.2094  	-0.0736  	0.14576  	0.08281  	-0.0226  	-0.2169  	-0.0793  	0.23656  	0.04405  	0.02760  	0.26330  	0.02166  	-0.0273  	-0.0474  	0.12186  	0.08593  	-0.1344  	-0.0678  	-0.0327  	-0.0090  	-0.0031  	-0.0236  	-0.0004  	-0.0162  	0.01776  	0.01342  	-0.0302  	-0.0232  	0.01388  	0.04361  	0.01790  	0.08138  	0.10534  	-0.0653  	0.00354  	0.03294  	0.39167  	
-0.7966  	-0.1177  	-0.5347  	-0.5046  	-0.1457  	-0.2452  	0.23227  	-0.1638  	0.11094  	0.44126  	-0.1334  	0.75550  	0.12754  	-0.4461  	-1.5042  	0.13013  	0.46203  	0.15838  	0.44700  	0.20457  	-0.2574  	0.50367  	0.34013  	-0.2292  	0.04065  	0.09076  	0.11511  	-0.3367  	-0.2619  	-0.0357  	-2.1651  	-0.0530  	0.13906  	-0.2094  	-0.0784  	0.14376  	0.07653  	-0.0219  	-0.2152  	-0.0812  	0.23677  	0.04172  	0.03042  	0.26805  	0.02295  	-0.0271  	-0.0477  	0.12276  	0.08345  	-0.1319  	-0.0680  	-0.0332  	-0.0086  	-0.0028  	-0.0243  	-0.0002  	-0.0155  	0.01826  	0.01209  	-0.0298  	-0.0226  	0.01275  	0.04352  	0.01757  	0.08165  	0.10595  	-0.0654  	0.00302  	0.03254  	0.39039  	
-0.8116  	-0.1194  	-0.5451  	-0.5088  	-0.1414  	-0.2597  	0.23447  	-0.1625  	0.10355  	0.44101  	-0.1199  	0.75719  	0.13000  	-0.4271  	-1.4815  	0.11479  	0.46925  	0.15403  	0.44155  	0.19541  	-0.2540  	0.51071  	0.33298  	-0.2083  	0.04002  	0.09184  	0.12355  	-0.3496  	-0.2650  	-0.0328  	-0.0004  	-0.0550  	0.14378  	-0.2127  	-0.0794  	0.14399  	0.07567  	-0.0228  	-0.2245  	-0.0813  	0.22919  	0.04756  	0.02592  	0.25846  	0.02576  	-0.0265  	-0.0485  	0.11828  	0.08684  	-0.1342  	-0.0671  	-0.0338  	-0.0082  	-0.0062  	-0.0248  	-0.0025  	-0.0162  	0.01816  	0.01650  	-0.0292  	-0.0224  	0.01352  	0.04392  	0.01714  	0.07925  	0.10363  	-0.0647  	0.00210  	0.03152  	0.39371  	
-0.8088  	-0.1097  	-0.5464  	-0.5109  	-0.1414  	-0.2688  	0.23769  	-0.1547  	0.10537  	0.43192  	-0.1088  	0.74265  	0.13481  	-0.4252  	-1.4723  	0.11147  	0.47470  	0.14309  	0.44170  	0.18984  	-0.2338  	0.51215  	0.33098  	-0.1974  	0.03260  	0.09323  	0.13716  	-0.3644  	-0.2698  	-0.0295  	-0.0032  	-0.0554  	0.14249  	-0.2115  	-0.0649  	0.13962  	0.09024  	-0.0195  	-0.2315  	-0.0805  	0.22795  	0.04715  	0.02075  	0.25516  	0.02440  	-0.0272  	-0.0489  	0.11822  	0.08689  	-0.1373  	-0.0663  	-0.0331  	-0.0094  	-0.0064  	-0.0241  	-0.0022  	-0.0158  	0.01776  	0.01736  	-0.0290  	-0.0229  	0.01500  	0.04433  	0.01744  	0.07671  	0.10083  	-0.0648  	0.00135  	0.03132  	0.39787  	
-0.8408  	-0.1068  	-0.5505  	-0.5425  	-0.1538  	-0.2824  	0.22732  	-0.1514  	0.10229  	0.44038  	-0.0989  	0.73840  	0.13154  	-0.4251  	-1.4931  	0.12009  	0.47417  	0.15138  	0.43997  	0.19112  	-0.2362  	0.51562  	0.33724  	-0.2082  	0.02866  	0.09382  	0.13224  	-0.3636  	-0.2623  	-0.0339  	0.00248  	-0.0583  	0.14296  	-0.2133  	-0.0703  	0.14599  	0.08969  	-0.0212  	-0.2307  	-0.0835  	0.22711  	0.04734  	0.02211  	0.25150  	0.02216  	-0.0268  	-0.0496  	0.11547  	0.08955  	-0.1386  	-0.0660  	-0.0351  	-0.0101  	-0.0066  	-0.0236  	-0.0007  	-0.0158  	0.01918  	0.01925  	-0.0279  	-0.0234  	0.01728  	0.04445  	0.01695  	0.07617  	0.09650  	-0.0652  	0.00020  	0.03094  	0.39991  	
-0.8183  	-0.1095  	-0.5418  	-0.5275  	-0.1492  	-0.2720  	0.23572  	-0.1574  	0.10664  	0.43631  	-0.1073  	0.75263  	0.13030  	-0.4386  	-1.4996  	0.12145  	0.46665  	0.15198  	0.44153  	0.19466  	-0.2440  	0.51144  	0.33846  	-0.2116  	0.02931  	0.09232  	0.12935  	-0.3561  	-0.2652  	-0.0327  	-0.0021  	-0.0553  	0.14374  	-0.2118  	-0.0762  	0.14417  	0.08647  	-0.0224  	-0.2260  	-0.0832  	0.22945  	0.04849  	0.02465  	0.25804  	0.02432  	-0.0262  	-0.0500  	0.11833  	0.08956  	-0.1356  	-0.0657  	-0.0344  	-0.0092  	-0.0047  	-0.0241  	-0.0009  	-0.0150  	0.01821  	0.01845  	-0.0286  	-0.0236  	0.01523  	0.04424  	0.01822  	0.07618  	0.09222  	-0.0659  	-0.0010  	0.02989  	0.41924  	
-0.8029  	-0.1018  	-0.5299  	-0.5256  	-0.1308  	-0.2761  	0.24151  	-0.1525  	0.11119  	0.43909  	-0.1101  	0.74696  	0.13260  	-0.4284  	-1.4945  	0.12248  	0.46196  	0.13926  	0.44100  	0.18547  	-0.2416  	0.51460  	0.33298  	-0.2031  	0.03912  	0.08920  	0.13429  	-0.3681  	-0.2636  	-0.0313  	-0.0081  	-0.0581  	0.14467  	-0.2099  	-0.0677  	0.14655  	0.09715  	-0.0229  	-0.2279  	-0.0773  	0.23177  	0.04954  	0.01913  	0.25854  	0.02289  	-0.0273  	-0.0488  	0.11943  	0.08871  	-0.1356  	-0.0678  	-0.0330  	-0.0085  	-0.0040  	-0.0235  	-0.0012  	-0.0156  	0.01687  	0.01682  	-0.0290  	-0.0230  	0.01643  	0.04424  	0.01761  	0.07685  	0.08706  	-0.0664  	-0.0023  	0.02893  	0.42966  	
-0.7986  	-0.0956  	-0.5239  	-0.5299  	-0.1472  	-0.2637  	0.23623  	-0.1507  	0.11200  	0.43818  	-0.1062  	0.73670  	0.13325  	-0.4358  	-1.5054  	0.12278  	0.46090  	0.13659  	0.43914  	0.19427  	-0.2361  	0.51588  	0.33850  	-0.2034  	0.03951  	0.08904  	0.12846  	-0.3680  	-0.2714  	-0.0315  	-0.0073  	-0.0557  	0.14003  	-0.2088  	-0.0641  	0.14454  	0.09987  	-0.0207  	-0.2249  	-0.0839  	0.23588  	0.04853  	0.02098  	0.25952  	0.02292  	-0.0274  	-0.0483  	0.11953  	0.08631  	-0.1348  	-0.0690  	-0.0317  	-0.0083  	-0.0035  	-0.0244  	-0.0021  	-0.0147  	0.01782  	0.01583  	-0.0304  	-0.0230  	0.01580  	0.04505  	0.01903  	0.07823  	0.08466  	-0.0676  	-0.0031  	0.02826  	0.42949  	
-0.7640  	-0.0977  	-0.5166  	-0.5097  	-0.1320  	-0.2695  	0.24295  	-0.1539  	0.11439  	0.44125  	-0.1304  	0.73242  	0.13734  	-0.4244  	-1.4952  	0.11804  	0.46275  	0.13096  	0.44131  	0.18429  	-0.2457  	0.52077  	0.34078  	-0.1963  	0.05683  	0.08507  	0.13685  	-0.3754  	-0.2709  	-0.0226  	-0.0053  	-0.0562  	0.14059  	-0.2114  	-0.0730  	0.14739  	0.09987  	-0.0273  	-0.2278  	-0.0803  	0.23285  	0.05131  	0.02526  	0.26293  	0.02600  	-0.0278  	-0.0471  	0.11833  	0.08751  	-0.1334  	-0.0702  	-0.0299  	-0.0073  	-0.0045  	-0.0250  	-0.0046  	-0.0139  	0.01807  	0.01542  	-0.0321  	-0.0239  	0.01497  	0.04593  	0.01822  	0.07968  	0.08257  	-0.0689  	-0.0038  	0.02859  	0.42064  	
-0.6746  	-0.0561  	-0.4669  	-0.4215  	-0.1230  	-0.1938  	0.23564  	-0.1189  	0.14006  	0.40201  	-0.2458  	0.76088  	0.16565  	-0.3966  	-1.3771  	0.13318  	0.49385  	0.11905  	0.46621  	0.13543  	-0.2481  	0.52752  	0.39171  	-0.1841  	0.07716  	0.07944  	0.22165  	-0.3788  	-0.2417  	0.02009  	-0.0071  	-0.0614  	0.14147  	-0.2209  	-0.0738  	0.12368  	0.09483  	-0.0393  	-0.2398  	-0.0561  	0.22435  	0.05332  	0.04818  	0.27656  	0.03180  	-0.0269  	-0.0458  	0.11726  	0.08827  	-0.1387  	-0.0620  	-0.0296  	-0.0165  	-0.0011  	-0.0299  	-0.0067  	-0.0179  	0.01598  	0.01688  	-0.0257  	-0.0257  	0.01267  	0.04246  	0.01639  	0.08113  	0.08232  	-0.0697  	-0.0042  	0.02865  	0.40797  	
-0.5365  	-0.0076  	-0.4132  	-0.3613  	-0.0957  	-0.0868  	0.21986  	-0.0774  	0.14854  	0.35993  	-0.3502  	0.81590  	0.17592  	-0.3225  	-1.3101  	0.19201  	0.51459  	0.13655  	0.46673  	0.14404  	-0.2454  	0.55692  	0.38949  	-0.2232  	0.07365  	0.07733  	0.16201  	-0.3392  	-0.2032  	0.01965  	0.01043  	-0.0587  	0.13215  	-0.2191  	-0.1139  	0.10243  	0.07076  	-0.0458  	-0.2042  	-0.0642  	0.25351  	0.01731  	0.06926  	0.29270  	0.02138  	-0.0272  	-0.0479  	0.13040  	0.09748  	-0.1478  	-0.0638  	-0.0298  	-0.0164  	-0.0111  	-0.0249  	-0.0034  	-0.0175  	0.01089  	0.01926  	-0.0288  	-0.0243  	0.01354  	0.05047  	0.01973  	0.08154  	0.08234  	-0.0704  	-0.0046  	0.02837  	0.40643  	
-0.4047  	0.02818  	-0.3831  	-0.1553  	-0.0064  	0.00859  	0.19650  	-0.0287  	0.16612  	0.31136  	-0.4150  	0.88682  	0.18807  	-0.2832  	-1.1911  	0.21382  	0.51783  	0.10488  	0.46496  	0.14117  	-0.2261  	0.55797  	0.37619  	-0.2431  	0.06232  	0.07960  	0.14228  	-0.3333  	-0.2196  	0.01917  	0.00670  	-0.0625  	0.15601  	-0.2097  	-0.0713  	0.09217  	0.08194  	-0.0347  	-0.2097  	-0.0672  	0.24131  	0.02064  	0.07172  	0.28487  	0.00918  	-0.0236  	-0.0422  	0.12367  	0.08854  	-0.1423  	-0.0615  	-0.0279  	-0.0194  	-0.0072  	-0.0268  	0.00094  	-0.0199  	0.01289  	0.01453  	-0.0332  	-0.0273  	0.01358  	0.04895  	0.01845  	0.07937  	0.08363  	-0.0709  	-0.0044  	0.02905  	0.39477  	
-0.2523  	0.07705  	-0.2926  	0.03097  	0.10295  	0.08409  	0.20956  	-0.0207  	0.19029  	0.31532  	-0.4410  	0.93172  	0.23677  	-0.1947  	-1.1172  	0.31982  	0.47462  	0.11903  	0.46450  	0.19065  	-0.2308  	0.53580  	0.26814  	-0.2360  	0.11347  	0.06570  	0.16117  	-0.3095  	-0.2131  	0.05039  	-0.0366  	-0.0339  	0.18304  	-0.2074  	-0.0020  	0.08159  	0.07526  	-0.0254  	-0.2217  	-0.0574  	0.22336  	0.02788  	0.06385  	0.25991  	0.02192  	-0.0179  	-0.0443  	0.12492  	0.09881  	-0.1441  	-0.0525  	-0.0300  	-0.0115  	-0.0114  	-0.0275  	0.01118  	-0.0180  	0.01344  	0.01780  	-0.0316  	-0.0222  	0.01007  	0.03961  	0.01607  	0.07680  	0.08324  	-0.0711  	-0.0040  	0.02988  	0.37397  	
-0.3539  	0.03068  	-0.3183  	-0.0902  	0.07207  	-0.0325  	0.19587  	0.01665  	0.14296  	0.28999  	-0.3613  	0.90132  	0.25472  	-0.2621  	-1.1081  	0.19264  	0.55594  	-0.0356  	0.54841  	-0.1153  	-0.1407  	0.27384  	0.02689  	-0.2036  	0.07804  	0.14154  	0.21381  	-0.4707  	-0.1300  	0.00756  	0.08932  	-0.0991  	0.06347  	-0.3752  	-0.0490  	0.06867  	0.02416  	-0.0250  	-0.3492  	-0.1213  	0.29361  	0.16219  	-0.0742  	0.36055  	-0.0303  	-0.0008  	-0.0650  	0.13742  	0.07735  	-0.1529  	-0.0452  	-0.0246  	-0.0143  	0.00866  	-0.0168  	0.00303  	-0.0208  	0.00330  	0.01730  	-0.0236  	-0.0182  	0.00564  	0.03099  	0.01950  	0.07300  	0.08340  	-0.0712  	-0.0041  	0.03022  	0.37170  	
-0.6825  	-0.0855  	-0.4580  	-0.2878  	-0.0690  	-0.2091  	0.16892  	-0.0197  	0.07526  	0.37533  	-0.1757  	0.83846  	0.24149  	-0.5009  	-1.2497  	0.04714  	0.64897  	-0.1425  	0.59498  	-0.2709  	-0.1425  	0.06587  	-0.1938  	-0.2132  	-0.0071  	0.24224  	0.15109  	-0.4663  	-0.0792  	-0.0376  	0.20570  	-0.1342  	-0.0341  	-0.5089  	-0.1573  	0.09955  	-0.1049  	-0.0507  	-0.4249  	-0.2197  	0.33422  	0.28217  	-0.1886  	0.40799  	-0.0707  	0.02134  	-0.0988  	0.14377  	0.05675  	-0.1558  	-0.0452  	-0.0216  	-0.0101  	0.01900  	-0.0149  	-0.0061  	-0.0159  	0.00161  	0.01515  	-0.0152  	-0.0173  	0.00066  	0.01699  	0.02035  	0.06892  	0.08242  	-0.0704  	-0.0041  	0.03038  	0.36823  	
-0.7167  	-0.0676  	-0.4591  	-0.3337  	-0.0839  	-0.2508  	0.16133  	-0.0236  	0.06485  	0.35517  	-0.1123  	0.82205  	0.24140  	-0.5092  	-1.2836  	0.02085  	0.65157  	-0.1795  	0.58685  	-0.3066  	-0.1240  	0.06057  	-0.2113  	-0.2072  	-0.0610  	0.27337  	0.10391  	-0.4796  	-0.0716  	-0.0560  	0.22653  	-0.1518  	-0.0507  	-0.5423  	-0.1928  	0.10028  	-0.1130  	-0.0380  	-0.4551  	-0.2513  	0.35847  	0.31511  	-0.2128  	0.41803  	-0.0893  	0.02030  	-0.0982  	0.15611  	0.05534  	-0.1606  	-0.0461  	-0.0185  	-0.0069  	0.02371  	-0.0138  	-0.0064  	-0.0155  	-0.0042  	0.02142  	-0.0136  	-0.0150  	0.00315  	0.01280  	0.02167  	0.06497  	0.08244  	-0.0694  	-0.0040  	0.03070  	0.36575  	
-0.7359  	-0.0574  	-0.4471  	-0.4007  	-0.1021  	-0.2744  	0.17068  	-0.0531  	0.06862  	0.37078  	-0.1195  	0.79619  	0.23028  	-0.5239  	-1.3433  	0.03317  	0.62831  	-0.1416  	0.57200  	-0.2671  	-0.1393  	0.11281  	-0.1234  	-0.2129  	-0.0498  	0.25921  	0.11816  	-0.4796  	-0.0842  	-0.0533  	0.20091  	-0.1475  	-0.0324  	-0.5121  	-0.1941  	0.10377  	-0.0782  	-0.0352  	-0.4346  	-0.2344  	0.35816  	0.28537  	-0.1814  	0.41198  	-0.0786  	0.01414  	-0.0911  	0.15205  	0.05463  	-0.1591  	-0.0523  	-0.0200  	-0.0030  	0.02256  	-0.0155  	-0.0058  	-0.0177  	-0.0033  	0.02196  	-0.0142  	-0.0142  	0.00569  	0.01338  	0.01977  	0.06324  	0.08100  	-0.0688  	-0.0042  	0.03063  	0.36883  	
-0.7133  	-0.0475  	-0.4335  	-0.3788  	-0.0860  	-0.2169  	0.20793  	-0.0721  	0.10651  	0.37984  	-0.1956  	0.77773  	0.19679  	-0.4556  	-1.3325  	0.09293  	0.56668  	-0.0276  	0.52417  	-0.0855  	-0.1995  	0.29686  	0.09189  	-0.1940  	0.01572  	0.17694  	0.17169  	-0.4204  	-0.1495  	-0.0185  	0.10777  	-0.1115  	0.04369  	-0.3760  	-0.1433  	0.11062  	-0.0074  	-0.0429  	-0.3422  	-0.1554  	0.30477  	0.18083  	-0.0760  	0.35213  	-0.0312  	-0.0033  	-0.0725  	0.13492  	0.07101  	-0.1494  	-0.0589  	-0.0259  	-0.0080  	0.01175  	-0.0209  	-0.0059  	-0.0174  	0.00419  	0.02258  	-0.0184  	-0.0197  	0.00984  	0.02752  	0.01955  	0.06367  	0.08043  	-0.0683  	-0.0043  	0.02926  	0.38406  	
-0.5831  	-0.0238  	-0.4557  	-0.2535  	-0.0361  	-0.0734  	0.22476  	-0.0573  	0.14529  	0.35150  	-0.3021  	0.84072  	0.20127  	-0.3455  	-1.2523  	0.18769  	0.49053  	0.11161  	0.47459  	0.16494  	-0.2764  	0.54571  	0.36758  	-0.2123  	0.08711  	0.07279  	0.16625  	-0.3151  	-0.1899  	0.03512  	-0.0154  	-0.0716  	0.14951  	-0.2196  	-0.0783  	0.13044  	0.08159  	-0.0471  	-0.2138  	-0.0560  	0.23235  	0.04707  	0.04828  	0.28314  	0.01963  	-0.0191  	-0.0446  	0.12288  	0.09895  	-0.1433  	-0.0636  	-0.0301  	-0.0163  	-0.0027  	-0.0283  	-0.0049  	-0.0129  	0.01262  	0.02095  	-0.0280  	-0.0236  	0.01336  	0.03963  	0.01465  	0.06607  	0.08076  	-0.0677  	-0.0047  	0.02787  	0.39575  	
-0.3381  	0.03451  	-0.3716  	-0.0154  	0.06248  	0.05909  	0.21077  	-0.0352  	0.17262  	0.28385  	-0.4724  	0.96886  	0.22519  	-0.2288  	-1.0616  	0.21078  	0.50302  	0.11019  	0.45837  	0.14612  	-0.2540  	0.56566  	0.33764  	-0.2241  	0.06083  	0.07918  	0.13248  	-0.2863  	-0.1980  	0.03897  	-0.0016  	-0.0642  	0.16411  	-0.1964  	-0.0306  	0.09613  	0.05796  	-0.0462  	-0.2089  	-0.0535  	0.22862  	0.02216  	0.05419  	0.28028  	0.00940  	-0.0230  	-0.0434  	0.12128  	0.09300  	-0.1479  	-0.0598  	-0.0306  	-0.0175  	-0.0106  	-0.0276  	0.00227  	-0.0167  	0.01381  	0.01871  	-0.0320  	-0.0270  	0.01572  	0.04480  	0.01753  	0.06913  	0.08383  	-0.0675  	-0.0045  	0.02707  	0.38910  	
-0.2739  	0.05999  	-0.3306  	0.05836  	0.09922  	0.11514  	0.19096  	-0.0073  	0.18327  	0.26936  	-0.4638  	0.96655  	0.23686  	-0.1896  	-1.0012  	0.24143  	0.50982  	0.09352  	0.45213  	0.18229  	-0.2134  	0.54314  	0.30757  	-0.2333  	0.06831  	0.07183  	0.14104  	-0.2920  	-0.2274  	0.02572  	-0.0130  	-0.0494  	0.18162  	-0.1923  	-0.0001  	0.07132  	0.07663  	-0.0312  	-0.2195  	-0.0641  	0.21989  	0.02106  	0.05330  	0.27294  	0.01405  	-0.0225  	-0.0406  	0.12362  	0.09328  	-0.1358  	-0.0617  	-0.0293  	-0.0163  	-0.0092  	-0.0278  	0.00467  	-0.0224  	0.01288  	0.01730  	-0.0339  	-0.0251  	0.01342  	0.04224  	0.01558  	0.07318  	0.08645  	-0.0673  	-0.0045  	0.02688  	0.36971  	
-0.2493  	0.05074  	-0.2948  	0.09412  	0.10411  	0.14452  	0.18391  	-0.0077  	0.20476  	0.23469  	-0.4428  	0.92399  	0.22968  	-0.2084  	-1.0080  	0.27659  	0.51255  	0.08170  	0.44569  	0.19413  	-0.1643  	0.53595  	0.26924  	-0.2029  	0.08295  	0.05869  	0.18757  	-0.3283  	-0.2692  	0.03345  	-0.0338  	-0.0225  	0.17685  	-0.1935  	0.03319  	0.06458  	0.11262  	-0.0206  	-0.2509  	-0.0704  	0.20392  	0.02729  	0.05172  	0.26104  	0.01959  	-0.0265  	-0.0411  	0.11376  	0.09580  	-0.1365  	-0.0548  	-0.0278  	-0.0135  	-0.0066  	-0.0296  	0.01377  	-0.0223  	0.01043  	0.01692  	-0.0278  	-0.0261  	0.01004  	0.03688  	0.01738  	0.07726  	0.09041  	-0.0674  	-0.0042  	0.02635  	0.36509  	
-0.2941  	0.01587  	-0.3451  	0.02025  	0.10727  	0.10862  	0.19273  	-0.0475  	0.18677  	0.27900  	-0.4105  	0.90978  	0.22201  	-0.2358  	-1.0984  	0.27378  	0.48532  	0.10901  	0.45534  	0.21141  	-0.2228  	0.52133  	0.24696  	-0.1995  	0.11630  	0.05705  	0.15683  	-0.2842  	-0.2365  	0.03767  	-0.0344  	-0.0338  	0.17532  	-0.2044  	0.01524  	0.09828  	0.08169  	-0.0394  	-0.2349  	-0.0524  	0.20644  	0.03134  	0.04749  	0.27195  	0.02106  	-0.0258  	-0.0433  	0.11220  	0.09226  	-0.1366  	-0.0492  	-0.0304  	-0.0170  	-0.0069  	-0.0252  	0.01267  	-0.0131  	0.01211  	0.01648  	-0.0316  	-0.0287  	0.00597  	0.03978  	0.01913  	0.07164  	0.09404  	-0.0693  	-0.0048  	0.02766  	0.37451  	
-0.3650  	-0.0099  	-0.3791  	0.09150  	0.16600  	0.04459  	0.20901  	-0.0511  	0.16055  	0.29064  	-0.3770  	0.93799  	0.17388  	-0.2684  	-1.0661  	0.29034  	0.47311  	0.14563  	0.44272  	0.23737  	-0.2337  	0.52195  	0.22805  	-0.1722  	0.09351  	0.05428  	0.15024  	-0.2573  	-0.2059  	0.04111  	-0.0390  	-0.0341  	0.16362  	-0.2088  	0.02431  	0.10696  	0.06291  	-0.0518  	-0.2170  	-0.0362  	0.17848  	0.03824  	0.03418  	0.27436  	0.02363  	-0.0255  	-0.0443  	0.12322  	0.08889  	-0.1449  	-0.0517  	-0.0301  	-0.0144  	-0.0027  	-0.0266  	0.00315  	-0.0138  	0.01849  	0.01851  	-0.0255  	-0.0367  	0.00395  	0.04369  	0.01405  	0.06959  	0.09614  	-0.0681  	-0.0040  	0.02872  	0.37908  	
-0.2280  	0.03218  	-0.3517  	0.27027  	0.27945  	0.12945  	0.21877  	0.00317  	0.17915  	0.24210  	-0.5274  	1.00788  	0.26007  	-0.1325  	-0.9049  	0.29969  	0.47652  	0.11875  	0.41289  	0.22357  	-0.2537  	0.51858  	0.23831  	-0.1959  	0.09257  	0.05085  	0.17926  	-0.2266  	-0.1698  	0.05980  	-0.0579  	-0.0401  	0.16885  	-0.2009  	0.05628  	0.07501  	0.03353  	-0.0489  	-0.2053  	-0.0274  	0.15155  	0.04675  	0.03390  	0.25822  	0.02806  	-0.0201  	-0.0503  	0.13171  	0.09519  	-0.1470  	-0.0524  	-0.0305  	-0.0164  	-0.0108  	-0.0284  	0.00409  	-0.0171  	0.01850  	0.01996  	-0.0276  	-0.0324  	0.01128  	0.03848  	0.01511  	0.07142  	0.09469  	-0.0664  	-0.0027  	0.02868  	0.39054  	
-0.1172  	0.07325  	-0.3015  	0.28748  	0.25810  	0.17573  	0.23252  	0.08097  	0.18790  	0.19718  	-0.5540  	0.98311  	0.28124  	-0.0516  	-0.8211  	0.30236  	0.49224  	0.08954  	0.41587  	0.19711  	-0.1676  	0.53767  	0.22273  	-0.2057  	0.12880  	0.04445  	0.24293  	-0.2972  	-0.2362  	0.08459  	-0.0461  	-0.0274  	0.18444  	-0.2017  	0.05983  	0.05255  	0.07774  	-0.0256  	-0.2121  	-0.0449  	0.11946  	0.04955  	0.03747  	0.27185  	0.02380  	-0.0303  	-0.0470  	0.13353  	0.10102  	-0.1496  	-0.0608  	-0.0325  	-0.0210  	-0.0104  	-0.0308  	0.01084  	-0.0119  	0.01530  	0.01122  	-0.0357  	-0.0314  	0.01112  	0.04292  	0.01676  	0.07706  	0.09273  	-0.0638  	-0.0010  	0.02767  	0.41431  	
-0.1574  	0.06630  	-0.3454  	0.19588  	0.21176  	0.07220  	0.23581  	0.07828  	0.20320  	0.22810  	-0.4683  	1.00170  	0.27197  	-0.0638  	-0.8815  	0.29730  	0.47124  	0.10510  	0.41012  	0.23161  	-0.1251  	0.53303  	0.20749  	-0.2117  	0.13733  	0.04584  	0.24950  	-0.3105  	-0.2522  	0.05535  	-0.0503  	-0.0404  	0.18704  	-0.1996  	0.09241  	0.05217  	0.10019  	-0.0330  	-0.2044  	-0.0457  	0.10339  	0.06486  	0.00966  	0.26915  	0.02264  	-0.0322  	-0.0464  	0.13091  	0.09653  	-0.1441  	-0.0537  	-0.0315  	-0.0116  	-0.0031  	-0.0268  	0.01795  	-0.0114  	0.01366  	0.01561  	-0.0300  	-0.0303  	0.01669  	0.03995  	0.01697  	0.08501  	0.08947  	-0.0604  	0.00131  	0.02574  	0.43451  	
-0.1168  	0.05467  	-0.3821  	0.35631  	0.26274  	0.16625  	0.26592  	0.09931  	0.19534  	0.19294  	-0.5872  	0.94865  	0.35964  	0.05401  	-0.7368  	0.27982  	0.47891  	0.09387  	0.42882  	0.18741  	-0.1633  	0.57436  	0.19037  	-0.1736  	0.22650  	0.01929  	0.31695  	-0.2993  	-0.1839  	0.12823  	-0.0726  	-0.0369  	0.16616  	-0.2132  	0.06278  	0.03540  	0.08138  	-0.0610  	-0.1927  	-0.0379  	0.07584  	0.06827  	0.00086  	0.25252  	0.03763  	-0.0277  	-0.0551  	0.12146  	0.10513  	-0.1475  	-0.0529  	-0.0299  	-0.0242  	-0.0130  	-0.0232  	0.01471  	-0.0144  	0.01570  	0.01590  	-0.0382  	-0.0297  	0.01358  	0.03408  	0.01791  	0.09384  	0.08693  	-0.0556  	0.00401  	0.02370  	0.46325  	
-0.0964  	0.07819  	-0.3808  	0.56596  	0.34344  	0.30908  	0.23496  	0.09452  	0.15439  	0.19583  	-0.6712  	0.98132  	0.38232  	0.11854  	-0.6238  	0.25481  	0.48586  	0.04102  	0.44524  	0.13955  	-0.2217  	0.64697  	0.19446  	-0.1767  	0.24632  	0.04345  	0.31775  	-0.3386  	-0.1899  	0.16104  	-0.0654  	-0.0446  	0.15010  	-0.2068  	0.08010  	0.03370  	0.06309  	-0.0592  	-0.1927  	-0.0475  	0.09046  	0.06243  	0.02340  	0.23974  	0.03165  	-0.0192  	-0.0609  	0.11889  	0.10630  	-0.1484  	-0.0609  	-0.0315  	-0.0189  	-0.0204  	-0.0301  	0.00832  	-0.0196  	0.01383  	0.01367  	-0.0315  	-0.0302  	0.01113  	0.04483  	0.01035  	0.10421  	0.08331  	-0.0501  	0.00665  	0.02078  	0.50215  	
-0.2393  	0.02976  	-0.3623  	0.27457  	0.25235  	0.10220  	0.24226  	-0.0252  	0.15113  	0.27297  	-0.5813  	0.97354  	0.28935  	-0.0939  	-0.8873  	0.28744  	0.50595  	0.08028  	0.46613  	0.07958  	-0.2076  	0.56530  	0.26194  	-0.1435  	0.14659  	0.02802  	0.29970  	-0.3567  	-0.2454  	0.08219  	-0.0537  	-0.0437  	0.16029  	-0.2176  	0.05638  	0.05762  	0.12427  	-0.0478  	-0.2327  	-0.0222  	0.12545  	0.05596  	0.01379  	0.26638  	0.02021  	-0.0173  	-0.0568  	0.12340  	0.09757  	-0.1525  	-0.0624  	-0.0312  	-0.0180  	-0.0104  	-0.0291  	0.00752  	-0.0088  	0.01362  	0.02462  	-0.0241  	-0.0290  	0.01584  	0.04028  	0.01939  	0.11641  	0.07951  	-0.0432  	0.00925  	0.01647  	0.54118  	
-0.4116  	-0.0321  	-0.3455  	-0.2042  	0.00060  	0.07324  	0.22912  	-0.0751  	0.16797  	0.28585  	-0.3780  	0.80779  	0.17249  	-0.3806  	-1.1672  	0.26286  	0.47974  	0.13943  	0.47019  	0.16503  	-0.2136  	0.52846  	0.34297  	-0.1573  	0.10915  	0.05570  	0.21280  	-0.3540  	-0.2589  	0.02424  	-0.0300  	-0.0345  	0.13646  	-0.2154  	-0.0272  	0.09579  	0.11183  	-0.0289  	-0.2506  	-0.0302  	0.20845  	0.03752  	0.03753  	0.26802  	0.02088  	-0.0210  	-0.0489  	0.11095  	0.09116  	-0.1430  	-0.0534  	-0.0268  	-0.0158  	-0.0112  	-0.0295  	0.00536  	-0.0114  	0.01200  	0.02105  	-0.0283  	-0.0281  	0.00536  	0.04392  	0.01780  	0.12856  	0.07690  	-0.0343  	0.01121  	0.01214  	0.57149  	
-0.4048  	-0.0540  	-0.3718  	-0.1110  	-0.0494  	0.07989  	0.24318  	-0.0842  	0.14447  	0.26103  	-0.3717  	0.79654  	0.15879  	-0.3477  	-1.0858  	0.20414  	0.50362  	0.09542  	0.44945  	0.13921  	-0.1989  	0.57714  	0.39997  	-0.1790  	0.08520  	0.06494  	0.20995  	-0.4367  	-0.2803  	0.02820  	-0.0091  	-0.0227  	0.12796  	-0.2210  	-0.0326  	0.09707  	0.15075  	-0.0085  	-0.2457  	-0.0579  	0.23487  	0.03719  	0.03665  	0.28339  	0.02713  	-0.0178  	-0.0427  	0.10343  	0.08022  	-0.1420  	-0.0685  	-0.0252  	-0.0137  	-0.0059  	-0.0251  	-0.0036  	-0.0182  	0.02116  	0.01475  	-0.0322  	-0.0281  	0.01016  	0.04786  	0.01687  	0.13946  	0.07597  	-0.0224  	0.01290  	0.00845  	0.58488  	
-0.1839  	0.08664  	-0.2705  	0.05185  	0.02203  	0.12824  	0.22503  	0.01599  	0.17983  	0.25222  	-0.4364  	0.88675  	0.24383  	-0.1541  	-0.9686  	0.23501  	0.51117  	0.07685  	0.44695  	0.12136  	-0.1277  	0.55162  	0.34074  	-0.1992  	0.06409  	0.06043  	0.23609  	-0.4263  	-0.3073  	0.01782  	-0.0163  	-0.0225  	0.18297  	-0.2129  	0.03470  	0.02653  	0.16871  	0.00845  	-0.2632  	-0.0776  	0.19561  	0.02884  	0.05752  	0.28296  	0.02193  	-0.0229  	-0.0413  	0.11867  	0.09150  	-0.1459  	-0.0662  	-0.0247  	-0.0131  	-0.0047  	-0.0247  	0.00329  	-0.0253  	0.01596  	0.01476  	-0.0317  	-0.0229  	0.01971  	0.04260  	0.01522  	0.14789  	0.07621  	-0.0096  	0.01367  	0.00548  	0.58493  	
0.03147  	0.13421  	-0.1085  	0.14350  	0.04576  	0.27555  	0.23917  	0.12440  	0.22840  	0.22273  	-0.3698  	0.87542  	0.25088  	-0.0564  	-0.8846  	0.35353  	0.47801  	0.01660  	0.44257  	0.08031  	0.07640  	0.56537  	0.37077  	-0.0935  	0.09640  	0.00534  	0.34817  	-0.6102  	-0.4506  	0.01525  	-0.0479  	0.01465  	0.18135  	-0.2260  	0.14143  	0.00974  	0.29445  	0.04234  	-0.3063  	-0.1095  	0.15551  	0.04169  	0.04010  	0.27394  	0.02261  	-0.0198  	-0.0479  	0.12715  	0.09918  	-0.1391  	-0.0609  	-0.0310  	-0.0074  	-0.0069  	-0.0269  	0.01867  	-0.0224  	0.01448  	0.01034  	-0.0280  	-0.0217  	0.01545  	0.04966  	0.01638  	0.15317  	0.07834  	0.00345  	0.01407  	0.00352  	0.58774  	
-0.2353  	0.00366  	-0.3078  	-0.0341  	0.03728  	0.07144  	0.24347  	-0.0494  	0.17052  	0.34556  	-0.3304  	0.86063  	0.24828  	-0.2630  	-1.2389  	0.34912  	0.45883  	0.17005  	0.43614  	0.22751  	-0.2642  	0.51145  	0.19820  	-0.2049  	0.11194  	0.04228  	0.14569  	-0.2856  	-0.2349  	0.01103  	-0.0306  	-0.0299  	0.18569  	-0.2186  	0.01966  	0.15036  	0.07769  	-0.0413  	-0.2257  	-0.0427  	0.20035  	0.04683  	0.04810  	0.26720  	0.02359  	-0.0257  	-0.0377  	0.12782  	0.10210  	-0.1487  	-0.0443  	-0.0288  	-0.0152  	-0.0081  	-0.0230  	0.00077  	-0.0115  	0.01525  	0.01351  	-0.0261  	-0.0332  	0.00664  	0.04739  	0.02049  	0.15105  	0.07922  	0.01485  	0.01372  	0.00246  	0.58739  	
-0.4962  	-0.0971  	-0.4565  	-0.1984  	-0.1051  	-0.0826  	0.26857  	-0.1444  	0.12296  	0.39701  	-0.2573  	0.79739  	0.20125  	-0.3833  	-1.3884  	0.24954  	0.46429  	0.17678  	0.41344  	0.26160  	-0.3904  	0.51109  	0.22052  	-0.2247  	0.10340  	0.07646  	0.07044  	-0.1948  	-0.1584  	0.00571  	0.00533  	-0.0453  	0.13781  	-0.2102  	-0.0709  	0.20490  	0.01041  	-0.0582  	-0.2018  	-0.0440  	0.24748  	0.03754  	0.06709  	0.27041  	0.03315  	-0.0229  	-0.0441  	0.12913  	0.10435  	-0.1394  	-0.0489  	-0.0275  	-0.0086  	-0.0081  	-0.0219  	0.00236  	-0.0135  	0.01641  	0.02278  	-0.0254  	-0.0305  	0.01236  	0.05025  	0.02219  	0.15400  	0.07735  	0.02751  	0.01445  	0.00071  	0.59246  	
-0.6818  	-0.1128  	-0.4888  	-0.3335  	-0.0981  	-0.1798  	0.27881  	-0.1469  	0.10933  	0.44421  	-0.2000  	0.76623  	0.16023  	-0.3919  	-1.4147  	0.22505  	0.44465  	0.16407  	0.43507  	0.22457  	-0.3541  	0.50619  	0.24783  	-0.2121  	0.09313  	0.05333  	0.12741  	-0.2639  	-0.2026  	0.00903  	0.01296  	-0.0476  	0.15554  	-0.2040  	-0.0539  	0.19236  	0.01458  	-0.0611  	-0.2190  	-0.0738  	0.22905  	0.04620  	0.03654  	0.27675  	0.02731  	-0.0308  	-0.0492  	0.11151  	0.09932  	-0.1362  	-0.0435  	-0.0273  	-0.0183  	-0.0172  	-0.0195  	-0.0027  	-0.0107  	0.02519  	0.01708  	-0.0347  	-0.0265  	0.01641  	0.05775  	0.02210  	0.15558  	0.07325  	0.03620  	0.01475  	-0.0008  	0.60317  	
-0.9094  	-0.1393  	-0.5757  	-0.5449  	-0.1418  	-0.3621  	0.21871  	-0.1900  	0.06895  	0.47392  	-0.1060  	0.73821  	0.14863  	-0.4118  	-1.4682  	0.13870  	0.45369  	0.15381  	0.43438  	0.19074  	-0.2883  	0.55486  	0.34159  	-0.1804  	0.04972  	0.09500  	0.10565  	-0.3299  	-0.2408  	-0.0280  	0.03312  	-0.0564  	0.15691  	-0.2118  	-0.0678  	0.17176  	0.03372  	-0.0380  	-0.2403  	-0.0703  	0.22757  	0.05388  	0.02015  	0.24527  	0.01942  	-0.0282  	-0.0419  	0.11241  	0.09173  	-0.1437  	-0.0685  	-0.0314  	-0.0074  	-0.0109  	-0.0263  	-0.0113  	-0.0181  	0.01758  	0.02000  	-0.0226  	-0.0244  	0.01942  	0.04467  	0.01626  	0.15758  	0.06867  	0.04189  	0.01537  	-0.0015  	0.60263  	
-0.9158  	-0.1350  	-0.5809  	-0.5872  	-0.1724  	-0.3364  	0.21842  	-0.1842  	0.08378  	0.43416  	-0.0750  	0.70915  	0.12849  	-0.4472  	-1.4836  	0.15359  	0.48765  	0.15498  	0.43296  	0.19605  	-0.2399  	0.51756  	0.35040  	-0.1971  	0.01904  	0.09554  	0.11982  	-0.3386  	-0.2772  	-0.0248  	0.01989  	-0.0455  	0.14983  	-0.2102  	-0.0766  	0.14754  	0.08652  	-0.0309  	-0.2465  	-0.0930  	0.22523  	0.03432  	0.02543  	0.24205  	0.02299  	-0.0234  	-0.0483  	0.10833  	0.09025  	-0.1381  	-0.0650  	-0.0344  	-0.0151  	-0.0062  	-0.0250  	-0.0066  	-0.0161  	0.02174  	0.01839  	-0.0236  	-0.0246  	0.02408  	0.04777  	0.01905  	0.15797  	0.06284  	0.04424  	0.01576  	-0.0018  	0.61048  	
-0.9265  	-0.1102  	-0.5646  	-0.6451  	-0.1867  	-0.3376  	0.22249  	-0.1655  	0.10515  	0.45817  	-0.0488  	0.70405  	0.12169  	-0.4648  	-1.5626  	0.14907  	0.47075  	0.15499  	0.44041  	0.19864  	-0.2243  	0.49538  	0.35336  	-0.2143  	-0.0088  	0.10792  	0.11410  	-0.3786  	-0.2851  	-0.0567  	0.02344  	-0.0553  	0.14982  	-0.2048  	-0.0680  	0.13652  	0.10864  	-0.0174  	-0.2307  	-0.0916  	0.24837  	0.04286  	0.02573  	0.24725  	0.01174  	-0.0281  	-0.0508  	0.11904  	0.08959  	-0.1376  	-0.0709  	-0.0354  	-0.0148  	-0.0012  	-0.0228  	0.00057  	-0.0173  	0.02048  	0.01602  	-0.0268  	-0.0248  	0.02267  	0.04856  	0.01529  	0.15596  	0.05706  	0.04512  	0.01614  	-0.0004  	0.60724  	
-0.9167  	-0.1179  	-0.5648  	-0.6175  	-0.1693  	-0.3383  	0.22470  	-0.1683  	0.11197  	0.46615  	-0.0612  	0.71851  	0.11829  	-0.4716  	-1.5703  	0.14565  	0.46646  	0.15466  	0.43827  	0.20349  	-0.2331  	0.48978  	0.34050  	-0.2210  	-0.0024  	0.10812  	0.10416  	-0.3688  	-0.2779  	-0.0559  	0.01766  	-0.0549  	0.15110  	-0.2048  	-0.0648  	0.13820  	0.09851  	-0.0212  	-0.2273  	-0.0860  	0.24471  	0.04487  	0.02388  	0.25252  	0.01474  	-0.0294  	-0.0497  	0.12073  	0.08869  	-0.1359  	-0.0694  	-0.0362  	-0.0131  	-0.0009  	-0.0220  	0.00221  	-0.0184  	0.01950  	0.01591  	-0.0255  	-0.0236  	0.02147  	0.04689  	0.01580  	0.15323  	0.05107  	0.04282  	0.01648  	0.00147  	0.60700  	
-0.8849  	-0.1225  	-0.5646  	-0.5803  	-0.1591  	-0.3223  	0.23134  	-0.1784  	0.11096  	0.45117  	-0.0698  	0.71373  	0.12251  	-0.4797  	-1.5519  	0.14027  	0.46480  	0.14897  	0.43521  	0.20290  	-0.2254  	0.49445  	0.34481  	-0.2177  	0.00146  	0.10598  	0.11018  	-0.3630  	-0.2830  	-0.0527  	0.00758  	-0.0489  	0.14744  	-0.2059  	-0.0650  	0.13445  	0.09620  	-0.0171  	-0.2342  	-0.0884  	0.24318  	0.04365  	0.02299  	0.25583  	0.01789  	-0.0294  	-0.0494  	0.12044  	0.08832  	-0.1366  	-0.0678  	-0.0357  	-0.0108  	-0.0019  	-0.0234  	-0.0001  	-0.0171  	0.01915  	0.01732  	-0.0266  	-0.0241  	0.01879  	0.04686  	0.01866  	0.15047  	0.04517  	0.03899  	0.01719  	0.00406  	0.58997  	
-0.8916  	-0.1136  	-0.5646  	-0.5811  	-0.1659  	-0.3183  	0.22818  	-0.1748  	0.10413  	0.45407  	-0.0749  	0.71301  	0.12632  	-0.4607  	-1.5387  	0.12900  	0.47125  	0.14833  	0.43305  	0.19973  	-0.2314  	0.51373  	0.34858  	-0.2120  	0.01302  	0.10468  	0.11420  	-0.3726  	-0.2842  	-0.0529  	0.01188  	-0.0552  	0.14875  	-0.2094  	-0.0769  	0.13715  	0.09226  	-0.0202  	-0.2320  	-0.0907  	0.24207  	0.04639  	0.02446  	0.25290  	0.01777  	-0.0269  	-0.0483  	0.11986  	0.08604  	-0.1368  	-0.0698  	-0.0334  	-0.0095  	-0.0034  	-0.0244  	-0.0022  	-0.0165  	0.02018  	0.01730  	-0.0285  	-0.0229  	0.01868  	0.04566  	0.01724  	0.14708  	0.04123  	0.03570  	0.01767  	0.00720  	0.56321  	
-0.8907  	-0.1098  	-0.5652  	-0.5727  	-0.1619  	-0.3143  	0.22583  	-0.1628  	0.10578  	0.44238  	-0.0747  	0.71659  	0.12950  	-0.4598  	-1.5220  	0.12497  	0.47796  	0.14209  	0.43618  	0.20852  	-0.2222  	0.50681  	0.33952  	-0.2051  	0.01551  	0.10270  	0.12087  	-0.3718  	-0.2813  	-0.0473  	0.01158  	-0.0586  	0.14390  	-0.2078  	-0.0662  	0.13207  	0.09606  	-0.0238  	-0.2342  	-0.0892  	0.23250  	0.04682  	0.01773  	0.25044  	0.01776  	-0.0260  	-0.0490  	0.12022  	0.08631  	-0.1372  	-0.0677  	-0.0335  	-0.0114  	-0.0035  	-0.0241  	-0.0011  	-0.0145  	0.01986  	0.01745  	-0.0276  	-0.0232  	0.01799  	0.04637  	0.01663  	0.14201  	0.03994  	0.03480  	0.01785  	0.01037  	0.54729  	
-0.8951  	-0.1087  	-0.5787  	-0.5800  	-0.1770  	-0.3187  	0.21632  	-0.1587  	0.09844  	0.43892  	-0.0599  	0.72564  	0.12166  	-0.4686  	-1.5189  	0.13030  	0.48075  	0.14530  	0.44266  	0.20787  	-0.2101  	0.50309  	0.34566  	-0.2084  	-3.4712  	0.10135  	0.13261  	-0.3668  	-0.2748  	-0.0377  	0.00754  	-0.0547  	0.14379  	-0.2101  	-0.0619  	0.13371  	0.09986  	-0.0210  	-0.2351  	-0.0875  	0.23053  	0.04563  	0.01681  	0.24739  	0.02165  	-0.0259  	-0.0506  	0.11291  	0.08973  	-0.1383  	-0.0660  	-0.0361  	-0.0127  	-0.0036  	-0.0233  	-0.0004  	-0.0171  	0.01908  	0.01989  	-0.0248  	-0.0236  	0.01874  	0.04631  	0.01764  	0.13418  	0.04284  	0.03493  	0.01740  	0.01339  	0.52322  	
-0.8723  	-0.1062  	-0.5662  	-0.5545  	-0.1565  	-0.3089  	0.23085  	-0.1568  	0.10594  	0.43642  	-0.0706  	0.72261  	0.12275  	-0.4617  	-1.5108  	0.13450  	0.47313  	0.14308  	0.43868  	0.21111  	-0.2141  	0.50511  	0.33620  	-0.2006  	0.00674  	0.10064  	0.12276  	-0.3618  	-0.2732  	-0.0396  	0.00171  	-0.0533  	0.14334  	-0.2076  	-0.0510  	0.13360  	0.10300  	-0.0231  	-0.2362  	-0.0848  	0.22902  	0.04593  	0.01584  	0.25183  	0.01979  	-0.0253  	-0.0500  	0.11749  	0.08823  	-0.1374  	-0.0648  	-0.0343  	-0.0115  	-0.0031  	-0.0233  	8.48546  	-0.0158  	0.01905  	0.01873  	-0.0255  	-0.0245  	0.01828  	0.04508  	0.01770  	0.12573  	0.04859  	0.03707  	0.01703  	0.01555  	0.51140  	
-0.8682  	-0.1170  	-0.5612  	-0.5606  	-0.1683  	-0.2998  	0.22802  	-0.1664  	0.10527  	0.44894  	-0.0907  	0.71167  	0.11665  	-0.4762  	-1.5378  	0.13846  	0.46760  	0.15444  	0.44001  	0.21478  	-0.2368  	0.49770  	0.34174  	-0.2198  	0.00943  	0.10664  	0.11085  	-0.3523  	-0.2750  	-0.0486  	0.01291  	-0.0483  	0.14295  	-0.2080  	-0.0603  	0.13622  	0.08610  	-0.0203  	-0.2260  	-0.0878  	0.24206  	0.04121  	0.02724  	0.26237  	0.01858  	-0.0268  	-0.0491  	0.12286  	0.08394  	-0.1343  	-0.0673  	-0.0336  	-0.0114  	-0.0012  	-0.0229  	0.00013  	-0.0153  	0.02016  	0.01464  	-0.0260  	-0.0244  	0.01622  	0.04446  	0.01753  	0.11665  	0.05065  	0.04105  	0.01567  	0.01677  	0.51274  	
-0.8794  	-0.1277  	-0.5748  	-0.5575  	-0.1681  	-0.3000  	0.22463  	-0.1755  	0.09931  	0.44664  	-0.0868  	0.72374  	0.11952  	-0.4659  	-1.5290  	0.12621  	0.47133  	0.16135  	0.43782  	0.21202  	-0.2498  	0.49939  	0.33692  	-0.2103  	0.01469  	0.10621  	0.10752  	-0.3494  	-0.2765  	-0.0468  	0.01694  	-0.0531  	0.14503  	-0.2090  	-0.0653  	0.13550  	0.07528  	-0.0267  	-0.2305  	-0.0854  	0.23501  	0.04340  	0.02907  	0.25932  	0.02175  	-0.0269  	-0.0490  	0.12227  	0.08456  	-0.1331  	-0.0655  	-0.0345  	-0.0118  	-0.0030  	-0.0233  	0.00044  	-0.0146  	0.01985  	0.01572  	-0.0257  	-0.0233  	0.01585  	0.04489  	0.01588  	0.10617  	0.05309  	0.04651  	0.01383  	0.01741  	0.52259  	
-0.8906  	-0.1172  	-0.5767  	-0.5721  	-0.1659  	-0.3054  	0.22467  	-0.1556  	0.09730  	0.43803  	-0.0681  	0.72205  	0.12125  	-0.4512  	-1.5147  	0.12445  	0.47528  	0.14956  	0.43916  	0.20232  	-0.2279  	0.50401  	0.33263  	-0.1934  	0.00405  	0.10014  	0.12736  	-0.3617  	-0.2759  	-0.0389  	0.00525  	-0.0557  	0.14190  	-0.2083  	-0.0595  	0.12579  	0.09219  	-0.0274  	-0.2416  	-0.0854  	0.22516  	0.04511  	0.01595  	0.24830  	0.02344  	-0.0266  	-0.0513  	0.11526  	0.08837  	-0.1357  	-0.0638  	-0.0357  	-0.0122  	-0.0048  	-0.0246  	0.00026  	-0.0162  	0.01793  	0.01971  	-0.0250  	-0.0231  	0.01916  	0.04575  	0.01624  	0.09430  	0.05590  	0.05344  	0.01152  	0.01747  	0.54096  	
-0.9158  	-0.1177  	-0.5824  	-0.6144  	-0.1827  	-0.3225  	0.22077  	-0.1608  	0.09305  	0.43335  	-0.0493  	0.70460  	0.11496  	-0.4711  	-1.5290  	0.13475  	0.47767  	0.15095  	0.44237  	0.19554  	-0.2191  	0.50253  	0.34358  	-0.2024  	-0.0097  	0.09978  	0.13521  	-0.3640  	-0.2820  	-0.0387  	0.00595  	-0.0537  	0.14275  	-0.2103  	-0.0577  	0.12782  	0.10764  	-0.0263  	-0.2465  	-0.0915  	0.22491  	0.04537  	0.01437  	0.24592  	0.02198  	-0.0255  	-0.0517  	0.10937  	0.09114  	-0.1377  	-0.0643  	-0.0378  	-0.0153  	-0.0044  	-0.0250  	0.00080  	-0.0176  	0.01913  	0.02057  	-0.0249  	-0.0230  	0.02025  	0.04757  	0.01725  	0.08103  	0.05909  	0.06184  	0.00872  	0.01697  	0.56784  	
-0.9250  	-0.1204  	-0.5874  	-0.6172  	-0.1842  	-0.3350  	0.22155  	-0.1662  	0.10286  	0.43989  	-0.0443  	0.70940  	0.11601  	-0.4829  	-1.5496  	0.14675  	0.47720  	0.15488  	0.43764  	0.20324  	-0.2214  	0.50052  	0.35275  	-0.2116  	-0.0151  	0.10202  	0.12078  	-0.3597  	-0.2786  	-0.0456  	0.00916  	-0.0517  	0.14783  	-0.2110  	-0.0626  	0.13136  	0.10529  	-0.0252  	-0.2396  	-0.0922  	0.23070  	0.04711  	0.02274  	0.24421  	0.01854  	-0.0266  	-0.0491  	0.11250  	0.09095  	-0.1388  	-0.0652  	-0.0376  	-0.0166  	-0.0024  	-0.0240  	0.00084  	-0.0173  	0.02044  	0.01908  	-0.0257  	-0.0238  	0.02078  	0.04763  	0.01851  	0.06636  	0.06265  	0.07171  	0.00545  	0.01590  	0.60323  	
-0.8983  	-0.1314  	-0.5961  	-0.5714  	-0.1722  	-0.3172  	0.22549  	-0.1690  	0.11286  	0.44190  	-0.0594  	0.73332  	0.11892  	-0.5024  	-1.5507  	0.15657  	0.47228  	0.16392  	0.43433  	0.22434  	-0.2289  	0.48798  	0.34820  	-0.2230  	-0.0209  	0.10360  	0.10585  	-0.3331  	-0.2777  	-0.0471  	0.00480  	-0.0473  	0.14701  	-0.2083  	-0.0558  	0.12924  	0.09220  	-0.0226  	-0.2320  	-0.0878  	0.22768  	0.04662  	0.02364  	0.25027  	0.01801  	-0.0273  	-0.0484  	0.11733  	0.08899  	-0.1357  	-0.0630  	-0.0373  	-0.0156  	-0.0008  	-0.0233  	0.00234  	-0.0167  	0.01955  	0.01698  	-0.0274  	-0.0246  	0.01884  	0.04702  	0.01976  	0.05029  	0.06658  	0.08305  	0.00170  	0.01425  	0.64715  	
