0.24063  	0.12199  	-0.1498  	0.03232  	0.08755  	0.05888  	0.30596  	0.29874  	0.24821  	0.14782  	-0.3160  	0.81020  	0.18101  	0.20953  	-0.6618  	0.22735  	0.37382  	0.06572  	0.45283  	0.07337  	0.14762  	0.50173  	0.23065  	-0.0525  	0.22644  	0.08304  	0.41415  	-0.4668  	-0.3398  	0.00581  	-0.0144  	0.08687  	0.15140  	-0.1476  	0.11734  	-0.0812  	0.18496  	0.01650  	-0.1422  	-0.1199  	0.07643  	0.06021  	0.01872  	0.28684  	0.07348  	-0.0477  	-0.0380  	0.09365  	0.07807  	-0.1521  	-0.0858  	-0.0207  	-0.0099  	0.00213  	-0.0169  	0.01492  	-0.0382  	0.00193  	0.01309  	-0.0159  	-0.0129  	0.01978  	0.03547  	0.01514  	0.08188  	0.07927  	-0.0295  	-0.0048  	0.03733  	0.58963  	1.08884  	126.320  	105.636  	
0.27064  	0.15586  	-0.1809  	0.06893  	0.12385  	0.09884  	0.28529  	0.30233  	0.25428  	0.11970  	-0.2985  	0.88648  	0.16425  	0.19651  	-0.6363  	0.26303  	0.37038  	0.06486  	0.45488  	0.04598  	0.13849  	0.49538  	0.24113  	-0.0598  	0.16572  	0.08856  	0.39542  	-0.4899  	-0.3819  	0.00100  	-0.0128  	0.08298  	0.16494  	-0.1429  	0.13402  	-0.0995  	0.18927  	0.02481  	-0.1595  	-0.1171  	0.05503  	0.05549  	0.01418  	0.28146  	0.06998  	-0.0434  	-0.0377  	0.08854  	0.07529  	-0.1570  	-0.0880  	-0.0232  	-0.0100  	-0.0001  	-0.0181  	0.01908  	-0.0377  	0.00423  	0.00721  	-0.0203  	-0.0129  	0.02490  	0.03411  	0.01682  	0.08366  	0.08183  	-0.0280  	-0.0058  	0.03736  	0.59850  	1.08884  	126.320  	105.636  	
0.26833  	0.15784  	-0.1331  	0.06749  	0.11249  	0.12381  	0.29167  	0.33726  	0.27120  	0.09739  	-0.2466  	0.92782  	0.15058  	0.20737  	-0.6366  	0.30570  	0.37861  	0.08229  	0.45780  	0.06260  	0.18406  	0.48900  	0.25536  	-0.0622  	0.14051  	0.09297  	0.37190  	-0.4838  	-0.4025  	-0.0186  	-0.0107  	0.08058  	0.18569  	-0.1388  	0.13172  	-0.1027  	0.20498  	0.03863  	-0.1619  	-0.1263  	0.06072  	0.05166  	0.01833  	0.27499  	0.07013  	-0.0409  	-0.0355  	0.08669  	0.06875  	-0.1536  	-0.0903  	-0.0218  	-0.0101  	0.00030  	-0.0189  	0.01469  	-0.0361  	0.00769  	0.00516  	-0.0201  	-0.0166  	0.02314  	0.03639  	0.01734  	0.08545  	0.08373  	-0.0270  	-0.0067  	0.03721  	0.60569  	1.08884  	126.320  	105.636  	
0.25651  	0.16539  	-0.1079  	0.06164  	0.08212  	0.14167  	0.30831  	0.34251  	0.26541  	0.09189  	-0.2098  	0.91068  	0.13835  	0.21568  	-0.6341  	0.30957  	0.36350  	0.07859  	0.46109  	0.07309  	0.21008  	0.49541  	0.23817  	-0.0688  	0.13487  	0.09018  	0.35791  	-0.4887  	-0.4079  	-0.0262  	-0.0159  	0.08657  	0.19157  	-0.1383  	0.13420  	-0.0974  	0.22612  	0.04866  	-0.1677  	-0.1304  	0.08541  	0.05226  	0.01651  	0.27521  	0.07327  	-0.0434  	-0.0316  	0.08747  	0.06736  	-0.1503  	-0.0903  	-0.0213  	-0.0066  	0.00430  	-0.0193  	0.01402  	-0.0373  	0.00802  	0.00561  	-0.0153  	-0.0169  	0.02093  	0.03536  	0.01576  	0.08727  	0.08497  	-0.0265  	-0.0075  	0.03689  	0.61119  	1.08884  	126.320  	105.636  	
0.26630  	0.16104  	-0.1043  	0.05583  	0.06608  	0.11605  	0.30106  	0.34909  	0.28763  	0.09122  	-0.1905  	0.92841  	0.14279  	0.20887  	-0.6652  	0.32934  	0.36305  	0.09114  	0.46090  	0.06631  	0.20644  	0.48602  	0.24870  	-0.0699  	0.11748  	0.08972  	0.35231  	-0.4769  	-0.4118  	-0.0194  	-0.0116  	0.08407  	0.19736  	-0.1381  	0.14043  	-0.1068  	0.22364  	0.04844  	-0.1688  	-0.1339  	0.08124  	0.04818  	0.01673  	0.27002  	0.07338  	-0.0449  	-0.0335  	0.08408  	0.06671  	-0.1511  	-0.0894  	-0.0215  	-0.0065  	0.00298  	-0.0194  	0.01609  	-0.0390  	0.00773  	0.00809  	-0.0146  	-0.0165  	0.02051  	0.03578  	0.01626  	0.08912  	0.08554  	-0.0265  	-0.0082  	0.03639  	0.61502  	1.08884  	126.320  	105.636  	
0.26578  	0.15747  	-0.1057  	0.05977  	0.08182  	0.10757  	0.29310  	0.35435  	0.29013  	0.10390  	-0.1927  	0.94299  	0.14504  	0.20134  	-0.6745  	0.32903  	0.36729  	0.09781  	0.45632  	0.07392  	0.18135  	0.47708  	0.25186  	-0.0821  	0.10292  	0.09335  	0.33891  	-0.4557  	-0.4004  	-0.0162  	-0.0108  	0.08406  	0.20193  	-0.1364  	0.13152  	-0.1051  	0.21214  	0.04984  	-0.1614  	-0.1344  	0.07975  	0.04502  	0.01913  	0.27133  	0.07202  	-0.0439  	-0.0334  	0.08415  	0.06583  	-0.1542  	-0.0902  	-0.0207  	-0.0071  	0.00210  	-0.0182  	0.01449  	-0.0391  	0.00680  	0.00928  	-0.0151  	-0.0156  	0.02040  	0.03470  	0.01644  	0.09098  	0.08545  	-0.0269  	-0.0088  	0.03571  	0.61716  	1.08884  	126.320  	105.636  	
0.25749  	0.16170  	-0.1311  	0.04405  	0.08201  	0.11132  	0.28842  	0.34803  	0.28822  	0.09510  	-0.1909  	0.92972  	0.13423  	0.17256  	-0.6635  	0.31262  	0.37959  	0.08407  	0.45472  	0.06837  	0.18695  	0.47540  	0.26078  	-0.0721  	0.08780  	0.09647  	0.35498  	-0.4778  	-0.4306  	-0.0254  	-0.0103  	0.08663  	0.19985  	-0.1404  	0.14119  	-0.1107  	0.22343  	0.05634  	-0.1669  	-0.1412  	0.07356  	0.04602  	0.01730  	0.27099  	0.06923  	-0.0413  	-0.0337  	0.07719  	0.06521  	-0.1545  	-0.0887  	-0.0209  	-0.0074  	0.00158  	-0.0185  	0.01423  	-0.0373  	0.00738  	0.01068  	-0.0162  	-0.0161  	0.01925  	0.03322  	0.01715  	0.09287  	0.08470  	-0.0278  	-0.0093  	0.03485  	0.61762  	1.08884  	126.320  	105.636  	
0.26614  	0.16904  	-0.1356  	0.05094  	0.08087  	0.12176  	0.29348  	0.34704  	0.29261  	0.09021  	-0.1901  	0.92450  	0.13377  	0.16822  	-0.6604  	0.31953  	0.38243  	0.07505  	0.45345  	0.07096  	0.20303  	0.47963  	0.26683  	-0.0628  	0.08787  	0.10113  	0.35649  	-0.4785  	-0.4388  	-0.0288  	-0.0091  	0.08343  	0.20219  	-0.1405  	0.13970  	-0.1100  	0.22482  	0.05357  	-0.1730  	-0.1397  	0.06998  	0.04787  	0.01537  	0.27301  	0.07190  	-0.0432  	-0.0324  	0.07562  	0.06464  	-0.1541  	-0.0890  	-0.0208  	-0.0076  	0.00073  	-0.0172  	0.01274  	-0.0365  	0.00740  	0.00976  	-0.0180  	-0.0153  	0.01964  	0.03346  	0.01700  	0.09547  	0.08236  	-0.0299  	-0.0089  	0.03279  	0.60813  	1.08884  	126.320  	105.636  	
0.23342  	0.16215  	-0.1502  	0.02232  	0.09691  	0.08353  	0.31853  	0.31403  	0.27330  	0.12695  	-0.1923  	0.92793  	0.14177  	0.16505  	-0.7128  	0.30480  	0.35114  	0.11806  	0.45272  	0.12235  	0.14048  	0.46371  	0.22082  	-0.0911  	0.12831  	0.10416  	0.30401  	-0.3921  	-0.3431  	-0.0236  	-0.0020  	0.06707  	0.21735  	-0.1365  	0.10750  	-0.0721  	0.17232  	0.03646  	-0.1441  	-0.1193  	0.09533  	0.04518  	0.02757  	0.27248  	0.06924  	-0.0443  	-0.0314  	0.08207  	0.06077  	-0.1588  	-0.0877  	-0.0208  	-0.0103  	-0.0029  	-0.0162  	0.00899  	-0.0320  	0.00347  	0.00728  	-0.0201  	-0.0170  	0.01643  	0.03630  	0.01457  	0.09673  	0.07981  	-0.0321  	-0.0091  	0.03175  	0.59842  	1.08884  	126.320  	105.636  	
0.26842  	0.12622  	-0.1622  	0.01466  	0.06118  	0.00520  	0.28642  	0.27615  	0.26849  	0.13571  	-0.2222  	0.84478  	0.15145  	0.15637  	-0.6828  	0.28679  	0.36986  	0.07842  	0.44821  	0.07546  	0.15756  	0.48014  	0.22077  	-0.0267  	0.20485  	0.07974  	0.36877  	-0.4910  	-0.3864  	-0.0070  	0.00207  	0.08599  	0.17224  	-0.1496  	0.14415  	-0.0822  	0.20851  	0.02318  	-0.1766  	-0.1109  	0.06651  	0.06032  	0.00926  	0.26847  	0.06943  	-0.0491  	-0.0362  	0.07591  	0.07170  	-0.1512  	-0.0876  	-0.0226  	-0.0085  	-0.0012  	-0.0231  	0.01306  	-0.0359  	0.00264  	0.01265  	-0.0178  	-0.0168  	0.01932  	0.03331  	0.01504  	0.09849  	0.07672  	-0.0346  	-0.0095  	0.03098  	0.59597  	1.08884  	126.320  	105.636  	
0.27373  	0.15766  	-0.1769  	0.09170  	0.09691  	0.10127  	0.29019  	0.31994  	0.25796  	0.07094  	-0.2833  	0.84645  	0.15353  	0.18696  	-0.6080  	0.29356  	0.36683  	0.05980  	0.46200  	0.04156  	0.18639  	0.51356  	0.24606  	-0.0353  	0.19647  	0.08969  	0.40289  	-0.5168  	-0.3950  	-0.0141  	-0.0196  	0.07698  	0.16943  	-0.1440  	0.14364  	-0.0997  	0.21479  	0.03974  	-0.1836  	-0.1199  	0.05368  	0.05460  	0.01237  	0.27721  	0.07110  	-0.0502  	-0.0338  	0.07686  	0.07057  	-0.1555  	-0.0903  	-0.0248  	-0.0110  	0.00146  	-0.0178  	0.01733  	-0.0365  	0.00626  	0.00749  	-0.0205  	-0.0169  	0.02218  	0.03699  	0.01506  	0.09996  	0.07458  	-0.0369  	-0.0100  	0.02962  	0.60738  	1.08884  	126.320  	105.636  	
0.26763  	0.16121  	-0.1308  	0.07096  	0.09112  	0.12339  	0.30768  	0.33623  	0.26364  	0.09716  	-0.2319  	0.89153  	0.12952  	0.19686  	-0.6180  	0.31556  	0.37965  	0.07163  	0.46185  	0.05826  	0.21112  	0.50695  	0.25022  	-0.0376  	0.16301  	0.09297  	0.39458  	-0.5120  	-0.4143  	-0.0202  	-0.0107  	0.08904  	0.18304  	-0.1410  	0.13640  	-0.1039  	0.22556  	0.04726  	-0.1786  	-0.1272  	0.06491  	0.05155  	0.02152  	0.27684  	0.06986  	-0.0451  	-0.0340  	0.08428  	0.06821  	-0.1550  	-0.0937  	-0.0211  	-0.0115  	0.00131  	-0.0180  	0.01460  	-0.0371  	0.00670  	0.00521  	-0.0188  	-0.0169  	0.02130  	0.03623  	0.01674  	0.10188  	0.07209  	-0.0388  	-0.0104  	0.02820  	0.61521  	1.08884  	126.320  	105.636  	
0.24799  	0.17258  	-0.1273  	0.03170  	0.03917  	0.12900  	0.29489  	0.35180  	0.29066  	0.08202  	-0.1982  	0.90912  	0.13847  	0.18745  	-0.6346  	0.31360  	0.37571  	0.06607  	0.46205  	0.06327  	0.24292  	0.48964  	0.26309  	-0.0549  	0.10673  	0.09297  	0.37133  	-0.5073  	-0.4472  	-0.0321  	-0.0102  	0.09408  	0.19730  	-0.1395  	0.14385  	-0.1210  	0.24756  	0.05748  	-0.1775  	-0.1422  	0.08880  	0.04956  	0.01635  	0.27294  	0.07266  	-0.0456  	-0.0321  	0.07869  	0.06446  	-0.1512  	-0.0927  	-0.0221  	-0.0070  	0.00459  	-0.0202  	0.01478  	-0.0389  	0.00763  	0.00742  	-0.0162  	-0.0129  	0.02010  	0.03300  	0.01759  	0.10307  	0.07122  	-0.0404  	-0.0110  	0.02687  	0.63212  	1.08884  	126.320  	105.636  	
0.25605  	0.17076  	-0.1404  	0.03093  	0.04170  	0.11342  	0.29154  	0.34652  	0.29106  	0.06912  	-0.1808  	0.91026  	0.13070  	0.17963  	-0.6265  	0.31832  	0.38103  	0.06831  	0.46370  	0.05234  	0.25072  	0.49577  	0.27252  	-0.0361  	0.10981  	0.09365  	0.37352  	-0.5309  	-0.4681  	-0.0394  	-0.0083  	0.08547  	0.19285  	-0.1421  	0.15109  	-0.1212  	0.25391  	0.05980  	-0.1848  	-0.1418  	0.07240  	0.05126  	0.01471  	0.26956  	0.07281  	-0.0444  	-0.0324  	0.07539  	0.06301  	-0.1503  	-0.0921  	-0.0222  	-0.0078  	0.00283  	-0.0213  	0.01523  	-0.0380  	0.00886  	0.00656  	-0.0178  	-0.0157  	0.02151  	0.03303  	0.01706  	0.10370  	0.07157  	-0.0415  	-0.0117  	0.02581  	0.64420  	1.08884  	126.320  	105.636  	
0.24294  	0.16980  	-0.1298  	0.01998  	0.03666  	0.11178  	0.28748  	0.35683  	0.29394  	0.07660  	-0.1757  	0.92712  	0.12627  	0.18805  	-0.6380  	0.31891  	0.37766  	0.07648  	0.46498  	0.05361  	0.24153  	0.48367  	0.26744  	-0.0592  	0.09900  	0.09443  	0.35989  	-0.5140  	-0.4544  	-0.0386  	-0.0079  	0.08815  	0.19364  	-0.1388  	0.14088  	-0.1171  	0.25191  	0.06374  	-0.1806  	-0.1442  	0.08771  	0.04503  	0.01983  	0.26987  	0.07205  	-0.0440  	-0.0311  	0.07583  	0.06412  	-0.1489  	-0.0931  	-0.0226  	-0.0061  	0.00540  	-0.0211  	0.01509  	-0.0397  	0.00920  	0.00902  	-0.0148  	-0.0150  	0.02054  	0.03189  	0.01551  	0.10413  	0.07353  	-0.0420  	-0.0122  	0.02444  	0.65442  	1.08884  	126.320  	105.636  	
0.25036  	0.17134  	-0.1232  	0.02348  	0.04091  	0.11290  	0.28637  	0.35968  	0.29491  	0.07426  	-0.1842  	0.92624  	0.13234  	0.19117  	-0.6344  	0.31597  	0.37381  	0.07779  	0.46244  	0.05103  	0.23780  	0.48468  	0.27386  	-0.0618  	0.09235  	0.09469  	0.36244  	-0.5050  	-0.4486  	-0.0357  	-0.0077  	0.08590  	0.19494  	-0.1412  	0.14512  	-0.1207  	0.25115  	0.06188  	-0.1837  	-0.1419  	0.08540  	0.04684  	0.01759  	0.27053  	0.07213  	-0.0444  	-0.0311  	0.07417  	0.06374  	-0.1481  	-0.0928  	-0.0228  	-0.0062  	0.00466  	-0.0196  	0.01583  	-0.0393  	0.00904  	0.00983  	-0.0135  	-0.0154  	0.02208  	0.03187  	0.01658  	0.10423  	0.07528  	-0.0420  	-0.0127  	0.02302  	0.66649  	1.08884  	126.320  	105.636  	
0.24980  	0.18029  	-0.1315  	0.03448  	0.05105  	0.09876  	0.28878  	0.34811  	0.29240  	0.06914  	-0.1791  	0.92686  	0.12891  	0.18960  	-0.6374  	0.31345  	0.36628  	0.07960  	0.46182  	0.06018  	0.22907  	0.48379  	0.26017  	-0.0674  	0.09818  	0.09625  	0.35213  	-0.4907  	-0.4380  	-0.0339  	-0.0093  	0.08167  	0.19951  	-0.1391  	0.14698  	-0.1156  	0.24712  	0.05877  	-0.1805  	-0.1419  	0.08616  	0.04729  	0.01780  	0.27128  	0.07185  	-0.0444  	-0.0307  	0.07506  	0.06233  	-0.1480  	-0.0927  	-0.0230  	-0.0067  	0.00454  	-0.0197  	0.01562  	-0.0383  	0.00888  	0.00831  	-0.0144  	-0.0167  	0.02170  	0.03047  	0.01586  	0.10206  	0.07757  	-0.0413  	-0.0131  	0.02297  	0.66260  	1.08884  	126.320  	105.636  	
0.25181  	0.17867  	-0.1332  	0.01925  	0.04646  	0.08262  	0.28463  	0.34858  	0.29396  	0.07493  	-0.1622  	0.93717  	0.11709  	0.17499  	-0.6456  	0.31462  	0.37311  	0.08182  	0.45973  	0.04952  	0.22582  	0.47926  	0.27392  	-0.0614  	0.08356  	0.09515  	0.36015  	-0.5065  	-0.4612  	-0.0357  	-0.0040  	0.08987  	0.19760  	-0.1419  	0.14842  	-0.1233  	0.25706  	0.06602  	-0.1894  	-0.1446  	0.08030  	0.04439  	0.01681  	0.27072  	0.06838  	-0.0433  	-0.0309  	0.07483  	0.06149  	-0.1500  	-0.0952  	-0.0211  	-0.0080  	0.00510  	-0.0196  	0.01464  	-0.0378  	0.00845  	0.00925  	-0.0163  	-0.0161  	0.02227  	0.03086  	0.01523  	0.09955  	0.07835  	-0.0408  	-0.0137  	0.02373  	0.66049  	1.08884  	126.320  	105.636  	
0.25743  	0.16879  	-0.1267  	0.02480  	0.05987  	0.08486  	0.28618  	0.35055  	0.29540  	0.09063  	-0.1606  	0.94827  	0.11390  	0.16660  	-0.6626  	0.31982  	0.38081  	0.08366  	0.45763  	0.05582  	0.20912  	0.46699  	0.27136  	-0.0665  	0.07922  	0.09473  	0.35875  	-0.4973  	-0.4582  	-0.0341  	-0.0069  	0.09372  	0.19530  	-0.1414  	0.14227  	-0.1207  	0.24952  	0.06899  	-0.1830  	-0.1456  	0.07950  	0.04198  	0.01915  	0.27095  	0.06795  	-0.0421  	-0.0322  	0.07685  	0.06333  	-0.1522  	-0.0946  	-0.0198  	-0.0083  	0.00476  	-0.0190  	0.01301  	-0.0372  	0.00811  	0.01007  	-0.0176  	-0.0162  	0.02085  	0.03158  	0.01546  	0.09672  	0.07798  	-0.0408  	-0.0141  	0.02398  	0.65755  	1.08884  	126.320  	105.636  	
0.25433  	0.17517  	-0.1308  	0.01724  	0.05319  	0.08296  	0.28429  	0.34842  	0.29351  	0.08190  	-0.1672  	0.94628  	0.11516  	0.17585  	-0.6540  	0.31674  	0.37920  	0.08380  	0.45914  	0.04681  	0.21341  	0.47168  	0.27230  	-0.0638  	0.08551  	0.09495  	0.35928  	-0.5032  	-0.4572  	-0.0351  	-0.0030  	0.09028  	0.19467  	-0.1432  	0.14514  	-0.1201  	0.24875  	0.06533  	-0.1875  	-0.1447  	0.08405  	0.04240  	0.01830  	0.27008  	0.06743  	-0.0428  	-0.0315  	0.07677  	0.06311  	-0.1500  	-0.0949  	-0.0202  	-0.0080  	0.00529  	-0.0197  	0.01406  	-0.0380  	0.00808  	0.01060  	-0.0166  	-0.0158  	0.02166  	0.03122  	0.01425  	0.09458  	0.07626  	-0.0408  	-0.0141  	0.02419  	0.64203  	1.08884  	126.320  	105.636  	
0.25316  	0.18144  	-0.1374  	0.01494  	0.05340  	0.08003  	0.28276  	0.34578  	0.29294  	0.07511  	-0.1707  	0.94684  	0.11615  	0.18014  	-0.6472  	0.31314  	0.37530  	0.08306  	0.45865  	0.04549  	0.21534  	0.47315  	0.27387  	-0.0657  	0.08475  	0.09549  	0.35610  	-0.5022  	-0.4550  	-0.0343  	-6.8187  	0.08610  	0.19572  	-0.1440  	0.14598  	-0.1223  	0.24935  	0.06276  	-0.1910  	-0.1444  	0.08699  	0.04309  	0.01724  	0.26965  	0.06705  	-0.0432  	-0.0306  	0.07659  	0.06296  	-0.1491  	-0.0956  	-0.0208  	-0.0082  	0.00531  	-0.0198  	0.01474  	-0.0382  	0.00809  	0.01025  	-0.0164  	-0.0158  	0.02290  	0.03050  	0.01413  	0.09184  	0.07484  	-0.0403  	-0.0139  	0.02483  	0.62821  	1.08884  	126.320  	105.636  	
0.25256  	0.17921  	-0.1404  	0.01287  	0.04790  	0.07778  	0.28594  	0.34670  	0.29544  	0.07513  	-0.1661  	0.94822  	0.11588  	0.17766  	-0.6418  	0.31181  	0.37765  	0.08027  	0.45638  	0.04514  	0.22085  	0.47528  	0.28067  	-0.0626  	0.08172  	0.09653  	0.36134  	-0.5054  	-0.4603  	-0.0349  	-0.0002  	0.08659  	0.19543  	-0.1439  	0.14637  	-0.1267  	0.25428  	0.06530  	-0.1938  	-0.1448  	0.08447  	0.04448  	0.01804  	0.26973  	0.06701  	-0.0434  	-0.0301  	0.07541  	0.06202  	-0.1495  	-0.0965  	-0.0204  	-0.0089  	0.00543  	-0.0199  	0.01497  	-0.0385  	0.00834  	0.00923  	-0.0170  	-0.0156  	0.02335  	0.03006  	0.01519  	0.08994  	0.07265  	-0.0404  	-0.0139  	0.02566  	0.62441  	1.08884  	126.320  	105.636  	
0.25580  	0.17301  	-0.1419  	0.01775  	0.05216  	0.08005  	0.28773  	0.34988  	0.29697  	0.07960  	-0.1611  	0.95291  	0.11568  	0.17188  	-0.6416  	0.31619  	0.38316  	0.07982  	0.45379  	0.04982  	0.21956  	0.47251  	0.28700  	-0.0592  	0.07790  	0.09703  	0.36536  	-0.5036  	-0.4650  	-0.0331  	-0.0017  	0.08768  	0.19480  	-0.1433  	0.14604  	-0.1305  	0.25604  	0.06832  	-0.1929  	-0.1469  	0.07784  	0.04500  	0.01733  	0.26990  	0.06719  	-0.0428  	-0.0304  	0.07473  	0.06185  	-0.1514  	-0.0969  	-0.0196  	-0.0094  	0.00484  	-0.0195  	0.01427  	-0.0385  	0.00868  	0.00834  	-0.0183  	-0.0155  	0.02332  	0.03044  	0.01644  	0.08916  	0.07105  	-0.0409  	-0.0136  	0.02539  	0.62217  	1.08884  	126.320  	105.636  	
0.25551  	0.17050  	-0.1437  	0.02024  	0.05579  	0.08216  	0.28759  	0.35017  	0.29570  	0.08132  	-0.1622  	0.95275  	0.11538  	0.16977  	-0.6404  	0.31629  	0.38498  	0.08026  	0.45336  	0.05186  	0.21574  	0.47061  	0.28726  	-0.0590  	0.07774  	0.09700  	0.36436  	-0.5023  	-0.4644  	-0.0328  	-0.0021  	0.08804  	0.19436  	-0.1432  	0.14513  	-0.1304  	0.25429  	0.06873  	-0.1915  	-0.1474  	0.07644  	0.04456  	0.01751  	0.27019  	0.06728  	-0.0424  	-0.0307  	0.07462  	0.06188  	-0.1521  	-0.0968  	-0.0194  	-0.0096  	0.00450  	-0.0193  	0.01387  	-0.0381  	0.00875  	0.00808  	-0.0190  	-0.0156  	0.02325  	0.03055  	0.01657  	0.08957  	0.06972  	-0.0413  	-0.0136  	0.02509  	0.62258  	1.08884  	126.320  	105.636  	
0.24722  	0.17009  	-0.1403  	0.01822  	0.06087  	0.07143  	0.28743  	0.34973  	0.29583  	0.09904  	-0.1445  	0.96911  	0.10769  	0.16107  	-0.6661  	0.31970  	0.38221  	0.08604  	0.45151  	0.06311  	0.20935  	0.46320  	0.28405  	-0.0760  	0.07244  	0.10065  	0.34994  	-0.4772  	-0.4554  	-0.0398  	-0.0021  	0.08512  	0.20024  	-0.1432  	0.13105  	-0.1233  	0.25121  	0.06766  	-0.1906  	-0.1506  	0.08536  	0.04136  	0.02254  	0.27182  	0.07021  	-0.0422  	-0.0291  	0.07458  	0.06039  	-0.1493  	-0.0982  	-0.0194  	-0.0094  	0.00443  	-0.0183  	0.01195  	-0.0377  	0.00868  	0.00982  	-0.0196  	-0.0152  	0.02251  	0.02917  	0.01555  	0.09000  	0.07022  	-0.0414  	-0.0135  	0.02511  	0.61608  	1.08884  	126.320  	105.636  	
0.17382  	0.15343  	-0.1829  	-0.0583  	0.06629  	0.01038  	0.29478  	0.29697  	0.26752  	0.16142  	-0.1929  	0.98735  	0.14360  	0.18329  	-0.7320  	0.29823  	0.37929  	0.13879  	0.44164  	0.13752  	0.09624  	0.43916  	0.23072  	-0.1312  	0.11503  	0.11383  	0.27476  	-0.3354  	-0.3308  	-0.0254  	0.02485  	0.04904  	0.20663  	-0.1461  	0.04790  	-0.0869  	0.15741  	0.03049  	-0.1390  	-0.1364  	0.13092  	0.02920  	0.03297  	0.27175  	0.06283  	-0.0401  	-0.0291  	0.08696  	0.06098  	-0.1438  	-0.0969  	-0.0220  	-0.0121  	-0.0027  	-0.0179  	0.00513  	-0.0356  	0.00333  	0.00953  	-0.0199  	-0.0136  	0.02480  	0.03384  	0.01649  	0.09042  	0.07142  	-0.0404  	-0.0135  	0.02584  	0.59556  	1.08884  	126.320  	105.636  	
0.05820  	0.14370  	-0.3534  	-0.0290  	0.13012  	-0.1426  	0.28487  	0.25276  	0.24252  	0.21361  	-0.2116  	0.96637  	0.13467  	0.16393  	-0.8025  	0.27003  	0.33439  	0.19299  	0.42360  	0.19499  	0.01740  	0.42335  	0.15141  	-0.1519  	0.11804  	0.12852  	0.23003  	-0.2552  	-0.2557  	-0.0151  	0.00341  	0.03442  	0.21614  	-0.1308  	0.06081  	-0.0555  	0.07906  	-0.0013  	-0.1057  	-0.0852  	0.10728  	0.05062  	0.01833  	0.26727  	0.07136  	-0.0376  	-0.0233  	0.07656  	0.04876  	-0.1455  	-0.0832  	-0.0264  	-0.0146  	-0.0044  	-0.0196  	0.00594  	-0.0376  	0.00679  	0.01554  	-0.0286  	-0.0143  	0.02153  	0.03027  	0.01678  	0.08956  	0.07340  	-0.0397  	-0.0130  	0.02596  	0.58957  	1.08884  	126.320  	105.636  	
-0.3859  	-0.0509  	-0.6145  	-0.3761  	0.00638  	-0.4497  	0.27978  	0.07096  	0.17499  	0.33993  	-0.0222  	0.91755  	0.04784  	-0.1519  	-1.1758  	0.09529  	0.30644  	0.23708  	0.44960  	0.29058  	-0.1631  	0.43137  	0.15778  	-0.1981  	0.07071  	0.15049  	0.07492  	-0.1383  	-0.2040  	-0.0681  	0.01572  	0.00874  	0.17394  	-0.1330  	-0.0740  	0.04627  	-0.0256  	-0.0311  	-0.0817  	-0.0710  	0.15741  	0.03794  	0.01437  	0.27338  	0.07296  	-0.0477  	-0.0220  	0.09053  	0.05945  	-0.1531  	-0.0866  	-0.0275  	-0.0195  	-0.0007  	-0.0137  	-0.0004  	-0.0248  	0.01102  	0.01514  	-0.0199  	-0.0171  	0.00493  	0.03590  	0.01324  	0.08677  	0.07609  	-0.0386  	-0.0124  	0.02547  	0.58917  	1.08884  	126.320  	105.636  	
-0.6137  	-0.1273  	-0.6854  	-0.4366  	0.01008  	-0.5066  	0.27513  	0.03241  	0.14127  	0.37971  	-0.0250  	0.89131  	0.03501  	-0.2011  	-1.2481  	0.07087  	0.31098  	0.26876  	0.46047  	0.28476  	-0.2332  	0.41367  	0.14572  	-0.2182  	0.09197  	0.17279  	0.04635  	-0.0855  	-0.1414  	-0.0639  	0.04599  	-0.0060  	0.17366  	-0.1303  	-0.1030  	0.05301  	-0.0825  	-0.0598  	-0.0574  	-0.0761  	0.16497  	0.05269  	0.00815  	0.28045  	0.07804  	-0.0436  	-0.0292  	0.09559  	0.05033  	-0.1478  	-0.0893  	-0.0258  	-0.0170  	-0.0073  	-0.0195  	-0.0064  	-0.0247  	0.01119  	0.01135  	-0.0260  	-0.0131  	0.00714  	0.03529  	0.01542  	0.08272  	0.08007  	-0.0364  	-0.0116  	0.02640  	0.59226  	1.08884  	126.320  	105.636  	
-0.6402  	-0.0846  	-0.6401  	-0.5590  	-0.0277  	-0.5609  	0.26785  	0.04979  	0.11557  	0.41607  	-0.0246  	0.85227  	0.01083  	-0.2048  	-1.2309  	0.00336  	0.34704  	0.24118  	0.45978  	0.21877  	-0.1515  	0.44815  	0.18850  	-0.1845  	0.10440  	0.15114  	0.11425  	-0.1691  	-0.1460  	-0.0512  	0.04426  	-0.0146  	0.14982  	-0.1359  	-0.1291  	0.05912  	-0.0450  	-0.0559  	-0.0792  	-0.0726  	0.15009  	0.05257  	-0.0130  	0.25277  	0.08607  	-0.0482  	-0.0217  	0.07009  	0.04448  	-0.1516  	-0.0917  	-0.0247  	-0.0149  	-0.0027  	-0.0208  	-0.0126  	-0.0231  	0.00586  	0.01824  	-0.0247  	-0.0184  	0.02128  	0.03204  	0.01300  	0.07980  	0.08114  	-0.0343  	-0.0109  	0.02822  	0.59334  	1.08884  	126.320  	105.636  	
-0.4816  	-0.0367  	-0.4876  	-0.5378  	-0.0738  	-0.4357  	0.26241  	0.06218  	0.15733  	0.37295  	-0.1280  	0.81993  	0.03693  	-0.1591  	-1.1997  	0.04110  	0.36230  	0.20898  	0.47668  	0.16974  	-0.1468  	0.43716  	0.26413  	-0.1684  	0.13657  	0.14837  	0.19723  	-0.2042  	-0.1271  	-0.0208  	0.03571  	3.34605  	0.13500  	-0.1349  	-0.1298  	0.05221  	-0.0201  	-0.0444  	-0.0861  	-0.0588  	0.18895  	0.03036  	0.02389  	0.29299  	0.08753  	-0.0539  	-0.0283  	0.07193  	0.05509  	-0.1585  	-0.0883  	-0.0252  	-0.0192  	-0.0009  	-0.0199  	-0.0111  	-0.0253  	0.00947  	0.01771  	-0.0243  	-0.0184  	0.01826  	0.03791  	0.01751  	0.07872  	0.07759  	-0.0322  	-0.0102  	0.02958  	0.61621  	1.08884  	126.320  	105.636  	
-0.3189  	0.00663  	-0.4466  	-0.3819  	-0.0212  	-0.2876  	0.26331  	0.13632  	0.18948  	0.29648  	-0.2585  	0.89052  	0.04042  	-0.1334  	-1.0743  	0.13135  	0.38385  	0.24699  	0.48751  	0.16962  	-0.1841  	0.47721  	0.24859  	-0.2253  	0.11771  	0.14288  	0.15454  	-0.1632  	-0.1172  	-0.0087  	0.02512  	0.02352  	0.14042  	-0.1380  	-0.1625  	0.02703  	-0.0231  	-0.0273  	-0.0721  	-0.0670  	0.22654  	0.00849  	0.03895  	0.29591  	0.07512  	-0.0523  	-0.0222  	0.07476  	0.05621  	-0.1580  	-0.0934  	-0.0268  	-0.0125  	-0.0117  	-0.0191  	-0.0062  	-0.0307  	0.00770  	0.01729  	-0.0254  	-0.0157  	0.02244  	0.03581  	0.01735  	0.08029  	0.06936  	-0.0315  	-0.0094  	0.03094  	0.62816  	1.08884  	126.320  	105.636  	
-0.2407  	0.02713  	-0.4464  	-0.1910  	0.07680  	-0.2164  	0.22761  	0.09671  	0.16379  	0.27563  	-0.3332  	0.96977  	0.07613  	-0.1271  	-1.0010  	0.13921  	0.38354  	0.25272  	0.47767  	0.21254  	-0.2373  	0.45931  	0.20445  	-0.2710  	0.11859  	0.15405  	0.05841  	-0.0472  	-0.0222  	-0.0222  	0.02821  	0.00756  	0.16058  	-0.1144  	-0.1716  	0.05059  	-0.1104  	-0.0434  	-0.0263  	-0.0223  	0.22419  	0.00083  	0.05861  	0.28872  	0.05930  	-0.0504  	-0.0272  	0.07595  	0.05285  	-0.1634  	-0.0851  	-0.0238  	-0.0203  	-0.0090  	-0.0180  	-0.0058  	-0.0310  	0.00352  	0.01615  	-0.0275  	-0.0161  	0.01597  	0.03161  	0.01405  	0.08354  	0.06074  	-0.0309  	-0.0085  	0.03228  	0.63893  	1.08884  	126.320  	105.636  	
-0.1505  	0.02932  	-0.4087  	-0.0062  	0.22664  	-0.1136  	0.23466  	0.14270  	0.19171  	0.22212  	-0.3188  	0.97616  	0.06332  	-0.1034  	-0.9021  	0.25334  	0.34015  	0.22549  	0.47295  	0.24096  	-0.1850  	0.42826  	0.08863  	-0.1968  	0.13027  	0.13434  	0.13170  	-0.0686  	-0.1243  	0.00041  	-0.0073  	0.03580  	0.16841  	-0.1230  	-0.0280  	0.06712  	-0.0504  	-0.0474  	-0.0866  	-0.0483  	0.15289  	0.03398  	0.02715  	0.27639  	0.07406  	-0.0498  	-0.0263  	0.07098  	0.05891  	-0.1542  	-0.0741  	-0.0303  	-0.0111  	-0.0058  	-0.0216  	0.00012  	-0.0210  	0.00901  	0.01892  	-0.0208  	-0.0296  	0.00982  	0.03379  	0.01812  	0.08733  	0.05296  	-0.0323  	-0.0082  	0.03279  	0.65397  	1.08884  	126.320  	105.636  	
0.00812  	0.08885  	-0.3620  	0.23819  	0.37637  	-0.0085  	0.26999  	0.18427  	0.19311  	0.17340  	-0.4612  	1.02714  	0.13717  	0.04975  	-0.7023  	0.28011  	0.32826  	0.19105  	0.45359  	0.25361  	-0.1965  	0.43062  	0.02964  	-0.1640  	0.20472  	0.09589  	0.20859  	-0.1144  	-0.1090  	0.04816  	-0.0198  	0.02386  	0.16900  	-0.1087  	0.03225  	0.03363  	-0.0846  	-0.0408  	-0.0684  	-0.0170  	0.08061  	0.06408  	0.01245  	0.25323  	0.08154  	-0.0391  	-0.0339  	0.09183  	0.07288  	-0.1657  	-0.0664  	-0.0261  	-0.0138  	-0.0132  	-0.0256  	0.01268  	-0.0184  	0.01012  	0.01651  	-0.0195  	-0.0253  	0.00907  	0.03034  	0.01296  	0.09191  	0.04905  	-0.0342  	-0.0078  	0.03212  	0.64803  	1.08884  	126.320  	105.636  	
0.10648  	0.11229  	-0.3417  	0.27064  	0.33985  	0.00513  	0.26810  	0.1935  	0.18759  	0.15578  	-0.4984  	1.00302  	0.14469  	0.10579  	-0.6470  	0.22969  	0.36092  	0.20658  	0.45007  	0.21401  	-0.1396  	0.43855  	0.06718  	-0.2102  	0.22525  	0.09226  	0.24098  	-0.1528  	-0.1338  	0.07555  	-0.0201  	0.03715  	0.17062  	-0.1208  	0.00310  	0.00918  	-0.0371  	-0.0237  	-0.0660  	-0.0394  	0.08200  	0.04697  	0.02658  	0.26307  	0.08449  	-0.0421  	-0.0346  	0.08675  	0.07129  	-0.1607  	-0.0679  	-0.0282  	-0.0169  	-0.0093  	-0.0231  	0.01268  	-0.0212  	0.00823  	0.01121  	-0.0276  	-0.0293  	0.01419  	0.03462  	0.01001  	0.09647  	0.04889  	-0.0371  	-0.0079  	0.03048  	0.64233  	1.08884  	126.320  	105.636  	
0.11981  	0.11728  	-0.3868  	0.36710  	0.37245  	0.04610  	0.27893  	0.20580  	0.21306  	0.13471  	-0.5704  	0.99421  	0.17631  	0.18002  	-0.5219  	0.18604  	0.34813  	0.19199  	0.44561  	0.20268  	-0.1481  	0.49881  	0.06958  	-0.2213  	0.22470  	0.08911  	0.24983  	-0.1163  	-0.0686  	0.10791  	-0.0340  	0.02043  	0.17642  	-0.1075  	0.00771  	-0.0001  	-0.0597  	-0.0425  	-0.0430  	-0.0315  	0.08242  	0.05451  	0.01049  	0.26503  	0.08371  	-0.0458  	-0.0326  	0.09295  	0.07199  	-0.1679  	-0.0733  	-0.0248  	-0.0167  	-0.0047  	-0.0237  	0.01173  	-0.0238  	0.00850  	0.01403  	-0.0286  	-0.0266  	0.01355  	0.02888  	0.00987  	0.09969  	0.05407  	-0.0397  	-0.0079  	0.02883  	0.61951  	1.08884  	126.320  	105.636  	
0.11271  	0.10751  	-0.3897  	0.34011  	0.35929  	0.04456  	0.28182  	0.18998  	0.21921  	0.10365  	-0.5747  	0.98020  	0.17361  	0.17904  	-0.5115  	0.16815  	0.33989  	0.16389  	0.41409  	0.20131  	-0.1161  	0.48827  	0.07331  	-0.2141  	0.20950  	0.10016  	0.25136  	-0.1259  	-0.0732  	0.09895  	-0.0387  	0.01547  	0.18145  	-0.1043  	0.02436  	-0.0059  	-0.0326  	-0.0518  	-0.0421  	-0.0405  	0.06575  	0.07355  	0.00436  	0.27190  	0.08265  	-0.0432  	-0.0307  	0.09253  	0.06554  	-0.1638  	-0.0752  	-0.0270  	-0.0180  	-0.0043  	-0.0221  	0.01372  	-0.0201  	0.00917  	0.01446  	-0.0322  	-0.0245  	0.01907  	0.02735  	0.01414  	0.09889  	0.06438  	-0.0428  	-0.0087  	0.02683  	0.59963  	1.08884  	126.320  	105.636  	
0.07907  	0.09989  	-0.3880  	0.29127  	0.34412  	0.01337  	0.29431  	0.18545  	0.21154  	0.11431  	-0.5461  	0.97732  	0.16148  	0.14774  	-0.5491  	0.15823  	0.32855  	0.18436  	0.39164  	0.20662  	-0.1238  	0.47298  	0.07720  	-0.2298  	0.20598  	0.11034  	0.21378  	-0.1043  	-0.0756  	0.06218  	-0.0404  	0.00946  	0.17768  	-0.1087  	0.01558  	0.00527  	-0.0364  	-0.0553  	-0.0462  	-0.0401  	0.08357  	0.06727  	0.00270  	0.27358  	0.07913  	-0.0434  	-0.0291  	0.08732  	0.06038  	-0.1533  	-0.0754  	-0.0290  	-0.0147  	-0.0062  	-0.0235  	0.01374  	-0.0207  	0.00551  	0.01725  	-0.0341  	-0.0227  	0.02329  	0.02837  	0.00914  	0.09286  	0.07876  	-0.0458  	-0.0086  	0.02423  	0.58071  	1.08884  	126.320  	105.636  	
0.12034  	0.11574  	-0.3434  	0.26339  	0.31057  	0.01248  	0.28322  	0.22119  	0.21770  	0.11992  	-0.5090  	0.97340  	0.15775  	0.14975  	-0.5586  	0.18775  	0.32795  	0.16786  	0.40500  	0.17529  	-0.0747  	0.46981  	0.10702  	-0.2042  	0.18201  	0.10916  	0.23448  	-0.1881  	-0.1338  	0.04641  	-0.0385  	0.02333  	0.17561  	-0.1174  	0.03277  	-0.0157  	0.00678  	-0.0330  	-0.0775  	-0.0549  	0.09113  	0.06570  	0.00405  	0.27208  	0.07820  	-0.0441  	-0.0297  	0.08578  	0.06498  	-0.1513  	-0.0811  	-0.0266  	-0.0134  	-0.0056  	-0.0232  	0.01113  	-0.0251  	0.00655  	0.01669  	-0.0328  	-0.0241  	0.02636  	0.02956  	0.00837  	0.08365  	0.09710  	-0.0491  	-0.0089  	0.02109  	0.57043  	1.08884  	126.320  	105.636  	
0.19398  	0.11469  	-0.2957  	0.27739  	0.29415  	0.04567  	0.28046  	0.24318  	0.23391  	0.10004  	-0.5008  	0.94244  	0.17422  	0.18178  	-0.5014  	0.19881  	0.33234  	0.14505  	0.44278  	0.15808  	-0.0325  	0.48258  	0.13752  	-0.1649  	0.20537  	0.10347  	0.27169  	-0.2739  	-0.1659  	0.06131  	-0.0383  	0.04026  	0.17145  	-0.1246  	0.05288  	-0.0401  	0.05873  	-0.0130  	-0.1017  	-0.0674  	0.07826  	0.06665  	0.00716  	0.26642  	0.08202  	-0.0418  	-0.0340  	0.09086  	0.06604  	-0.1591  	-0.0831  	-0.0237  	-0.0124  	-0.0051  	-0.0184  	0.00805  	-0.0253  	0.00978  	0.01544  	-0.0273  	-0.0280  	0.01933  	0.02437  	0.01433  	0.07374  	0.11620  	-0.0516  	-0.0093  	0.01928  	0.57714  	1.08884  	126.320  	105.636  	
0.23692  	0.12143  	-0.2492  	0.23935  	0.26259  	0.06889  	0.29131  	0.28162  	0.25003  	0.09850  	-0.4364  	0.93008  	0.16685  	0.19813  	-0.5022  	0.23306  	0.34039  	0.11695  	0.46333  	0.14128  	0.02314  	0.48543  	0.15833  	-0.1434  	0.19417  	0.09235  	0.30526  	-0.3436  	-0.2254  	0.04610  	-0.0400  	0.05433  	0.17543  	-0.1259  	0.08605  	-0.0548  	0.10470  	0.00687  	-0.1195  	-0.0798  	0.06196  	0.06514  	0.00479  	0.27138  	0.08607  	-0.0429  	-0.0339  	0.09164  	0.06489  	-0.1596  	-0.0875  	-0.0217  	-0.0123  	-0.0048  	-0.0164  	0.00929  	-0.0278  	0.00987  	0.01229  	-0.0246  	-0.0250  	0.01585  	0.02611  	0.01457  	0.06395  	0.13159  	-0.0548  	-0.0098  	0.01802  	0.57925  	1.08884  	126.320  	105.636  	
0.26276  	0.14962  	-0.1962  	0.18739  	0.23907  	0.08587  	0.29192  	0.29903  	0.26409  	0.11134  	-0.4029  	0.96779  	0.16956  	0.19045  	-0.6099  	0.27786  	0.32370  	0.12872  	0.45560  	0.16705  	0.04446  	0.47227  	0.15902  	-0.1589  	0.18768  	0.09493  	0.28568  	-0.3110  	-0.1962  	0.03642  	-0.0271  	0.03874  	0.19620  	-0.1192  	0.06333  	-0.0424  	0.10127  	0.00717  	-0.1087  	-0.0923  	0.09128  	0.06128  	0.01369  	0.28129  	0.08550  	-0.0469  	-0.0312  	0.09060  	0.06788  	-0.1628  	-0.0883  	-0.0252  	-0.0126  	-0.0062  	-0.0163  	0.01432  	-0.0285  	0.00887  	0.01389  	-0.0247  	-0.0230  	0.01618  	0.02756  	0.01398  	0.05609  	0.14157  	-0.0577  	-0.0102  	0.01743  	0.59699  	1.08884  	126.320  	105.636  	
0.19652  	0.14246  	-0.2438  	0.16539  	0.22622  	0.07715  	0.28023  	0.29911  	0.25925  	0.09017  	-0.3663  	0.98684  	0.15690  	0.15819  	-0.6099  	0.27697  	0.32829  	0.13685  	0.44033  	0.16039  	0.07693  	0.46659  	0.17529  	-0.1344  	0.16061  	0.09527  	0.30427  	-0.3093  	-0.2501  	0.01302  	-0.0276  	0.04736  	0.20075  	-0.1234  	0.07992  	-0.0642  	0.12142  	0.01437  	-0.1278  	-0.0990  	0.09979  	0.06284  	0.00411  	0.27615  	0.08285  	-0.0454  	-0.0320  	0.08313  	0.06637  	-0.1616  	-0.0907  	-0.0250  	-0.0126  	-0.0054  	-0.0195  	0.01107  	-0.0264  	0.00972  	0.01723  	-0.0261  	-0.0201  	0.01891  	0.02989  	0.01440  	0.04997  	0.14696  	-0.0630  	-0.0102  	0.01711  	0.60381  	1.08884  	126.320  	105.636  	
0.14508  	0.12487  	-0.2762  	0.14549  	0.19667  	0.07769  	0.26917  	0.31034  	0.25198  	0.06674  	-0.3022  	0.95507  	0.11886  	0.11963  	-0.6093  	0.25568  	0.36096  	0.13108  	0.44930  	0.13668  	0.09757  	0.45483  	0.21265  	-0.1124  	0.12113  	0.08930  	0.32756  	-0.3352  	-0.3047  	-0.0078  	-0.0259  	0.06588  	0.19380  	-0.1297  	0.09934  	-0.0977  	0.14933  	0.02302  	-0.1541  	-0.0996  	0.08793  	0.05785  	0.00586  	0.27895  	0.07767  	-0.0458  	-0.0277  	0.07574  	0.06197  	-0.1553  	-0.0943  	-0.0267  	-0.0142  	-0.0053  	-0.0197  	0.01334  	-0.0298  	0.00941  	0.01365  	-0.0235  	-0.0170  	0.02231  	0.03235  	0.01514  	0.04710  	0.14976  	-0.0680  	-0.0095  	0.01661  	0.60780  	1.08884  	126.320  	105.636  	
0.12978  	0.12548  	-0.2785  	0.10853  	0.14532  	0.03082  	0.25576  	0.29956  	0.24950  	0.09397  	-0.2766  	0.92559  	0.11061  	0.12509  	-0.5888  	0.24498  	0.36288  	0.11528  	0.44124  	0.13021  	0.12299  	0.47026  	0.21360  	-0.1135  	0.11219  	0.09641  	0.31655  	-0.3821  	-0.3430  	-0.0166  	-0.0143  	0.06822  	0.18779  	-0.1313  	0.10171  	-0.1137  	0.18004  	0.03481  	-0.1662  	-0.1095  	0.08932  	0.04802  	0.00283  	0.27534  	0.07546  	-0.0430  	-0.0248  	0.06644  	0.05678  	-0.1518  	-0.0957  	-0.0237  	-0.0126  	-0.0008  	-0.0205  	0.01248  	-0.0356  	0.00756  	0.01289  	-0.0219  	-0.0167  	0.02606  	0.02914  	0.01421  	0.04573  	0.15107  	-0.0738  	-0.0089  	0.01609  	0.60209  	1.08884  	126.320  	105.636  	
0.21137  	0.16685  	-0.1953  	0.07331  	0.08658  	0.05866  	0.26898  	0.32733  	0.29021  	0.07269  	-0.2225  	0.93464  	0.11803  	0.16348  	-0.5977  	0.28593  	0.36858  	0.09538  	0.45402  	0.08832  	0.20259  	0.48150  	0.24390  	-0.0832  	0.10919  	0.09465  	0.33384  	-0.4760  	-0.4162  	-0.0296  	-0.0065  	0.07659  	0.19118  	-0.1378  	0.13868  	-0.1184  	0.23369  	0.05942  	-0.1922  	-0.1365  	0.08675  	0.04118  	0.00558  	0.27003  	0.07506  	-0.0420  	-0.0297  	0.06906  	0.05625  	-0.1446  	-0.0959  	-0.0235  	-0.0104  	0.00155  	-0.0210  	0.01445  	-0.0362  	0.00873  	0.01127  	-0.0208  	-0.0156  	0.02450  	0.02377  	0.01266  	0.04844  	0.15223  	-0.0783  	-0.0076  	0.01557  	0.57580  	1.08884  	126.320  	105.636  	
0.26076  	0.18230  	-0.1397  	0.03967  	0.05814  	0.09819  	0.28702  	0.36045  	0.29388  	0.06126  	-0.1906  	0.95402  	0.12584  	0.19470  	-0.6106  	0.32377  	0.37247  	0.08171  	0.46631  	0.05514  	0.23299  	0.49007  	0.27445  	-0.0578  	0.09971  	0.09456  	0.35964  	-0.5144  	-0.4532  	-0.0319  	-0.0034  	0.08423  	0.19585  	-0.1405  	0.14336  	-0.1263  	0.25098  	0.06300  	-0.1855  	-0.1453  	0.07835  	0.04698  	0.01540  	0.27100  	0.07028  	-0.0424  	-0.0305  	0.08080  	0.06359  	-0.1496  	-0.0969  	-0.0214  	-0.0083  	0.00581  	-0.0212  	0.01525  	-0.0414  	0.00965  	0.00704  	-0.0179  	-0.0155  	0.02354  	0.03034  	0.01525  	0.05474  	0.15266  	-0.0842  	-0.0063  	0.01383  	0.56783  	1.08884  	126.320  	105.636  	
0.25930  	0.17675  	-0.1365  	0.01990  	0.04903  	0.08508  	0.28789  	0.35287  	0.30029  	0.07420  	-0.1668  	0.95293  	0.12175  	0.18390  	-0.6396  	0.31771  	0.37738  	0.07954  	0.45626  	0.04655  	0.22510  	0.48145  	0.28325  	-0.0598  	0.08012  	0.09691  	0.36585  	-0.5074  	-0.4616  	-0.0315  	-0.0003  	0.08723  	0.19537  	-0.1426  	0.14609  	-0.1288  	0.25706  	0.06585  	-0.1921  	-0.1439  	0.08184  	0.04493  	0.01805  	0.26934  	0.06798  	-0.0437  	-0.0300  	0.07570  	0.06336  	-0.1508  	-0.0970  	-0.0205  	-0.0090  	0.00550  	-0.0196  	0.01511  	-0.0399  	0.00899  	0.00871  	-0.0165  	-0.0155  	0.02393  	0.03114  	0.01599  	0.06252  	0.15429  	-0.0893  	-0.0051  	0.01209  	0.57184  	1.08884  	126.320  	105.636  	
0.27408  	0.17464  	-0.1425  	0.04468  	0.07458  	0.09533  	0.29292  	0.34614  	0.29153  	0.07009  	-0.2012  	0.93764  	0.13575  	0.18728  	-0.6329  	0.31868  	0.38280  	0.08487  	0.45712  	0.05261  	0.20341  	0.48628  	0.27510  	-0.0457  	0.09986  	0.09700  	0.37985  	-0.5062  	-0.4436  	-0.0266  	-0.0054  	0.08052  	0.19195  	-0.1443  	0.15422  	-0.1207  	0.23189  	0.05360  	-0.1811  	-0.1366  	0.06307  	0.04807  	0.01415  	0.26946  	0.06840  	-0.0431  	-0.0308  	0.07814  	0.06549  	-0.1504  	-0.0901  	-0.0208  	-0.0096  	0.00166  	-0.0192  	0.01432  	-0.0390  	0.00991  	0.00738  	-0.0197  	-0.0180  	0.02445  	0.03432  	0.01521  	0.06825  	0.15715  	-0.0947  	-0.0046  	0.01014  	0.57853  	1.08884  	126.320  	105.636  	
0.30897  	0.15728  	-0.1282  	0.14199  	0.17995  	0.14679  	0.29840  	0.32132  	0.23997  	0.09484  	-0.3608  	0.89665  	0.19584  	0.27952  	-0.5920  	0.27665  	0.37288  	0.09890  	0.44295  	0.04681  	0.11185  	0.49807  	0.21173  	-0.0425  	0.19592  	0.07569  	0.39290  	-0.4407  	-0.3455  	0.01381  	-0.0075  	0.06641  	0.17073  	-0.1523  	0.14720  	-0.0762  	0.15505  	-0.0040  	-0.1623  	-0.1109  	0.04437  	0.06710  	-0.0068  	0.26800  	0.07194  	-0.0400  	-0.0384  	0.08445  	0.07048  	-0.1460  	-0.0787  	-0.0230  	-0.0085  	-0.0058  	-0.0196  	0.01772  	-0.0373  	0.01069  	0.01220  	-0.0241  	-0.0199  	0.02766  	0.04026  	0.01145  	0.07306  	0.16040  	-0.0979  	-0.0035  	0.00876  	0.56842  	1.08884  	126.320  	105.636  	
0.32887  	0.14394  	-0.1424  	0.28070  	0.27167  	0.17522  	0.33841  	0.32399  	0.25876  	0.13533  	-0.5512  	0.85746  	0.26641  	0.34928  	-0.5574  	0.20718  	0.37366  	0.11444  	0.43167  	0.08778  	-0.0495  	0.52880  	0.12440  	-0.1327  	0.27764  	0.07586  	0.35234  	-0.3293  	-0.1750  	0.07258  	-0.0308  	0.04117  	0.16081  	-0.1412  	0.05892  	-0.0321  	0.03764  	-0.0440  	-0.0617  	-0.0570  	0.06361  	0.07414  	0.01187  	0.28317  	0.07540  	-0.0367  	-0.0510  	0.11348  	0.08352  	-0.1525  	-0.0698  	-0.0231  	-0.0103  	-0.0092  	-0.0159  	0.02459  	-0.0328  	0.00491  	0.01645  	-0.0231  	-0.0222  	0.02314  	0.02963  	0.01294  	0.07804  	0.16497  	-0.1012  	-0.0031  	0.00696  	0.57805  	1.08884  	126.320  	105.636  	
0.28111  	0.15709  	-0.3257  	0.49290  	0.41673  	0.11738  	0.35881  	0.27389  	0.23805  	0.16183  	-0.7009  	0.88037  	0.31340  	0.50342  	-0.4121  	0.10378  	0.35096  	0.13035  	0.41901  	0.09487  	-0.1443  	0.58091  	0.07514  	-0.1365  	0.33426  	0.04790  	0.39229  	-0.2987  	-0.0730  	0.13405  	-0.0235  	0.01480  	0.17490  	-0.1268  	0.08230  	-0.0222  	-0.0239  	-0.0658  	-0.0604  	-0.0105  	0.03544  	0.08833  	-0.0013  	0.27912  	0.07956  	-0.0362  	-0.0435  	0.09970  	0.08014  	-0.1603  	-0.0762  	-0.0274  	-0.0188  	-0.0112  	-0.0174  	0.03024  	-0.0320  	0.00420  	0.01525  	-0.0171  	-0.0219  	0.02775  	0.01779  	0.00594  	0.08228  	0.17025  	-0.1020  	-0.0030  	0.00595  	0.58982  	1.08884  	126.320  	105.636  	
-0.0200  	0.01646  	-0.5237  	0.29074  	0.36449  	-0.2176  	0.35158  	0.21870  	0.20032  	0.21893  	-0.4310  	0.93545  	0.25231  	0.36420  	-0.5242  	0.06732  	0.31540  	0.13329  	0.42338  	0.18878  	-0.1123  	0.50230  	0.01628  	-0.1198  	0.23389  	0.08386  	0.30456  	-0.2174  	-0.1573  	0.07082  	0.02353  	0.01890  	0.18629  	-0.1306  	0.11241  	0.00169  	-0.0256  	-0.0923  	-0.1021  	-0.0184  	0.04142  	0.08151  	-0.0155  	0.27880  	0.07964  	-0.0447  	-0.0233  	0.08214  	0.06675  	-0.1543  	-0.0808  	-0.0253  	-0.0309  	-0.0125  	-0.0244  	0.01069  	-0.0300  	-0.0001  	0.01235  	-0.0191  	-0.0103  	0.02018  	0.00642  	0.01034  	0.08519  	0.17684  	-0.1030  	-0.0033  	0.00537  	0.59996  	1.08884  	126.320  	105.636  	
-0.4072  	-0.0563  	-0.6137  	-0.1747  	0.17780  	-0.4577  	0.28382  	0.08824  	0.16353  	0.30687  	-0.1529  	1.00288  	0.08981  	-0.0302  	-0.9422  	0.09483  	0.28588  	0.24665  	0.46332  	0.29230  	-0.1027  	0.43015  	0.08451  	-0.1217  	0.06710  	0.12552  	0.11339  	-0.1433  	-0.1684  	-0.0336  	0.05038  	0.01572  	0.18721  	-0.1242  	0.02168  	0.03076  	-0.0376  	-0.0654  	-0.0924  	-0.0157  	0.09195  	0.08763  	-0.0291  	0.25656  	0.08183  	-0.0464  	-0.0182  	0.06717  	0.04265  	-0.1489  	-0.0849  	-0.0280  	-0.0206  	-0.0003  	-0.0230  	-0.0078  	-0.0078  	0.00636  	0.00900  	-0.0191  	-0.0159  	0.01507  	0.01768  	0.01427  	0.08793  	0.18303  	-0.1023  	-0.0034  	0.00553  	0.59798  	1.08884  	126.320  	105.636  	
-0.4026  	-0.0579  	-0.5357  	-0.2981  	0.05796  	-0.3211  	0.24884  	0.10122  	0.13323  	0.28814  	-0.1265  	0.89099  	0.04343  	-0.1497  	-1.0101  	0.09260  	0.34345  	0.22492  	0.46529  	0.22352  	-0.1262  	0.44140  	0.18500  	-0.1834  	0.16073  	0.11892  	0.16324  	-0.1876  	-0.1556  	-0.0151  	0.02012  	0.03025  	0.14422  	-0.1328  	-0.0493  	0.04310  	-0.0013  	-0.0477  	-0.0932  	-0.0547  	0.13745  	0.04319  	-0.0135  	0.26762  	0.09330  	-0.0449  	-0.0258  	0.04114  	0.04832  	-0.1497  	-0.0809  	-0.0256  	-0.0200  	-0.0024  	-0.0222  	-0.0031  	-0.0232  	0.00879  	0.01431  	-0.0212  	-0.0168  	0.01500  	0.03017  	0.01538  	0.09022  	0.18919  	-0.1024  	-0.0035  	0.00593  	0.59131  	1.08884  	126.320  	105.636  	
-0.1441  	0.03374  	-0.3559  	-0.1538  	0.06846  	-0.1509  	0.26768  	0.15512  	0.19768  	0.17744  	-0.3094  	0.91344  	0.10017  	-0.0266  	-0.8474  	0.10951  	0.36954  	0.20409  	0.44928  	0.17646  	-0.1019  	0.44952  	0.19627  	-0.1860  	0.11941  	0.14789  	0.14264  	-0.1854  	-0.1472  	-0.0127  	0.02925  	0.01269  	0.17377  	-0.1376  	-0.0533  	-0.0091  	0.00189  	-0.0421  	-0.0863  	-0.0504  	0.15888  	0.04039  	0.02446  	0.27799  	0.06989  	-0.0425  	-0.0189  	0.07266  	0.05459  	-0.1496  	-0.0714  	-0.0250  	-0.0158  	-0.0104  	-0.0241  	-0.0003  	-0.0254  	0.00085  	0.01724  	-0.0248  	-0.0207  	0.02571  	0.02297  	0.02248  	0.09284  	0.19377  	-0.1009  	-0.0036  	0.00710  	0.58885  	1.08884  	126.320  	105.636  	
0.20801  	0.12172  	-0.2051  	0.16072  	0.22718  	0.05871  	0.29039  	0.27178  	0.24262  	0.16973  	-0.4391  	0.93602  	0.17308  	0.17409  	-0.5742  	0.22227  	0.35422  	0.14907  	0.45756  	0.15560  	0.00896  	0.48337  	0.16623  	-0.1417  	0.16400  	0.10842  	0.25845  	-0.3449  	-0.2233  	0.01549  	0.00290  	0.05230  	0.19328  	-0.1357  	0.04072  	-0.0386  	0.07252  	-0.0046  	-0.1085  	-0.0754  	0.09954  	0.04938  	0.01480  	0.27928  	0.07952  	-0.0418  	-0.0281  	0.09418  	0.06229  	-0.1476  	-0.0861  	-0.0222  	-0.0113  	-0.0092  	-0.0220  	0.01282  	-0.0280  	0.00625  	0.00922  	-0.0244  	-0.0199  	0.02090  	0.03235  	0.01464  	0.09323  	0.19709  	-0.0991  	-0.0038  	0.00886  	0.56642  	1.08884  	126.320  	105.636  	
0.29467  	0.12726  	-0.1598  	0.20511  	0.21552  	0.09942  	0.30813  	0.27769  	0.24358  	0.16416  	-0.4302  	0.87530  	0.17730  	0.21916  	-0.5836  	0.26053  	0.35070  	0.11189  	0.45446  	0.11513  	0.01350  	0.48688  	0.14954  	-0.1457  	0.23718  	0.08872  	0.33604  	-0.3911  	-0.2573  	0.03974  	-0.0253  	0.06352  	0.16971  	-0.1357  	0.10113  	-0.0345  	0.09474  	-0.0034  	-0.1127  	-0.0801  	0.08216  	0.04976  	0.02857  	0.28187  	0.06959  	-0.0429  	-0.0344  	0.10453  	0.07840  	-0.1533  	-0.0858  	-0.0282  	-0.0103  	-0.0022  	-0.0138  	0.01576  	-0.0304  	0.00157  	0.00598  	-0.0154  	-0.0228  	0.02255  	0.03115  	0.01401  	0.09267  	0.19913  	-0.0964  	-0.0028  	0.01041  	0.55545  	1.08884  	126.320  	105.636  	
0.22967  	0.13735  	-0.1732  	0.04280  	0.15387  	0.05456  	0.33449  	0.28365  	0.23037  	0.21970  	-0.3897  	0.88752  	0.15987  	0.15635  	-0.7343  	0.27525  	0.32213  	0.17611  	0.47188  	0.16332  	-0.0093  	0.46225  	0.13200  	-0.1849  	0.23897  	0.07966  	0.28008  	-0.2858  	-0.1625  	0.01523  	-0.0131  	0.04008  	0.18057  	-0.1372  	0.04267  	0.00010  	0.06922  	-0.0109  	-0.0936  	-0.0718  	0.11287  	0.03477  	0.03103  	0.28473  	0.07356  	-0.0446  	-0.0335  	0.09782  	0.07097  	-0.1599  	-0.0764  	-0.0255  	-0.0116  	-0.0046  	-0.0176  	0.00853  	-0.0341  	0.00537  	0.01162  	-0.0207  	-0.0269  	0.01410  	0.04021  	0.01366  	0.08758  	0.20560  	-0.0996  	-0.0019  	0.01128  	0.53615  	1.08884  	126.320  	105.636  	
0.04569  	0.08394  	-0.3330  	0.05322  	0.15809  	-0.0703  	0.28329  	0.16330  	0.19227  	0.21943  	-0.2997  	0.88109  	0.13865  	0.11389  	-0.7570  	0.23409  	0.32158  	0.14717  	0.46351  	0.16678  	-0.0362  	0.46926  	0.07762  	-0.0629  	0.26933  	0.09193  	0.34472  	-0.3168  	-0.2604  	0.01570  	-0.0146  	0.06679  	0.14739  	-0.1269  	0.12183  	0.02662  	0.08782  	-0.0283  	-0.1281  	-0.0459  	0.02882  	0.07770  	-0.0128  	0.28535  	0.07313  	-0.0425  	-0.0424  	0.06514  	0.05659  	-0.1528  	-0.0744  	-0.0273  	-0.0120  	-0.0003  	-0.0183  	0.01145  	-0.0242  	0.00658  	0.02130  	-0.0238  	-0.0289  	0.01772  	0.02965  	0.01407  	0.08199  	0.20403  	-0.0978  	-0.0017  	0.01372  	0.53761  	1.08884  	126.320  	105.636  	
0.15069  	0.07589  	-0.3436  	0.28954  	0.32040  	0.00500  	0.25647  	0.20011  	0.16275  	0.11733  	-0.5644  	0.96864  	0.21861  	0.23539  	-0.4670  	0.16515  	0.34993  	0.05995  	0.44991  	0.11327  	-0.0608  	0.54413  	0.17335  	-0.0845  	0.16976  	0.09335  	0.37953  	-0.3084  	-0.2540  	0.06444  	-0.0208  	0.04687  	0.15110  	-0.1427  	0.08453  	-0.0293  	0.06940  	-0.0451  	-0.1412  	-0.0522  	0.02433  	0.07842  	-0.0118  	0.28441  	0.07694  	-0.0470  	-0.0364  	0.09337  	0.07638  	-0.1579  	-0.0942  	-0.0287  	-0.0214  	-0.0084  	-0.0209  	0.01357  	-0.0146  	-0.0001  	0.01491  	-0.0280  	-0.0271  	0.01816  	0.02288  	0.01119  	0.07699  	0.19357  	-0.0928  	-0.0021  	0.01726  	0.52823  	1.08884  	126.320  	105.636  	
0.28725  	0.15449  	-0.1864  	0.19011  	0.21550  	0.12102  	0.32040  	0.28399  	0.22628  	0.14917  	-0.4343  	0.88437  	0.16753  	0.29620  	-0.4484  	0.19121  	0.34984  	0.08520  	0.44908  	0.05214  	0.06907  	0.56056  	0.19675  	-0.0656  	0.20746  	0.07308  	0.41950  	-0.4557  	-0.3120  	0.03309  	-0.0165  	0.07864  	0.17892  	-0.1473  	0.15790  	-0.0503  	0.13054  	-0.0017  	-0.1477  	-0.0753  	0.04874  	0.06796  	0.00638  	0.27787  	0.07521  	-0.0450  	-0.0413  	0.10251  	0.08089  	-0.1516  	-0.0800  	-0.0227  	-0.0110  	-0.0047  	-0.0161  	0.02114  	-0.0335  	0.00636  	0.00666  	-0.0179  	-0.0238  	0.02275  	0.03083  	0.00979  	0.07417  	0.17376  	-0.0839  	-0.0026  	0.02124  	0.53932  	1.08884  	126.320  	105.636  	
0.31834  	0.16878  	-0.1389  	0.14333  	0.15792  	0.15309  	0.28956  	0.33571  	0.24267  	0.08670  	-0.3269  	0.91154  	0.15648  	0.24480  	-0.5506  	0.28944  	0.36197  	0.07167  	0.45616  	0.06044  	0.19056  	0.54746  	0.23939  	-0.0528  	0.18869  	0.06965  	0.38660  	-0.4766  	-0.3770  	0.01766  	-0.0181  	0.07505  	0.16474  	-0.1448  	0.15366  	-0.0726  	0.18829  	0.00613  	-0.1627  	-0.1107  	0.05505  	0.06514  	-0.0055  	0.26429  	0.06977  	-0.0380  	-0.0413  	0.09435  	0.07269  	-0.1464  	-0.0818  	-0.0238  	-0.0068  	-0.0041  	-0.0235  	0.02043  	-0.0333  	0.00732  	0.01051  	-0.0179  	-0.0239  	0.02346  	0.03423  	0.00895  	0.07423  	0.14668  	-0.0744  	-0.0033  	0.02477  	0.55815  	1.08884  	126.320  	105.636  	
0.34352  	0.16887  	-0.1466  	0.16100  	0.16926  	0.15154  	0.29158  	0.32374  	0.25079  	0.07195  	-0.3335  	0.91604  	0.17028  	0.23691  	-0.5704  	0.28986  	0.35624  	0.04627  	0.46121  	0.04990  	0.17724  	0.52383  	0.23568  	-0.0481  	0.18651  	0.06680  	0.40014  	-0.4845  	-0.3716  	0.01662  	-0.0319  	0.08314  	0.15986  	-0.1464  	0.15735  	-0.0803  	0.19108  	0.01547  	-0.1714  	-0.1072  	0.05298  	0.06670  	-0.0037  	0.26355  	0.06922  	-0.0372  	-0.0397  	0.09380  	0.07752  	-0.1501  	-0.0843  	-0.0239  	-0.0100  	-0.0040  	-0.0211  	0.02114  	-0.0380  	0.00703  	0.01166  	-0.0196  	-0.0216  	0.01967  	0.03124  	0.00772  	0.07703  	0.11735  	-0.0632  	-0.0041  	0.02851  	0.57561  	1.08884  	126.320  	105.636  	
0.33077  	0.14721  	-0.0860  	0.16225  	0.18985  	0.15289  	0.31186  	0.31287  	0.24637  	0.14852  	-0.3998  	0.86008  	0.19193  	0.24923  	-0.6420  	0.28028  	0.34489  	0.11098  	0.45166  	0.08223  	0.06902  	0.49313  	0.17533  	-0.1329  	0.20714  	0.07634  	0.35032  	-0.3947  	-0.2834  	0.03222  	-0.0106  	0.07612  	0.16734  	-0.1398  	0.09428  	-0.0531  	0.13545  	0.00329  	-0.1276  	-0.0951  	0.07564  	0.04597  	0.03288  	0.28112  	0.07792  	-0.0419  	-0.0392  	0.09904  	0.07902  	-0.1583  	-0.0799  	-0.0257  	-0.0070  	-0.0078  	-0.0152  	0.01504  	-0.0347  	0.00519  	0.01275  	-0.0168  	-0.0198  	0.01430  	0.03376  	0.01278  	0.08281  	0.08927  	-0.0539  	-0.0049  	0.03055  	0.59986  	1.08884  	126.320  	105.636  	
0.29259  	0.14478  	-0.1930  	0.15795  	0.22873  	0.05368  	0.34577  	0.23836  	0.22562  	0.20161  	-0.5071  	0.78731  	0.21688  	0.29404  	-0.5418  	0.12075  	0.35293  	0.09418  	0.43737  	0.06223  	-0.0162  	0.55260  	0.16664  	-0.1133  	0.31773  	0.05732  	0.41330  	-0.4211  	-0.2239  	0.06369  	-0.0186  	0.04727  	0.14726  	-0.1449  	0.10129  	-0.0289  	0.10703  	-0.0261  	-0.1153  	-0.0531  	0.07169  	0.06032  	0.01052  	0.28444  	0.07356  	-0.0427  	-0.0443  	0.10078  	0.08021  	-0.1578  	-0.0787  	-0.0279  	-0.0119  	-0.0079  	-0.0196  	0.01849  	-0.0286  	0.00479  	0.01265  	-0.0174  	-0.0236  	0.01855  	0.03179  	0.01186  	0.09293  	0.06691  	-0.0440  	-0.0052  	0.03152  	0.60554  	1.08884  	126.320  	105.636  	
0.15241  	0.09294  	-0.3946  	0.30892  	0.32861  	0.00841  	0.27799  	0.21920  	0.18669  	0.13617  	-0.5261  	0.94825  	0.20754  	0.19490  	-0.5230  	0.14632  	0.37266  	0.13162  	0.44130  	0.09697  	-0.0668  	0.55194  	0.13610  	-0.1201  	0.23404  	0.08471  	0.35292  	-0.2820  	-0.1687  	0.09087  	-0.0354  	0.04188  	0.14847  	-0.1334  	0.07161  	-0.0229  	0.00717  	-0.0455  	-0.0726  	-0.0459  	0.05590  	0.06667  	0.00300  	0.27415  	0.07618  	-0.0429  	-0.0384  	0.08805  	0.07399  	-0.1593  	-0.0765  	-0.0278  	-0.0160  	-0.0125  	-0.0174  	0.01105  	-0.0265  	0.00494  	0.01810  	-0.0222  	-0.0233  	0.01252  	0.02431  	0.01306  	0.10651  	0.05161  	-0.0361  	-0.0055  	0.03062  	0.61934  	1.08884  	126.320  	105.636  	
0.05701  	0.10488  	-0.3845  	0.12432  	0.22864  	-0.0531  	0.28097  	0.19231  	0.21686  	0.15029  	-0.4313  	0.98004  	0.14289  	0.08316  	-0.6034  	0.14117  	0.37722  	0.15560  	0.41470  	0.18474  	-0.0706  	0.48861  	0.14083  	-0.2030  	0.18281  	0.11983  	0.25269  	-0.2296  	-0.1560  	0.03289  	-0.0085  	0.02005  	0.17935  	-0.1187  	0.00262  	-0.0209  	0.01995  	-0.0102  	-0.0903  	-0.0452  	0.11538  	0.04183  	0.02162  	0.27717  	0.07532  	-0.0501  	-0.0229  	0.08159  	0.06426  	-0.1502  	-0.0774  	-0.0249  	-0.0164  	-0.0004  	-0.0211  	0.01361  	-0.0231  	0.00461  	0.01848  	-0.0219  	-0.0181  	0.01538  	0.02505  	0.01361  	0.12052  	0.04520  	-0.0291  	-0.0058  	0.02912  	0.62694  	1.08884  	126.320  	105.636  	
-0.1418  	0.06201  	-0.3655  	-0.0975  	0.11777  	-0.1730  	0.25757  	0.18043  	0.16148  	0.17415  	-0.2903  	0.92374  	0.11280  	-0.1631  	-0.7814  	0.08365  	0.44636  	0.06772  	0.51898  	-0.0695  	-0.0626  	0.23176  	-0.0743  	-0.2349  	0.11404  	0.22284  	0.20265  	-0.2776  	-0.0375  	-0.0298  	0.11357  	-0.0330  	0.06914  	-0.2913  	-0.1190  	0.00736  	-0.0713  	-0.0060  	-0.2095  	-0.1165  	0.24540  	0.16928  	-0.0807  	0.37176  	0.01148  	-0.0249  	-0.0473  	0.09164  	0.03964  	-0.1674  	-0.0745  	-0.0179  	-0.0126  	0.01819  	-0.0065  	0.00076  	-0.0305  	0.00036  	0.02129  	-0.0123  	-0.0204  	0.00602  	0.01058  	0.01698  	0.13101  	0.04901  	-0.0258  	-0.0055  	0.02599  	0.62754  	1.08884  	126.320  	105.636  	
-0.3254  	0.00379  	-0.4000  	-0.2527  	0.02079  	-0.2963  	0.22420  	0.17202  	0.11425  	0.19362  	-0.1980  	0.87761  	0.11356  	-0.3126  	-0.8925  	0.01068  	0.54031  	-0.0556  	0.57633  	-0.2638  	-0.0628  	0.03881  	-0.2630  	-0.2403  	0.03678  	0.32363  	0.15693  	-0.3177  	0.04581  	-0.0566  	0.22612  	-0.0684  	-0.0404  	-0.4225  	-0.2352  	0.01562  	-0.1823  	-0.0117  	-0.3102  	-0.2195  	0.33923  	0.26904  	-0.1886  	0.43618  	-0.0325  	-0.0144  	-0.0632  	0.09245  	0.01991  	-0.1807  	-0.0757  	-0.0133  	-0.0082  	0.02851  	-0.0035  	-0.0070  	-0.0305  	-0.0108  	0.01493  	-0.0100  	-0.0124  	0.01242  	0.00059  	0.01675  	0.13750  	0.06345  	-0.0257  	-0.0043  	0.02216  	0.61876  	1.08884  	126.320  	105.636  	
-0.4110  	-0.0051  	-0.4287  	-0.2950  	0.03287  	-0.3884  	0.20296  	0.17055  	0.10978  	0.25625  	-0.1568  	0.89197  	0.11482  	-0.3529  	-0.9655  	0.00428  	0.54957  	-0.0918  	0.59686  	-0.3246  	-0.1054  	-0.0236  	-0.3224  	-0.2647  	0.02082  	0.34805  	0.12290  	-0.2884  	0.09970  	-0.0520  	0.26168  	-0.0859  	-0.0537  	-0.4515  	-0.2754  	0.02968  	-0.2333  	-0.0285  	-0.3106  	-0.2331  	0.36121  	0.29879  	-0.2074  	0.45244  	-0.0500  	-0.0062  	-0.0680  	0.10210  	0.02177  	-0.1840  	-0.0709  	-0.0109  	-0.0120  	0.03352  	-0.0014  	-0.0087  	-0.0337  	-0.0150  	0.01644  	-0.0059  	-0.0054  	0.01242  	-0.0012  	0.01930  	0.13868  	0.08742  	-0.0301  	-0.0038  	0.01835  	0.58552  	1.08884  	126.320  	105.636  	
-0.4234  	-0.0208  	-0.4327  	-0.2964  	0.01087  	-0.3594  	0.21925  	0.15081  	0.12159  	0.26833  	-0.2019  	0.90895  	0.10919  	-0.3581  	-0.9804  	0.03487  	0.53117  	-0.0490  	0.58121  	-0.2668  	-0.1444  	0.01912  	-0.2614  	-0.2842  	-0.0007  	0.34290  	0.07229  	-0.2401  	0.10917  	-0.0654  	0.25021  	-0.0779  	-0.0344  	-0.4115  	-0.3019  	0.02802  	-0.2480  	-0.0271  	-0.2636  	-0.2051  	0.35411  	0.26944  	-0.1705  	0.43604  	-0.0402  	-0.0086  	-0.0662  	0.10375  	0.02717  	-0.1812  	-0.0738  	-0.0110  	-0.0134  	0.02478  	-0.0002  	-0.0125  	-0.0341  	-0.0109  	0.01452  	-0.0097  	-0.0086  	0.01349  	0.00386  	0.02075  	0.13909  	0.10551  	-0.0284  	-0.0037  	0.01632  	0.58140  	1.08884  	126.320  	105.636  	
-0.4293  	-0.0366  	-0.4336  	-0.3453  	-0.0195  	-0.2965  	0.23478  	0.10816  	0.13587  	0.27611  	-0.2054  	0.87744  	0.05976  	-0.3153  	-1.0348  	0.08918  	0.47570  	0.06587  	0.52320  	-0.0911  	-0.1799  	0.22068  	-0.0096  	-0.2560  	0.06207  	0.26773  	0.09856  	-0.2141  	0.00031  	-0.0444  	0.16219  	-0.0321  	0.04840  	-0.2935  	-0.2407  	0.02702  	-0.1398  	-0.0282  	-0.1792  	-0.1404  	0.29802  	0.16926  	-0.0745  	0.37614  	0.01389  	-0.0270  	-0.0488  	0.08587  	0.04150  	-0.1673  	-0.0808  	-0.0152  	-0.0150  	0.01317  	-0.0077  	-0.0105  	-0.0312  	-0.0015  	0.01464  	-0.0158  	-0.0132  	0.01903  	0.01706  	0.02053  	0.13843  	0.11901  	-0.0268  	-0.0037  	0.01501  	0.57161  	1.08884  	126.320  	105.636  	
-0.1789  	-0.0107  	-0.4613  	-0.0979  	0.15115  	-0.1523  	0.27683  	0.18112  	0.18742  	0.24619  	-0.3073  	1.01887  	0.10851  	-0.0866  	-0.8624  	0.16227  	0.36239  	0.22314  	0.44546  	0.24926  	-0.1551  	0.45425  	0.14352  	-0.1892  	0.08339  	0.14964  	0.13649  	-0.1341  	-0.1475  	-0.0397  	0.01279  	0.01818  	0.18845  	-0.1275  	-0.0730  	-0.0026  	-0.0605  	-0.0374  	-0.0601  	-0.0179  	0.15932  	0.04300  	0.00617  	0.27679  	0.07595  	-0.0431  	-0.0255  	0.07360  	0.03816  	-0.1457  	-0.0860  	-0.0236  	-0.0218  	-0.0109  	-0.0273  	-0.0082  	-0.0267  	0.00820  	0.00653  	-0.0290  	-0.0238  	0.02103  	0.02660  	0.01709  	0.13780  	0.12544  	-0.0245  	-0.0037  	0.01386  	0.58425  	1.08884  	126.320  	105.636  	
0.22197  	0.11409  	-0.2084  	0.22731  	0.28825  	0.07773  	0.33740  	0.25414  	0.23558  	0.17397  	-0.5595  	0.96090  	0.21408  	0.26896  	-0.4531  	0.19385  	0.33426  	0.20280  	0.42100  	0.17136  	-0.0718  	0.52307  	0.12191  	-0.1373  	0.19424  	0.10520  	0.24087  	-0.2497  	-0.1483  	0.02622  	0.02193  	0.05415  	0.20830  	-0.1293  	0.02312  	-0.0458  	-0.0004  	-0.0427  	-0.0604  	0.00633  	0.09484  	0.05781  	0.01228  	0.28095  	0.07611  	-0.0498  	-0.0313  	0.11260  	0.07618  	-0.1584  	-0.0764  	-0.0284  	-0.0186  	-0.0116  	-0.0189  	0.01326  	-0.0232  	0.00064  	0.00714  	-0.0184  	-0.0223  	0.02618  	0.02088  	0.01653  	0.13765  	0.12602  	-0.0224  	-0.0034  	0.01320  	0.58385  	1.08884  	126.320  	105.636  	
0.30564  	0.14682  	-0.2273  	0.40714  	0.34904  	0.18451  	0.37030  	0.25253  	0.22230  	0.14728  	-0.6495  	0.88704  	0.26418  	0.39100  	-0.3980  	0.16877  	0.35723  	0.15801  	0.42000  	0.15284  	-0.1264  	0.57127  	0.07130  	-0.1560  	0.30295  	0.06803  	0.29325  	-0.2467  	-0.0685  	0.10035  	-0.0273  	0.02434  	0.16321  	-0.1186  	0.04437  	-0.0170  	-0.0236  	-0.0671  	-0.0375  	-0.0084  	0.07807  	0.07460  	0.00168  	0.27281  	0.07377  	-0.0383  	-0.0436  	0.11271  	0.08768  	-0.1616  	-0.0744  	-0.0241  	-0.0140  	-0.0094  	-0.0149  	0.02048  	-0.0326  	0.00639  	0.01246  	-0.0218  	-0.0298  	0.02767  	0.02832  	0.00636  	0.13979  	0.12356  	-0.0186  	-0.0028  	0.01285  	0.58303  	1.08884  	126.320  	105.636  	
0.24120  	0.11448  	-0.3836  	0.47878  	0.37670  	0.09130  	0.31700  	0.25590  	0.20665  	0.11189  	-0.6499  	0.93882  	0.24337  	0.33241  	-0.3935  	0.11404  	0.35714  	0.11259  	0.42065  	0.12184  	-0.1013  	0.56262  	0.11941  	-0.1649  	0.31041  	0.06886  	0.35042  	-0.2290  	-0.0854  	0.12573  	-0.0520  	0.02663  	0.16163  	-0.1150  	0.05455  	-0.0154  	-0.0430  	-0.0722  	-0.0379  	-0.0281  	0.02594  	0.08430  	-0.0086  	0.27308  	0.08211  	-0.0383  	-0.0451  	0.09956  	0.07905  	-0.1605  	-0.0754  	-0.0251  	-0.0165  	-0.0124  	-0.0194  	0.01719  	-0.0236  	0.00304  	0.02150  	-0.0232  	-0.0273  	0.01303  	0.01976  	0.00740  	0.14470  	0.11969  	-0.0148  	-0.0023  	0.01184  	0.57640  	1.08884  	126.320  	105.636  	
0.11158  	0.11265  	-0.3936  	0.26629  	0.31203  	0.01390  	0.27691  	0.23110  	0.19866  	0.14284  	-0.5359  	0.97936  	0.17928  	0.13900  	-0.5610  	0.18475  	0.35032  	0.17635  	0.44347  	0.12043  	-0.0694  	0.55078  	0.11821  	-0.1446  	0.19781  	0.09085  	0.30235  	-0.2046  	-0.1370  	0.05368  	-0.0495  	0.02051  	0.15111  	-0.1308  	0.02439  	-0.0029  	-0.0110  	-0.0465  	-0.0583  	-0.0186  	0.07843  	0.07231  	-0.0092  	0.27686  	0.07041  	-0.0458  	-0.0360  	0.09255  	0.07235  	-0.1570  	-0.0828  	-0.0207  	-0.0193  	-0.0042  	-0.0229  	0.00430  	-0.0264  	0.00563  	0.01910  	-0.0266  	-0.0228  	0.01438  	0.03327  	0.01508  	0.15463  	0.11696  	-0.0092  	-0.0015  	0.01051  	0.56797  	1.08884  	126.320  	105.636  	
0.03648  	0.08007  	-0.3096  	-0.0171  	0.17833  	-0.0025  	0.30240  	0.16233  	0.20441  	0.13002  	-0.3020  	0.92083  	0.07383  	-0.0411  	-0.7574  	0.25638  	0.33670  	0.18712  	0.46742  	0.14400  	-0.0047  	0.48156  	0.16764  	-0.1198  	0.15478  	0.09462  	0.29095  	-0.2949  	-0.2539  	-0.0054  	-0.0114  	0.07890  	0.16411  	-0.1204  	0.05195  	0.01287  	0.11450  	0.01102  	-0.1427  	-0.0663  	0.10581  	0.05338  	0.00159  	0.27276  	0.07266  	-0.0468  	-0.0364  	0.06726  	0.06365  	-0.1568  	-0.0784  	-0.0214  	-0.0097  	-0.0056  	-0.0204  	0.00902  	-0.0301  	0.00607  	0.01941  	-0.0295  	-0.0248  	0.00721  	0.02954  	0.01154  	0.16677  	0.11283  	-0.0041  	-0.0006  	0.00804  	0.57178  	1.08884  	126.320  	105.636  	
-0.0089  	0.01600  	-0.3451  	-0.0807  	0.15618  	-0.0861  	0.28519  	0.11112  	0.18325  	0.24796  	-0.2350  	0.88763  	0.04869  	-0.1490  	-0.9626  	0.30853  	0.32161  	0.22699  	0.47458  	0.20628  	-0.0936  	0.43414  	0.13381  	-0.1717  	0.18735  	0.10067  	0.23207  	-0.1962  	-0.2146  	-0.0063  	-0.0122  	0.06397  	0.15676  	-0.1395  	0.01832  	0.07382  	0.05939  	-0.0144  	-0.1273  	-0.0641  	0.10872  	0.05213  	0.01061  	0.28675  	0.08609  	-0.0512  	-0.0244  	0.05886  	0.06360  	-0.1552  	-0.0701  	-0.0278  	-0.0082  	-0.0051  	-0.0143  	0.00231  	-0.0220  	0.00749  	0.01230  	-0.0234  	-0.0242  	0.00738  	0.03453  	0.01778  	0.17836  	0.11009  	0.00105  	0.00020  	0.00650  	0.57189  	1.08884  	126.320  	105.636  	
-0.0500  	0.01826  	-0.3226  	-0.0926  	0.12236  	-0.1183  	0.28627  	0.12168  	0.18667  	0.32502  	-0.1770  	0.90501  	0.04072  	-0.1311  	-1.0629  	0.32654  	0.30851  	0.23747  	0.48492  	0.22978  	-0.1531  	0.41543  	0.10560  	-0.1913  	0.20057  	0.10237  	0.20266  	-0.1587  	-0.1689  	-0.0085  	-0.0192  	0.05262  	0.14643  	-0.1362  	0.01087  	0.10133  	0.03554  	-0.0197  	-0.1159  	-0.0710  	0.12577  	0.04283  	0.01431  	0.28610  	0.08037  	-0.0449  	-0.0266  	0.08175  	0.05930  	-0.1573  	-0.0697  	-0.0265  	-0.0121  	-0.0064  	-0.0130  	0.00320  	-0.0213  	0.00790  	0.01231  	-0.0261  	-0.0267  	0.00365  	0.03420  	0.01655  	0.18759  	0.10878  	0.00341  	0.00063  	0.00469  	0.58583  	1.08884  	126.320  	105.636  	
-0.0369  	0.03260  	-0.3150  	-0.1207  	0.08185  	-0.0735  	0.26499  	0.10593  	0.14944  	0.23245  	-0.1676  	0.86685  	0.02857  	-0.1148  	-1.0025  	0.26622  	0.33337  	0.19768  	0.47002  	0.18946  	-0.0578  	0.42547  	0.14231  	-0.1571  	0.16782  	0.10366  	0.23352  	-0.2412  	-0.2287  	-0.0205  	8.54581  	0.06124  	0.14348  	-0.1321  	0.05218  	0.07894  	0.08200  	-0.0083  	-0.1284  	-0.0820  	0.14797  	0.05401  	0.00750  	0.27516  	0.08244  	-0.0412  	-0.0230  	0.06816  	0.05245  	-0.1504  	-0.0785  	-0.0224  	-0.0074  	-0.0019  	-0.0137  	0.00366  	-0.0216  	0.00985  	0.00743  	-0.0224  	-0.0237  	0.00815  	0.02962  	0.01650  	0.19570  	0.10976  	0.00484  	0.00138  	0.00362  	0.58562  	1.08884  	126.320  	105.636  	
-0.1672  	0.01960  	-0.3955  	-0.1483  	0.07781  	-0.1650  	0.26798  	0.05120  	0.15568  	0.26357  	-0.1961  	0.90355  	0.03650  	-0.1935  	-1.0731  	0.25530  	0.35800  	0.22775  	0.46088  	0.23763  	-0.1644  	0.41030  	0.10739  	-0.2382  	0.15726  	0.13192  	0.14613  	-0.1166  	-0.1351  	-0.0063  	0.00328  	0.04135  	0.15384  	-0.1233  	-0.0376  	0.10781  	-0.0169  	-0.0315  	-0.0958  	-0.0729  	0.15425  	0.04529  	0.00855  	0.26515  	0.08613  	-0.0428  	-0.0248  	0.06302  	0.05412  	-0.1547  	-0.0700  	-0.0239  	-0.0080  	-0.0035  	-0.0104  	-0.0040  	-0.0235  	0.01431  	0.01506  	-0.0258  	-0.0238  	0.00722  	0.03315  	0.02076  	0.20137  	0.11218  	0.00508  	0.00151  	0.00295  	0.59094  	1.08884  	126.320  	105.636  	
-0.2542  	0.00403  	-0.4555  	-0.2224  	0.04729  	-0.2415  	0.27113  	0.01619  	0.16283  	0.28757  	-0.2104  	0.91547  	0.05563  	-0.1801  	-1.0633  	0.17766  	0.35713  	0.24660  	0.42369  	0.23362  	-0.2477  	0.42521  	0.13619  	-0.2334  	0.17206  	0.14541  	0.09550  	-0.0381  	-0.0751  	-0.0067  	0.01675  	0.03029  	0.15187  	-0.1322  	-0.0955  	0.09972  	-0.0726  	-0.0506  	-0.0823  	-0.0590  	0.18585  	0.03529  	0.02484  	0.26073  	0.07840  	-0.0418  	-0.0234  	0.07051  	0.05699  	-0.1587  	-0.0782  	-0.0243  	-0.0081  	-0.0066  	-0.0121  	-0.0075  	-0.0217  	0.01216  	0.01378  	-0.0246  	-0.0265  	0.01631  	0.03406  	0.02498  	0.20312  	0.11643  	0.00590  	0.00157  	0.00366  	0.58842  	1.08884  	126.320  	105.636  	
-0.3685  	-0.0205  	-0.4933  	-0.3443  	0.01010  	-0.3244  	0.28900  	0.01535  	0.15306  	0.32444  	-0.2187  	0.84135  	0.03419  	-0.2368  	-1.0810  	0.12987  	0.36905  	0.23742  	0.45052  	0.21190  	-0.2595  	0.44406  	0.16717  	-0.2418  	0.15587  	0.14787  	0.09784  	-0.0770  	-0.0758  	-0.0250  	0.02011  	0.03046  	0.13672  	-0.1317  	-0.1464  	0.09722  	-0.0672  	-0.0336  	-0.0841  	-0.0490  	0.21831  	0.02380  	0.03371  	0.27694  	0.07199  	-0.0437  	-0.0246  	0.07419  	0.06347  	-0.1572  	-0.0811  	-0.0269  	-0.0128  	-0.0038  	-0.0138  	-0.0110  	-0.0262  	0.01573  	0.01725  	-0.0234  	-0.0260  	0.01776  	0.03247  	0.01914  	0.20229  	0.12071  	0.00500  	0.00148  	0.00510  	0.58626  	1.08884  	126.320  	105.636  	
-0.3925  	-0.0460  	-0.5014  	-0.3586  	-0.0028  	-0.3296  	0.29834  	0.02172  	0.11935  	0.31057  	-0.2308  	0.81980  	0.01317  	-0.2712  	-1.0642  	0.14127  	0.35216  	0.25958  	0.45500  	0.21849  	-0.2812  	0.44120  	0.19492  	-0.2474  	0.14880  	0.14271  	0.11272  	-0.0950  	-0.0475  	-0.0113  	0.02721  	0.01404  	0.13376  	-0.1245  	-0.1392  	0.09519  	-0.0755  	-0.0396  	-0.0771  	-0.0491  	0.21743  	0.04426  	0.01659  	0.29137  	0.07148  	-0.0479  	-0.0229  	0.07317  	0.05934  	-0.1598  	-0.0803  	-0.0205  	-0.0130  	-0.0065  	-0.0127  	-0.0121  	-0.0212  	0.01283  	0.01486  	-0.0253  	-0.0228  	0.01441  	0.03369  	0.02248  	0.19921  	0.12509  	0.00410  	0.00138  	0.00715  	0.56678  	1.08884  	126.320  	105.636  	
-0.5251  	-0.0834  	-0.6502  	-0.2791  	0.10108  	-0.4755  	0.32457  	0.03998  	0.13828  	0.34765  	-0.2079  	0.90368  	0.08240  	-0.1789  	-1.0316  	0.08047  	0.32201  	0.27812  	0.44608  	0.23352  	-0.3062  	0.44827  	0.15407  	-0.2212  	0.14732  	0.14956  	0.10137  	-0.0528  	-0.0130  	-0.0193  	0.03448  	-0.0185  	0.15612  	-0.1219  	-0.1127  	0.06220  	-0.1498  	-0.0830  	-0.0330  	-0.0138  	0.14818  	0.03917  	0.00620  	0.28010  	0.08174  	-0.0498  	-0.0329  	0.09037  	0.05207  	-0.1574  	-0.0767  	-0.0221  	-0.0207  	-0.0127  	-0.0162  	-0.0104  	-0.0230  	0.00861  	0.01605  	-0.0214  	-0.0168  	0.01340  	0.02874  	0.01926  	0.19453  	0.12944  	0.00461  	0.00119  	0.01009  	0.53003  	1.08884  	126.320  	105.636  	
-0.5086  	-0.0926  	-0.6750  	-0.2870  	0.12612  	-0.3795  	0.30022  	0.11149  	0.14394  	0.27939  	-0.0968  	0.91381  	0.08451  	-0.1067  	-1.0275  	0.10245  	0.33417  	0.26667  	0.41630  	0.31642  	-0.1754  	0.38824  	0.10088  	-0.1650  	0.07753  	0.15370  	0.08050  	-0.0252  	-0.0944  	-0.0465  	0.04105  	-0.0088  	0.17872  	-0.1158  	-0.0439  	0.02447  	-0.1354  	-0.0745  	-0.0532  	-0.0289  	0.11531  	0.05408  	-0.0286  	0.25324  	0.08247  	-0.0554  	-0.0180  	0.06910  	0.05784  	-0.1491  	-0.0789  	-0.0238  	-0.0150  	-0.0059  	-0.0145  	-0.0091  	-0.0183  	0.00634  	0.01113  	-0.0197  	-0.0209  	0.02266  	0.03028  	0.02193  	0.18889  	0.13408  	0.00818  	0.00103  	0.01349  	0.49996  	1.08884  	126.320  	105.636  	
-0.5176  	-0.1100  	-0.6980  	-0.1944  	0.17628  	-0.4524  	0.29736  	0.09610  	0.16734  	0.33842  	-0.0661  	1.0138  	0.08486  	-0.0776  	-1.0030  	0.07939  	0.30341  	0.27269  	0.42235  	0.35691  	-0.1761  	0.40288  	0.04910  	-0.1925  	0.08498  	0.14571  	0.03770  	0.00621  	-0.1079  	-0.0425  	0.03740  	-0.0200  	0.19816  	-0.1101  	-0.0377  	0.02796  	-0.1227  	-0.0826  	-0.0464  	-0.0339  	0.10506  	0.07135  	-0.0259  	0.23814  	0.08586  	-0.0545  	-0.0198  	0.07347  	0.05604  	-0.1485  	-0.0826  	-0.0234  	-0.0160  	-0.0036  	-0.0138  	0.00170  	-0.0183  	0.00381  	0.01524  	-0.0224  	-0.0190  	0.01389  	0.02581  	0.01284  	0.18204  	0.14010  	0.01371  	0.00038  	0.01700  	0.46217  	1.08884  	126.320  	105.636  	
-0.4857  	-0.0535  	-0.6533  	-0.0901  	0.21129  	-0.4562  	0.28454  	0.13750  	0.17867  	0.35985  	-0.0845  	1.07843  	0.09214  	-0.0328  	-0.9843  	0.08230  	0.27994  	0.26032  	0.43950  	0.37398  	-0.1671  	0.42743  	0.03299  	-0.2057  	0.07971  	0.15286  	0.03044  	0.03427  	-0.0633  	-0.0231  	0.03817  	-0.0249  	0.21513  	-0.1036  	-0.0483  	0.03387  	-0.1161  	-0.0900  	-0.0288  	-0.0396  	0.10775  	0.07233  	-0.0337  	0.24260  	0.09152  	-0.0446  	-0.0193  	0.07656  	0.04809  	-0.1522  	-0.0845  	-0.0242  	-0.0151  	-0.0056  	-0.0215  	-0.0004  	-0.0180  	0.01214  	0.02009  	-0.0223  	-0.0205  	0.00945  	0.02408  	0.01078  	0.17329  	0.14600  	0.02148  	0.00043  	0.01937  	0.44928  	1.08884  	126.320  	105.636  	
-0.1532  	0.03391  	-0.4028  	-0.0249  	0.18578  	-0.1950  	0.28610  	0.18964  	0.19819  	0.22501  	-0.3331  	1.04103  	0.13203  	0.11050  	-0.7811  	0.14200  	0.33132  	0.23887  	0.42483  	0.26400  	-0.1413  	0.43394  	0.11304  	-0.2278  	0.09141  	0.13392  	0.06289  	-0.0577  	-0.0787  	-0.0040  	0.00264  	-0.0129  	0.15939  	-0.1237  	-0.0541  	0.01492  	-0.1000  	-0.0468  	-0.0294  	-0.0264  	0.15232  	0.02405  	-6.8053  	0.26793  	0.07363  	-0.0353  	-0.0223  	0.10283  	0.05331  	-0.1695  	-0.0813  	-0.0271  	-0.0163  	-0.0062  	-0.0256  	0.00094  	-0.0271  	-0.0002  	0.01707  	-0.0255  	-0.0204  	0.00676  	0.02295  	0.01870  	0.16304  	0.15301  	0.03840  	0.00023  	0.01984  	0.44656  	1.08884  	126.320  	105.636  	
0.15824  	0.14815  	-0.2081  	0.04100  	0.15450  	0.01487  	0.27537  	0.25854  	0.25101  	0.18901  	-0.3751  	0.97155  	0.17744  	0.17491  	-0.6422  	0.21381  	0.36823  	0.14966  	0.45766  	0.16539  	0.00697  	0.48853  	0.17325  	-0.1616  	0.11450  	0.11141  	0.22049  	-0.2947  	-0.2452  	-0.0095  	0.02337  	0.03708  	0.19911  	-0.1380  	0.01785  	-0.0542  	0.07768  	-0.0119  	-0.1000  	-0.0714  	0.11930  	0.03464  	0.02364  	0.27728  	0.07713  	-0.0374  	-0.0286  	0.08068  	0.06221  	-0.1484  	-0.0867  	-0.0251  	-0.0139  	-0.0079  	-0.0249  	0.01001  	-0.0328  	0.00442  	0.01015  	-0.0270  	-0.0182  	0.02384  	0.02579  	0.01918  	0.14865  	0.15373  	0.04814  	-0.0004  	0.02182  	0.44963  	1.08884  	126.320  	105.636  	
0.26343  	0.17401  	-0.1336  	0.04463  	0.13824  	0.07040  	0.29547  	0.31682  	0.25864  	0.16000  	-0.3208  	0.93124  	0.14490  	0.18441  	-0.6191  	0.27262  	0.34555  	0.12465  	0.46530  	0.11559  	0.09796  	0.50450  	0.20361  	-0.1508  	0.14665  	0.10117  	0.28345  	-0.4166  	-0.2958  	-0.0060  	-0.0020  	0.05801  	0.19745  	-0.1489  	0.06418  	-0.0580  	0.14660  	0.02433  	-0.1237  	-0.1140  	0.10254  	0.04736  	0.04013  	0.28048  	0.07065  	-0.0433  	-0.0273  	0.09441  	0.07123  	-0.1517  	-0.0941  	-0.0254  	-0.0052  	-0.0022  	-0.0184  	0.01820  	-0.0329  	0.00730  	0.00359  	-0.0167  	-0.0192  	0.02437  	0.03204  	0.01847  	0.13377  	0.14960  	0.05029  	-0.0017  	0.02403  	0.46595  	1.08884  	126.320  	105.636  	
0.19295  	0.13396  	-0.2125  	0.08837  	0.18279  	0.01932  	0.27963  	0.26839  	0.25886  	0.14248  	-0.3035  	0.98677  	0.13181  	0.11314  	-0.6716  	0.30143  	0.34237  	0.14880  	0.44115  	0.17744  	0.07437  	0.44328  	0.14038  	-0.1520  	0.13927  	0.11342  	0.23000  	-0.2863  	-0.2449  	-0.0128  	-0.0085  	0.05527  	0.19765  	-0.1374  	0.04734  	-0.0601  	0.10273  	0.01111  	-0.1139  	-0.0905  	0.12218  	0.03970  	0.01531  	0.28064  	0.07621  	-0.0449  	-0.0315  	0.07188  	0.06179  	-0.1556  	-0.0904  	-0.0267  	-0.0096  	-0.0029  	-0.0161  	0.00853  	-0.0307  	0.00769  	0.01701  	-0.0243  	-0.0215  	0.02375  	0.03063  	0.01258  	0.12011  	0.14312  	0.04672  	-0.0030  	0.02650  	0.48774  	1.08884  	126.320  	105.636  	
0.20954  	0.08756  	-0.2940  	0.39181  	0.31688  	0.09235  	0.28520  	0.23220  	0.22009  	0.13818  	-0.5408  	0.96266  	0.19630  	0.14912  	-0.5647  	0.25336  	0.31867  	0.16740  	0.44413  	0.18231  	-0.0936  	0.49349  	0.07656  	-0.1749  	0.28898  	0.08513  	0.28108  	-0.1638  	-0.0887  	0.09653  	-0.0428  	0.04422  	0.17339  	-0.1287  	0.03583  	-0.0206  	-0.0290  	-0.0417  	-0.0604  	-0.0365  	0.06296  	0.06051  	0.01679  	0.27846  	0.08252  	-0.0487  	-0.0402  	0.09150  	0.07007  	-0.1635  	-0.0694  	-0.0299  	-0.0180  	-0.0092  	-0.0150  	0.00875  	-0.0203  	0.01006  	0.01849  	-0.0300  	-0.0341  	0.01046  	0.02803  	0.01002  	0.10823  	0.13344  	0.03864  	-0.0045  	0.02894  	0.50505  	1.08884  	126.320  	105.636  	
0.18057  	0.10459  	-0.3493  	0.45598  	0.37432  	0.08393  	0.28479  	0.18173  	0.20013  	0.18683  	-0.6453  	0.95347  	0.18721  	0.20388  	-0.4416  	0.14711  	0.34124  	0.13576  	0.46171  	0.12976  	-0.1797  	0.56931  	0.11348  	-0.1768  	0.29150  	0.08981  	0.28240  	-0.1796  	-0.0495  	0.12014  	-0.0502  	0.04629  	0.16251  	-0.1067  	0.04058  	-0.0053  	-0.0878  	-0.0647  	-0.0412  	-0.0323  	0.06422  	0.04863  	0.01573  	0.26922  	0.08461  	-0.0429  	-0.0378  	0.09133  	0.07921  	-0.1780  	-0.0800  	-0.0281  	-0.0125  	-0.0128  	-0.0197  	0.00286  	-0.0323  	0.01174  	0.02242  	-0.0254  	-0.0258  	0.00251  	0.03109  	0.01312  	0.09792  	0.12359  	0.02703  	-0.0058  	0.03152  	0.52304  	1.08884  	126.320  	105.636  	
0.09851  	0.07303  	-0.3620  	0.29397  	0.31478  	0.05141  	0.26309  	0.20949  	0.19881  	0.13062  	-0.5952  	0.90941  	0.16716  	0.10629  	-0.5308  	0.16015  	0.36434  	0.15506  	0.43745  	0.12368  	-0.1116  	0.52809  	0.15632  	-0.1412  	0.21249  	0.09444  	0.29398  	-0.2179  	-0.1001  	0.07635  	-0.0530  	0.03517  	0.14669  	-0.1175  	0.02723  	-0.0111  	-0.0211  	-0.0380  	-0.0625  	-0.0192  	0.08181  	0.05335  	0.00853  	0.29126  	0.06696  	-0.0456  	-0.0326  	0.09115  	0.07345  	-0.1518  	-0.0781  	-0.0228  	-0.0130  	-0.0030  	-0.0144  	0.00701  	-0.0268  	0.00817  	0.01922  	-0.0205  	-0.0205  	0.00970  	0.02991  	0.01763  	0.09081  	0.11286  	0.01185  	-0.0069  	0.03380  	0.54003  	1.08884  	126.320  	105.636  	
0.04695  	0.09437  	-0.3034  	0.01194  	0.20695  	-0.0250  	0.29586  	0.13807  	0.20247  	0.18930  	-0.3391  	0.90314  	0.09210  	-0.0288  	-0.7627  	0.26204  	0.33604  	0.20626  	0.46912  	0.16003  	-0.0850  	0.48915  	0.13235  	-0.1350  	0.17925  	0.10414  	0.27384  	-0.2628  	-0.1894  	0.01387  	-0.0230  	0.06186  	0.14996  	-0.1189  	0.04072  	0.03927  	0.07200  	-0.0020  	-0.1213  	-0.0386  	0.12450  	0.05570  	0.00338  	0.28511  	0.06662  	-0.0504  	-0.0366  	0.08430  	0.07018  	-0.1578  	-0.0714  	-0.0190  	-0.0122  	-0.0023  	-0.0141  	0.01128  	-0.0310  	0.00459  	0.01683  	-0.0219  	-0.0231  	0.00063  	0.02465  	0.01276  	0.08695  	0.10319  	-0.0037  	-0.0080  	0.03583  	0.53488  	1.08884  	126.320  	105.636  	
0.02651  	0.00855  	-0.3435  	0.01554  	0.19294  	-0.0808  	0.29816  	0.08340  	0.16442  	0.26212  	-0.3025  	0.88163  	0.06890  	-0.1563  	-0.9031  	0.28521  	0.33936  	0.23473  	0.46296  	0.23387  	-0.1497  	0.44672  	0.09162  	-0.1238  	0.24998  	0.08477  	0.26223  	-0.1520  	-0.1522  	0.01546  	-0.0389  	0.06310  	0.13504  	-0.1348  	0.00797  	0.09542  	0.01681  	-0.0262  	-0.1055  	-0.0218  	0.10949  	0.04825  	0.00166  	0.29401  	0.08068  	-0.0467  	-0.0286  	0.07113  	0.06590  	-0.1578  	-0.0674  	-0.0250  	-0.0105  	-0.0056  	-0.0146  	0.00511  	-0.0207  	0.00322  	0.01363  	-0.0200  	-0.0256  	0.00352  	0.03415  	0.01744  	0.08653  	0.09446  	-0.0177  	-0.0089  	0.03731  	0.53816  	1.08884  	126.320  	105.636  	
-0.0531  	0.01001  	-0.3713  	-0.0481  	0.16014  	-0.1138  	0.31044  	0.09160  	0.15799  	0.27508  	-0.2529  	0.88187  	0.06818  	-0.1613  	-0.9991  	0.31781  	0.30395  	0.22752  	0.45591  	0.24808  	-0.1877  	0.44141  	0.04017  	-0.1888  	0.24840  	0.09418  	0.24999  	-0.0947  	-0.1409  	0.02161  	-0.0160  	0.06946  	0.13742  	-0.1240  	-0.0068  	0.12359  	0.00144  	-0.0263  	-0.0936  	-0.0619  	0.12071  	0.05617  	0.01059  	0.27771  	0.08249  	-0.0493  	-0.0284  	0.07426  	0.06783  	-0.1648  	-0.0692  	-0.0248  	-0.0068  	-0.0047  	-0.0127  	0.00073  	-0.0170  	0.00992  	0.01700  	-0.0243  	-0.0265  	0.00206  	0.03834  	0.01863  	0.08745  	0.08911  	-0.0285  	-0.0092  	0.03875  	0.53593  	1.08884  	126.320  	105.636  	
0.00280  	0.02672  	-0.3298  	0.00532  	0.18452  	-0.0927  	0.31106  	0.09931  	0.15570  	0.27393  	-0.2603  	0.89790  	0.05119  	-0.1625  	-1.0057  	0.33437  	0.32200  	0.21275  	0.47987  	0.22622  	-0.1661  	0.44627  	0.05727  	-0.1717  	0.28780  	0.07246  	0.28005  	-0.1240  	-0.1552  	0.02838  	-0.0495  	0.07091  	0.12018  	-0.1273  	-0.0030  	0.13241  	0.01743  	-0.0161  	-0.1015  	-0.0543  	0.12104  	0.05163  	0.00312  	0.27989  	0.07765  	-0.0457  	-0.0358  	0.07941  	0.06606  	-0.1703  	-0.0685  	-0.0244  	-0.0057  	-0.0019  	-0.0134  	0.00390  	-0.0167  	0.00889  	0.01600  	-0.0223  	-0.0250  	0.00475  	0.03422  	0.01445  	0.08946  	0.08667  	-0.0349  	-0.0096  	0.03958  	0.52813  	1.08884  	126.320  	105.636  	
-0.1111  	0.01768  	-0.3699  	-0.1069  	0.11894  	-0.0939  	0.28238  	0.08832  	0.16791  	0.22336  	-0.2865  	0.86268  	0.02903  	-0.1500  	-1.0272  	0.24502  	0.36171  	0.23717  	0.45761  	0.23818  	-0.1658  	0.41046  	0.08238  	-0.1982  	0.25068  	0.09810  	0.20348  	-0.1117  	-0.1065  	0.03985  	-0.0228  	0.05552  	0.12451  	-0.1307  	-0.0342  	0.12616  	0.00133  	-0.0224  	-0.0909  	-0.0565  	0.13304  	0.04365  	0.01466  	0.27235  	0.08029  	-0.0441  	-0.0368  	0.06131  	0.05672  	-0.1595  	-0.0751  	-0.0235  	-0.0086  	-0.0019  	-0.0110  	0.00230  	-0.0180  	0.00815  	0.01780  	-0.0269  	-0.0251  	0.00423  	0.03948  	0.01714  	0.09067  	0.08739  	-0.0352  	-0.0095  	0.03873  	0.53659  	1.08884  	126.320  	105.636  	
-0.2289  	-0.0158  	-0.4722  	-0.0696  	0.19126  	-0.1731  	0.27580  	0.06438  	0.15657  	0.19101  	-0.2787  	0.91877  	0.03100  	-0.1407  	-0.9147  	0.14742  	0.33822  	0.23336  	0.44804  	0.25348  	-0.1503  	0.44779  	0.10926  	-0.1772  	0.23198  	0.11853  	0.20234  	-0.0676  	-0.1049  	0.01680  	-0.0135  	0.03435  	0.13741  	-0.1248  	-0.0207  	0.10220  	-0.0231  	-0.0325  	-0.0828  	-0.0473  	0.11013  	0.06050  	0.00683  	0.27607  	0.07865  	-0.0534  	-0.0289  	0.05975  	0.05530  	-0.1666  	-0.0696  	-0.0239  	-0.0133  	-0.0036  	-0.0131  	0.00143  	-0.0154  	0.01442  	0.01877  	-0.0274  	-0.0262  	0.00405  	0.03613  	0.01816  	0.09233  	0.08992  	-0.0273  	-0.0099  	0.03681  	0.53502  	1.08884  	126.320  	105.636  	
-0.2882  	-0.0199  	-0.5125  	-0.0699  	0.20508  	-0.3053  	0.26011  	0.10170  	0.15790  	0.24860  	-0.2514  	0.98211  	0.08075  	-0.0601  	-0.8662  	0.13050  	0.32046  	0.23298  	0.41285  	0.25867  	-0.1890  	0.44864  	0.10554  	-0.2269  	0.15554  	0.12878  	0.13560  	-0.0334  	-0.0928  	0.00285  	0.00861  	0.00305  	0.16250  	-0.1133  	-0.0265  	0.05434  	-0.0692  	-0.0454  	-0.0738  	-0.0530  	0.11191  	0.04433  	-0.0059  	0.27124  	0.08836  	-0.0492  	-0.0218  	0.05786  	0.05215  	-0.1584  	-0.0789  	-0.0263  	-0.0125  	-0.0010  	-0.0164  	-0.0063  	-0.0152  	0.01246  	0.01923  	-0.0245  	-0.0215  	0.01372  	0.03492  	0.01679  	0.09105  	0.08791  	-0.0276  	-0.0105  	0.03661  	0.53751  	1.08884  	126.320  	105.636  	
-0.2159  	0.02959  	-0.4612  	-0.0566  	0.20088  	-0.2544  	0.23902  	0.12682  	0.16854  	0.21848  	-0.2754  	1.00932  	0.06290  	-0.0023  	-0.8205  	0.12448  	0.33655  	0.19837  	0.42598  	0.22340  	-0.1504  	0.45037  	0.13855  	-0.2279  	0.14002  	0.12131  	0.14736  	-0.0911  	-0.1145  	0.01452  	0.00283  	-0.0030  	0.15872  	-0.1127  	-0.0114  	0.02157  	-0.0309  	-0.0302  	-0.0964  	-0.0783  	0.13144  	0.04066  	0.00610  	0.27431  	0.08481  	-0.0435  	-0.0158  	0.06026  	0.05248  	-0.1546  	-0.0857  	-0.0294  	-0.0108  	-0.0042  	-0.0199  	-0.0054  	-0.0234  	0.01417  	0.01342  	-0.0291  	-0.0226  	0.01289  	0.03552  	0.01558  	0.09062  	0.08488  	-0.0281  	-0.0114  	0.03663  	0.53680  	1.08884  	126.320  	105.636  	
-0.0504  	0.07171  	-0.3438  	0.07374  	0.20865  	-0.1076  	0.22070  	0.20017  	0.20374  	0.15885  	-0.3561  	1.01181  	0.08094  	0.05466  	-0.7249  	0.19268  	0.36071  	0.17043  	0.44439  	0.17891  	-0.0733  	0.44394  	0.16004  	-0.1712  	0.07965  	0.13726  	0.16129  	-0.1792  	-0.1854  	-0.0153  	-0.0002  	0.03084  	0.16632  	-0.1293  	0.02093  	-0.0335  	0.01583  	-0.0248  	-0.1034  	-0.0668  	0.11978  	0.03387  	0.02469  	0.27975  	0.07288  	-0.0470  	-0.0160  	0.06993  	0.05653  	-0.1471  	-0.0832  	-0.0263  	-0.0169  	-0.0044  	-0.0178  	-0.0034  	-0.0298  	0.00089  	0.01879  	-0.0226  	-0.0252  	0.01957  	0.02193  	0.01566  	0.09025  	0.08169  	-0.0288  	-0.0122  	0.03617  	0.54420  	1.08884  	126.320  	105.636  	
0.21091  	0.16551  	-0.1705  	0.11774  	0.18576  	0.00397  	0.23732  	0.34286  	0.21433  	0.11946  	-0.3275  	0.96613  	0.19444  	0.10405  	-0.5809  	0.19724  	0.44491  	-0.0195  	0.52886  	-0.1145  	0.14202  	0.23392  	-0.0749  	-0.1616  	0.05814  	0.20073  	0.24163  	-0.4434  	-0.1707  	-0.0371  	0.10722  	-0.0024  	0.09056  	-0.3131  	-0.0120  	-0.0819  	0.01975  	0.01422  	-0.2425  	-0.1793  	0.18779  	0.17079  	-0.0983  	0.34894  	0.01221  	-0.0233  	-0.0504  	0.10162  	0.05092  	-0.1611  	-0.0811  	-0.0197  	-0.0102  	0.01091  	-0.0152  	0.01192  	-0.0343  	-0.0061  	0.01449  	-0.0160  	-0.0150  	0.02389  	0.01092  	0.01285  	0.09030  	0.07704  	-0.0294  	-0.0130  	0.03569  	0.54872  	1.08884  	126.320  	105.636  	
0.27699  	0.17743  	-0.1005  	0.11635  	0.18012  	0.00853  	0.24032  	0.40765  	0.19370  	0.11277  	-0.2763  	0.96776  	0.22998  	0.07522  	-0.5420  	0.17667  	0.50289  	-0.1681  	0.59069  	-0.3491  	0.19428  	0.06087  	-0.2738  	-0.1544  	0.03815  	0.27466  	0.28213  	-0.5544  	-0.1173  	-0.0504  	0.20137  	-0.0335  	0.01617  	-0.4437  	-0.0456  	-0.0904  	-0.0306  	0.01896  	-0.3364  	-0.2619  	0.23371  	0.28004  	-0.1845  	0.42274  	-0.0330  	-0.0075  	-0.0725  	0.12443  	0.04291  	-0.1703  	-0.0787  	-0.0176  	-0.0057  	0.02951  	-0.0037  	0.01167  	-0.0354  	-0.0157  	0.00983  	-0.0059  	-0.0120  	0.01798  	0.00302  	0.01535  	0.09048  	0.07412  	-0.0305  	-0.0135  	0.03536  	0.55237  	1.08884  	126.320  	105.636  	
0.28071  	0.20545  	-0.0333  	0.12058  	0.11582  	0.05394  	0.22616  	0.45171  	0.21669  	0.06076  	-0.1848  	0.93081  	0.22239  	0.08536  	-0.5226  	0.19236  	0.54342  	-0.2536  	0.61345  	-0.4532  	0.33228  	0.03575  	-0.2750  	-0.0589  	0.02169  	0.28788  	0.37770  	-0.6848  	-0.2312  	-0.0530  	0.21667  	-0.0071  	-0.0022  	-0.4691  	-0.0002  	-0.1428  	0.03936  	0.04720  	-0.3999  	-0.2983  	0.21477  	0.30941  	-0.2183  	0.43413  	-0.0486  	-0.0025  	-0.0813  	0.12731  	0.03720  	-0.1812  	-0.0805  	-0.0130  	-0.0047  	0.03591  	-0.0059  	0.01198  	-0.0410  	-0.0167  	0.00787  	0.00200  	-0.0080  	0.01193  	0.00227  	0.01449  	0.09061  	0.07094  	-0.0316  	-0.0141  	0.03545  	0.54607  	1.08884  	126.320  	105.636  	
0.25074  	0.19358  	-0.0160  	0.07920  	0.07880  	0.07286  	0.23037  	0.45703  	0.22447  	0.05984  	-0.1806  	0.91419  	0.22351  	0.11498  	-0.5446  	0.20407  	0.53492  	-0.2253  	0.59131  	-0.4186  	0.35933  	0.07632  	-0.2076  	-0.0272  	0.02521  	0.26588  	0.38482  	-0.6723  	-0.2728  	-0.0627  	0.19477  	0.00432  	0.00647  	-0.4397  	0.04171  	-0.1585  	0.07680  	0.04237  	-0.3811  	-0.2883  	0.20094  	0.28771  	-0.2031  	0.41529  	-0.0334  	-0.0064  	-0.0770  	0.12179  	0.03981  	-0.1751  	-0.0758  	-0.0127  	-0.0054  	0.03205  	-0.0087  	0.01402  	-0.0408  	-0.0134  	0.00925  	-0.0002  	-0.0085  	0.01462  	0.00907  	0.01464  	0.09051  	0.06915  	-0.0326  	-0.0146  	0.03510  	0.54317  	1.08884  	126.320  	105.636  	
0.24858  	0.17697  	-0.0656  	0.05250  	0.04974  	0.09174  	0.25531  	0.41625  	0.25411  	0.06436  	-0.1377  	0.92487  	0.16434  	0.12218  	-0.6231  	0.26747  	0.46700  	-0.0811  	0.53977  	-0.1949  	0.31123  	0.24794  	0.00121  	-0.0501  	0.04387  	0.18908  	0.35958  	-0.5907  	-0.3609  	-0.0585  	0.09720  	0.04015  	0.09163  	-0.3064  	0.08626  	-0.1376  	0.16260  	0.05675  	-0.2912  	-0.2220  	0.14271  	0.17561  	-0.1069  	0.35548  	0.01736  	-0.0215  	-0.0565  	0.09653  	0.05048  	-0.1601  	-0.0781  	-0.0185  	-0.0047  	0.02107  	-0.0129  	0.01664  	-0.0396  	-0.0033  	0.01019  	-0.0053  	-0.0140  	0.01589  	0.01772  	0.01466  	0.08984  	0.06711  	-0.0337  	-0.0151  	0.03452  	0.54807  	1.08884  	126.320  	105.636  	
0.30226  	0.13423  	-0.0778  	0.02570  	0.12216  	0.08883  	0.32504  	0.32216  	0.28910  	0.19978  	-0.2332  	0.97504  	0.16254  	0.21510  	-0.8592  	0.35971  	0.34324  	0.14977  	0.46978  	0.15485  	0.09617  	0.42734  	0.17175  	-0.1865  	0.15284  	0.07414  	0.27062  	-0.3414  	-0.2979  	-0.0167  	-0.0055  	0.07156  	0.19584  	-0.1382  	0.03270  	-0.0570  	0.14610  	0.02096  	-0.0922  	-0.1127  	0.11180  	0.03356  	0.05143  	0.29014  	0.08229  	-0.0464  	-0.0347  	0.10782  	0.08180  	-0.1611  	-0.0962  	-0.0254  	-0.0110  	-0.0004  	-0.0136  	0.01129  	-0.0362  	0.00317  	0.00758  	-0.0180  	-0.0180  	0.01922  	0.03896  	0.01378  	0.08763  	0.06670  	-0.0347  	-0.0153  	0.03493  	0.53884  	1.08884  	126.320  	105.636  	
0.06437  	0.10222  	-0.3378  	-0.0133  	0.14465  	-0.0949  	0.27026  	0.24226  	0.24855  	0.22799  	-0.2268  	0.98987  	0.16152  	0.26163  	-0.8598  	0.33644  	0.31989  	0.17497  	0.44907  	0.24603  	0.03633  	0.41993  	0.06650  	-0.1424  	0.18350  	0.08777  	0.22782  	-0.2790  	-0.2508  	-0.0155  	0.00360  	0.03554  	0.21062  	-0.1376  	0.06957  	-0.0340  	0.08033  	-0.0393  	-0.0875  	-0.0660  	0.10767  	0.05019  	0.01151  	0.27846  	0.07549  	-0.0332  	-0.0296  	0.08098  	0.05670  	-0.1590  	-0.0849  	-0.0284  	-0.0152  	-0.0108  	-0.0280  	0.00780  	-0.0310  	0.00412  	0.01007  	-0.0282  	-0.0164  	0.02677  	0.02121  	0.01541  	0.08540  	0.06535  	-0.0353  	-0.0156  	0.03575  	0.52633  	1.08884  	126.320  	105.636  	
-0.3502  	-0.0080  	-0.5668  	0.00989  	0.26777  	-0.3074  	0.26326  	0.13298  	0.15082  	0.27921  	-0.1975  	1.10839  	0.11378  	0.10615  	-0.9070  	0.17638  	0.27649  	0.25237  	0.45512  	0.29134  	-0.1272  	0.42818  	0.04081  	-0.1169  	0.08081  	0.14058  	0.13536  	-0.0938  	-0.1300  	-0.0220  	0.02104  	-0.0037  	0.20862  	-0.1340  	-6.9111  	0.04520  	-0.0654  	-0.0804  	-0.0773  	-0.0496  	0.08240  	0.08190  	-0.0195  	0.26894  	0.09396  	-0.0364  	-0.0191  	0.06621  	0.05381  	-0.1656  	-0.0860  	-0.0313  	-0.0234  	-0.0070  	-0.0194  	-0.0046  	-0.0250  	0.01075  	0.02433  	-0.0215  	-0.0210  	0.01778  	0.02063  	0.01617  	0.08217  	0.06473  	-0.0358  	-0.0160  	0.03605  	0.53196  	1.08884  	126.320  	105.636  	
-0.4802  	-0.0431  	-0.5757  	-0.3023  	0.09042  	-0.3923  	0.27820  	0.14650  	0.14838  	0.34588  	-0.1319  	0.98732  	0.01625  	-0.0847  	-1.0899  	0.06733  	0.32052  	0.24949  	0.46626  	0.23802  	-0.1858  	0.44337  	0.12234  	-0.2199  	0.10967  	0.14195  	0.13159  	-0.1056  	-0.0964  	-0.0089  	0.02687  	-0.0023  	0.14710  	-0.1341  	-0.0892  	0.05617  	-0.0751  	-0.0571  	-0.0515  	-0.0507  	0.12907  	0.05279  	-0.0024  	0.26711  	0.09578  	-0.0522  	-0.0263  	0.06285  	0.04113  	-0.1538  	-0.0844  	-0.0253  	-0.0151  	-0.0040  	-0.0196  	-0.0090  	-0.0166  	0.00996  	0.01805  	-0.0184  	-0.0196  	0.01099  	0.03282  	0.01516  	0.07938  	0.06324  	-0.0358  	-0.0163  	0.03617  	0.53217  	1.08884  	126.320  	105.636  	
-0.3771  	-0.0286  	-0.4420  	-0.4904  	-0.0736  	-0.3672  	0.27759  	0.08778  	0.16939  	0.33889  	-0.1439  	0.83281  	0.01434  	-0.1572  	-1.1752  	0.09000  	0.36641  	0.24455  	0.48870  	0.22430  	-0.1753  	0.43254  	0.22592  	-0.2234  	0.13922  	0.14242  	0.13761  	-0.1390  	-0.1081  	-0.0305  	0.05276  	0.00572  	0.13770  	-0.1258  	-0.1504  	0.05270  	-0.0364  	-0.0330  	-0.0585  	-0.0658  	0.20017  	0.01707  	0.03407  	0.29490  	0.08529  	-0.0492  	-0.0348  	0.07164  	0.05930  	-0.1612  	-0.0899  	-0.0243  	-0.0195  	-0.0022  	-0.0210  	-0.0113  	-0.0260  	0.01134  	0.01112  	-0.0236  	-0.0146  	0.01781  	0.04269  	0.02126  	0.07677  	0.06375  	-0.0351  	-0.0164  	0.03667  	0.52922  	1.08884  	126.320  	105.636  	
-0.2655  	0.02393  	-0.3996  	-0.3206  	-0.0045  	-0.2483  	0.25316  	0.13598  	0.18832  	0.28007  	-0.2695  	0.85174  	0.05209  	-0.1276  	-1.0303  	0.12859  	0.37615  	0.23178  	0.48603  	0.19080  	-0.1589  	0.45527  	0.24682  	-0.2326  	0.12437  	0.13948  	0.15015  	-0.1775  	-0.1465  	-0.0205  	0.02745  	0.02585  	0.15962  	-0.1349  	-0.1464  	0.01279  	0.01019  	-0.0171  	-0.0736  	-0.0670  	0.22089  	0.00999  	0.05137  	0.29465  	0.07751  	-0.0468  	-0.0257  	0.07618  	0.04914  	-0.1545  	-0.0928  	-0.0229  	-0.0173  	-0.0079  	-0.0245  	-0.0072  	-0.0358  	0.00484  	0.01660  	-0.0264  	-0.0187  	0.01955  	0.03047  	0.01155  	0.07575  	0.06349  	-0.0342  	-0.0167  	0.03697  	0.52974  	1.08884  	126.320  	105.636  	
-0.1609  	0.05191  	-0.3963  	-0.1562  	0.04363  	-0.1589  	0.23778  	0.15994  	0.18120  	0.24821  	-0.2961  	0.92610  	0.10248  	-0.0619  	-0.9404  	0.16594  	0.36999  	0.23295  	0.47932  	0.16379  	-0.1652  	0.44817  	0.23132  	-0.2415  	0.10374  	0.14893  	0.11772  	-0.1578  	-0.1106  	-0.0233  	0.03628  	0.02460  	0.17827  	-0.1300  	-0.1195  	0.00440  	-0.0431  	-0.0396  	-0.0610  	-0.0387  	0.19061  	0.00679  	0.05524  	0.28497  	0.06259  	-0.0478  	-0.0266  	0.07341  	0.04939  	-0.1654  	-0.0883  	-0.0233  	-0.0147  	-0.0114  	-0.0234  	0.00183  	-0.0368  	0.00339  	0.01389  	-0.0264  	-0.0146  	0.01247  	0.02259  	0.01216  	0.07655  	0.06415  	-0.0335  	-0.0168  	0.03601  	0.53791  	1.08884  	126.320  	105.636  	
-0.1035  	0.09316  	-0.3429  	-0.1424  	0.05840  	-0.1457  	0.26691  	0.13405  	0.20234  	0.26745  	-0.2438  	0.97131  	0.08979  	-0.0247  	-0.9204  	0.19833  	0.34347  	0.25066  	0.46617  	0.15566  	-0.1815  	0.44820  	0.20657  	-0.2653  	0.11805  	0.14449  	0.07977  	-0.1430  	-0.1012  	-0.0383  	0.03288  	0.02085  	0.20018  	-0.1276  	-0.1006  	0.01490  	-0.0426  	-0.0295  	-0.0581  	-0.0488  	0.20274  	0.01879  	0.04677  	0.28454  	0.05666  	-0.0487  	-0.0192  	0.07637  	0.05988  	-0.1474  	-0.0876  	-0.0235  	-0.0113  	-0.0058  	-0.0184  	-0.0047  	-0.0332  	0.00844  	0.01150  	-0.0258  	-0.0144  	0.02418  	0.03631  	0.01884  	0.07882  	0.06489  	-0.0327  	-0.0173  	0.03498  	0.54737  	1.08884  	126.320  	105.636  	
-0.1313  	0.07803  	-0.3605  	-0.1343  	0.04034  	-0.1181  	0.25479  	0.16061  	0.20457  	0.21973  	-0.1762  	0.95422  	0.06411  	0.00840  	-0.8764  	0.20331  	0.32958  	0.20533  	0.45553  	0.12735  	-0.0529  	0.45151  	0.22321  	-0.2139  	0.09719  	0.12452  	0.15443  	-0.2473  	-0.2206  	-0.0351  	0.02826  	0.03418  	0.18482  	-0.1331  	-0.0140  	-0.0199  	0.0581  	0.00580  	-0.1227  	-0.0909  	0.16717  	0.02695  	0.01010  	0.27326  	0.06427  	-0.0425  	-0.0194  	0.06248  	0.05006  	-0.1390  	-0.0915  	-0.0214  	-0.0099  	-0.0035  	-0.0211  	-0.0052  	-0.0367  	0.00665  	0.01012  	-0.0278  	-0.0181  	0.02169  	0.03748  	0.01591  	0.08168  	0.06795  	-0.0322  	-0.0174  	0.03448  	0.54090  	1.08884  	126.320  	105.636  	
-0.1385  	0.06216  	-0.3952  	-0.0726  	0.08456  	-0.1198  	0.26861  	0.14465  	0.20893  	0.21441  	-0.2561  	0.94961  	0.07968  	-0.0120  	-0.8391  	0.19963  	0.34676  	0.22135  	0.44702  	0.16605  	-0.0935  	0.44907  	0.18126  	-0.2208  	0.13769  	0.11704  	0.14480  	-0.1854  	-0.1578  	-0.0093  	0.02045  	0.03974  	0.17610  	-0.1198  	-0.0279  	0.00583  	0.00432  	-0.0073  	-0.0974  	-0.0689  	0.16892  	0.02919  	0.00375  	0.27454  	0.06744  	-0.0452  	-0.0183  	0.05936  	0.05264  	-0.1448  	-0.0856  	-0.0214  	-0.0087  	-0.0044  	-0.0194  	-0.0012  	-0.0360  	0.00581  	0.01226  	-0.0275  	-0.0174  	0.01952  	0.03215  	0.01602  	0.08473  	0.07040  	-0.0316  	-0.0174  	0.03437  	0.52414  	1.08884  	126.320  	105.636  	
-0.3735  	-0.0193  	-0.4598  	-0.3139  	-0.0049  	-0.3085  	0.23837  	0.02962  	0.13875  	0.32510  	-0.1700  	0.91304  	5.11184  	-0.2302  	-1.1136  	0.18770  	0.36390  	0.23054  	0.46329  	0.16846  	-0.2168  	0.42634  	0.21977  	-0.2753  	0.10076  	0.15508  	0.07142  	-0.0950  	-0.1046  	-0.0223  	0.02160  	0.02575  	0.12932  	-0.1209  	-0.1345  	0.09051  	-0.0366  	-0.0183  	-0.0860  	-0.0855  	0.21147  	0.02827  	0.03150  	0.29694  	0.07039  	-0.0459  	-0.0239  	0.07622  	0.05236  	-0.1519  	-0.0854  	-0.0186  	-0.0136  	-0.0035  	-0.0145  	-0.0080  	-0.0263  	0.00854  	0.01694  	-0.0274  	-0.0191  	0.02070  	0.03072  	0.01715  	0.08674  	0.07331  	-0.0316  	-0.0171  	0.03392  	0.52277  	1.08884  	126.320  	105.636  	
-0.3536  	-0.0203  	-0.4712  	-0.3050  	-0.0103  	-0.3309  	0.22983  	0.03816  	0.15003  	0.35572  	-0.1749  	0.93652  	0.01603  	-0.2387  	-1.1240  	0.17731  	0.35808  	0.22941  	0.46484  	0.16984  	-0.2355  	0.42946  	0.25895  	-0.2663  	0.05091  	0.17282  	0.04259  	-0.0922  	-0.1024  	-0.0350  	0.03106  	0.02300  	0.13418  	-0.1229  	-0.1409  	0.06347  	-0.0506  	-0.0207  	-0.0895  	-0.0800  	0.22718  	0.02306  	0.04217  	0.30339  	0.06719  	-0.0452  	-0.0246  	0.08144  	0.05761  	-0.1475  	-0.0924  	-0.0174  	-0.0145  	-0.0057  	-0.0128  	-0.0134  	-0.0291  	0.00976  	0.01467  	-0.0317  	-0.0205  	0.01991  	0.02687  	0.01538  	0.08611  	0.07477  	-0.0316  	-0.0171  	0.03325  	0.53282  	1.08884  	126.320  	105.636  	
-0.4328  	-0.0383  	-0.5085  	-0.3589  	-0.0064  	-0.3600  	0.24433  	0.00760  	0.13198  	0.37123  	-0.2272  	0.90011  	0.03053  	-0.2904  	-1.1231  	0.14967  	0.36927  	0.24448  	0.45953  	0.17515  	-0.3098  	0.42074  	0.24397  	-0.2869  	0.08529  	0.15935  	0.02775  	-0.0317  	-0.0289  	-0.0225  	0.03731  	0.01598  	0.13604  	-0.1179  	-0.1931  	0.08517  	-0.1110  	-0.0395  	-0.0572  	-0.0552  	0.25040  	0.02184  	0.04507  	0.30154  	0.06663  	-0.0487  	-0.0292  	0.08175  	0.05983  	-0.1560  	-0.0856  	-0.0185  	-0.0145  	-0.0103  	-0.0108  	-0.0154  	-0.0196  	0.01423  	0.01556  	-0.0308  	-0.0202  	0.02028  	0.03664  	0.02374  	0.08361  	0.07629  	-0.0316  	-0.0163  	0.03389  	0.53137  	1.08884  	126.320  	105.636  	
-0.4126  	-0.0241  	-0.4900  	-0.3402  	-0.0064  	-0.3332  	0.25554  	0.02616  	0.12572  	0.35202  	-0.2046  	0.88896  	0.01578  	-0.2790  	-1.0924  	0.15580  	0.36406  	0.24048  	0.45144  	0.19171  	-0.2915  	0.44918  	0.21913  	-0.2707  	0.10855  	0.14395  	0.05527  	-0.0625  	-0.0404  	-0.0137  	0.03672  	0.01035  	0.13641  	-0.1124  	-0.1733  	0.08085  	-0.0943  	-0.0327  	-0.0691  	-0.0571  	0.23964  	0.02684  	0.03546  	0.29387  	0.06460  	-0.0483  	-0.0236  	0.07416  	0.05822  	-0.1559  	-0.0880  	-0.0206  	-0.0139  	-0.0064  	-0.0145  	-0.0130  	-0.0223  	0.01179  	0.01281  	-0.0288  	-0.0209  	0.01729  	0.03534  	0.02063  	0.08186  	0.07693  	-0.0316  	-0.0154  	0.03533  	0.52738  	1.08884  	126.320  	105.636  	
-0.3075  	-0.0009  	-0.4739  	-0.2082  	0.05506  	-0.2514  	0.25614  	0.07088  	0.12666  	0.28943  	-0.2472  	0.93062  	0.04324  	-0.1917  	-0.9916  	0.16636  	0.35945  	0.20702  	0.43453  	0.17918  	-0.2860  	0.48033  	0.22431  	-0.2368  	0.11746  	0.14903  	0.10220  	-0.1044  	-0.0515  	0.00188  	0.03110  	0.00607  	0.14748  	-0.1072  	-0.1294  	0.07203  	-0.0859  	-0.0348  	-0.0736  	-0.0603  	0.21522  	0.03096  	0.03328  	0.29525  	0.06501  	-0.0486  	-0.0246  	0.07231  	0.05551  	-0.1491  	-0.0943  	-0.0234  	-0.0145  	-0.0069  	-0.0171  	-0.0120  	-0.0262  	0.00941  	0.01169  	-0.0360  	-0.0203  	0.01718  	0.03198  	0.01669  	0.07989  	0.07846  	-0.0316  	-0.0145  	0.03650  	0.54288  	1.08884  	126.320  	105.636  	
-0.2892  	6.11394  	-0.4546  	-0.1936  	0.09215  	-0.2209  	0.27080  	0.05760  	0.15335  	0.26382  	-0.3147  	0.94578  	0.05141  	-0.2021  	-1.0099  	0.15167  	0.36015  	0.25187  	0.45061  	0.20753  	-0.3015  	0.46323  	0.19689  	-0.2746  	0.12593  	0.14895  	0.05143  	-0.0233  	0.00020  	-0.0198  	0.02502  	-0.0090  	0.15782  	-0.1066  	-0.1758  	0.07707  	-0.1104  	-0.0423  	-0.0500  	-0.0412  	0.22675  	0.02093  	0.04894  	0.29592  	0.06569  	-0.0493  	-0.0263  	0.08180  	0.05502  	-0.1535  	-0.0867  	-0.0243  	-0.0162  	-0.0099  	-0.0170  	-0.0100  	-0.0254  	0.00731  	0.01572  	-0.0315  	-0.0218  	0.01461  	0.03388  	0.02199  	0.07900  	0.07920  	-0.0312  	-0.0131  	0.03771  	0.54329  	1.08884  	126.320  	105.636  	
-0.3360  	-0.0147  	-0.4218  	-0.2622  	0.04111  	-0.2525  	0.27992  	0.06862  	0.15537  	0.30424  	-0.2355  	0.94281  	0.07057  	-0.1968  	-1.0705  	0.17298  	0.34599  	0.26079  	0.45570  	0.22831  	-0.2932  	0.46547  	0.19221  	-0.2797  	0.08699  	0.15163  	0.03769  	-0.0541  	-0.0423  	-0.0400  	0.04110  	-0.0036  	0.16717  	-0.1203  	-0.1714  	0.07282  	-0.0885  	-0.0316  	-0.0505  	-0.0511  	0.23606  	0.02070  	0.04946  	0.29241  	0.06073  	-0.0487  	-0.0215  	0.08497  	0.05363  	-0.1571  	-0.0878  	-0.0240  	-0.0172  	-0.0112  	-0.0147  	-0.0067  	-0.0272  	0.00540  	0.01159  	-0.0303  	-0.0169  	0.01767  	0.02955  	0.02127  	0.07839  	0.08138  	-0.0305  	-0.0117  	0.03891  	0.54913  	1.08884  	126.320  	105.636  	
-0.4039  	-0.0382  	-0.5496  	-0.2370  	0.09582  	-0.3720  	0.25681  	0.08915  	0.15741  	0.31444  	-0.2100  	0.92762  	0.06135  	-0.1470  	-0.9816  	0.12056  	0.34374  	0.28262  	0.45335  	0.23167  	-0.2455  	0.42684  	0.14926  	-0.2156  	0.11709  	0.14208  	0.12117  	-0.0673  	-0.0646  	-0.0242  	0.02646  	0.00442  	0.15944  	-0.1287  	-0.0691  	0.04065  	-0.0910  	-0.0565  	-0.0648  	-0.0191  	0.14934  	0.03932  	-0.0023  	0.27759  	0.07559  	-0.0491  	-0.0204  	0.07332  	0.05216  	-0.1561  	-0.0749  	-0.0225  	-0.0184  	-0.0063  	-0.0129  	-0.0042  	-0.0223  	0.00613  	0.01303  	-0.0208  	-0.0180  	0.01446  	0.02680  	0.01805  	0.07857  	0.08251  	-0.0299  	-0.0106  	0.03948  	0.56053  	1.08884  	126.320  	105.636  	
-0.2768  	0.00938  	-0.4844  	-0.0521  	0.17537  	-0.2938  	0.25354  	0.17362  	0.17737  	0.26878  	-0.2284  	1.00019  	0.11010  	0.01592  	-0.8561  	0.18750  	0.33302  	0.22958  	0.41975  	0.22681  	-0.1587  	0.42569  	0.11465  	-0.1937  	0.06573  	0.16609  	0.12900  	-0.1146  	-0.1265  	-0.0069  	0.03091  	0.01803  	0.17773  	-0.1055  	0.01577  	0.00059  	-0.0503  	-0.0514  	-0.0920  	-0.0680  	0.12482  	0.04888  	-0.0001  	0.25879  	0.07859  	-0.0510  	-0.0223  	0.06861  	0.04941  	-0.1441  	-0.0856  	-0.0238  	-0.0085  	-0.0013  	-0.0077  	0.00015  	-0.0216  	0.00876  	0.01777  	-0.0219  	-0.0199  	0.02936  	0.01686  	0.02348  	0.07952  	0.08431  	-0.0290  	-0.0097  	0.03911  	0.56745  	1.08884  	126.320  	105.636  	
-0.0064  	0.12033  	-0.3005  	-0.0577  	0.08925  	-0.1217  	0.24379  	0.25883  	0.23459  	0.21900  	-0.2330  	0.93489  	0.14265  	0.08929  	-0.8412  	0.25261  	0.34469  	0.15402  	0.45830  	0.18232  	0.01674  	0.45163  	0.18642  	-0.1753  	0.11217  	0.11528  	0.21860  	-0.2790  	-0.2504  	-0.0241  	0.00171  	0.03411  	0.20042  	-0.1354  	0.03073  	-0.0475  	0.06115  	-0.0015  	-0.1317  	-0.0993  	0.12145  	0.03653  	0.01656  	0.26680  	0.07003  	-0.0439  	-0.0123  	0.06769  	0.05427  	-0.1451  	-0.0823  	-0.0285  	-0.0127  	-0.0085  	-0.0212  	0.00612  	-0.0344  	0.00545  	0.01115  	-0.0256  	-0.0150  	0.02516  	0.02513  	0.01181  	0.08079  	0.08527  	-0.0278  	-0.0094  	0.03847  	0.58089  	1.08884  	126.320  	105.636  	
-0.0564  	0.09338  	-0.3000  	-0.0890  	0.04487  	-0.1147  	0.25499  	0.20956  	0.19646  	0.22287  	-0.1719  	0.90703  	0.07872  	0.01460  	-0.8799  	0.22348  	0.34911  	0.16432  	0.47394  	0.11087  	0.01039  	0.47972  	0.23038  	-0.1311  	0.11048  	0.11784  	0.23818  	-0.3361  	-0.2885  	-0.0283  	0.00153  	0.04983  	0.17723  	-0.1413  	0.01846  	-0.0184  	0.11466  	0.01467  	-0.1467  	-0.1270  	0.13278  	0.04683  	0.01238  	0.28103  	0.07819  	-0.0444  	-0.0252  	0.07010  	0.05820  	-0.1453  	-0.0916  	-0.0181  	-0.0052  	0.00106  	-0.0180  	0.00444  	-0.0350  	0.01076  	0.01482  	-0.0246  	-0.0120  	0.01223  	0.03114  	0.01063  	0.08133  	0.08664  	-0.0267  	-0.0091  	0.03854  	0.57120  	1.08884  	126.320  	105.636  	
-0.0457  	0.09670  	-0.2688  	-0.0962  	0.05331  	-0.0846  	0.26747  	0.20086  	0.20742  	0.19296  	-0.1889  	0.92787  	0.07463  	-0.0106  	-0.8903  	0.24420  	0.34058  	0.19827  	0.46706  	0.15500  	-0.0038  	0.45062  	0.21940  	-0.1678  	0.09549  	0.11382  	0.16467  	-0.2612  	-0.2404  	-0.0437  	0.01209  	0.03497  	0.18431  	-0.1434  	-0.0014  	-0.0256  	0.09182  	-0.0025  	-0.1090  	-0.0879  	0.13500  	0.03708  	0.01558  	0.27837  	0.07694  	-0.0472  	-0.0251  	0.06930  	0.06019  	-0.1393  	-0.0847  	-0.0204  	-0.0060  	-0.0059  	-0.0185  	0.00929  	-0.0347  	0.00923  	0.01454  	-0.0255  	-0.0151  	0.01553  	0.03075  	0.01491  	0.08232  	0.08590  	-0.0259  	-0.0092  	0.03860  	0.56244  	1.08884  	126.320  	105.636  	
0.05475  	0.09280  	-0.2601  	-0.0530  	0.10964  	-0.0387  	0.30659  	0.20416  	0.19409  	0.16904  	-0.2149  	0.91161  	0.07463  	0.04828  	-0.8158  	0.22616  	0.32396  	0.18166  	0.46487  	0.13059  	0.00441  	0.46254  	0.16760  	-0.1563  	0.13377  	0.09633  	0.23791  	-0.3094  	-0.2579  	-0.0289  	0.00509  	0.06556  	0.17266  	-0.1417  	0.06385  	-0.0111  	0.11687  	0.01438  	-0.1325  	-0.0913  	0.13456  	0.04318  	0.01836  	0.28404  	0.07632  	-0.0505  	-0.0282  	0.07588  	0.05923  	-0.1461  	-0.0925  	-0.0211  	-0.0069  	-0.0024  	-0.0164  	0.01044  	-0.0283  	0.00789  	0.00837  	-0.0247  	-0.0164  	0.01479  	0.03085  	0.01800  	0.08186  	0.08431  	-0.0262  	-0.0097  	0.03793  	0.57228  	1.08884  	126.320  	105.636  	
0.08099  	0.11764  	-0.2355  	-0.0380  	0.12804  	-0.0312  	0.30096  	0.21218  	0.20239  	0.19784  	-0.2063  	0.92094  	0.08566  	0.06051  	-0.8296  	0.27928  	0.31706  	0.18227  	0.45846  	0.17163  	-0.0012  	0.44534  	0.14413  	-0.1634  	0.12948  	0.10539  	0.21396  	-0.3091  	-0.2557  	-0.0372  	0.00373  	0.06207  	0.18875  	-0.1316  	0.06259  	-0.0060  	0.09150  	0.01784  	-0.1225  	-0.0848  	0.14178  	0.04513  	0.02385  	0.27766  	0.07430  	-0.0485  	-0.0243  	0.08275  	0.05663  	-0.1465  	-0.0876  	-0.0216  	-0.0068  	0.00121  	-0.0147  	0.00615  	-0.0248  	0.00603  	0.00888  	-0.0263  	-0.0168  	0.01672  	0.03173  	0.01654  	0.08059  	0.08141  	-0.0267  	-0.0107  	0.03658  	0.57493  	1.08884  	126.320  	105.636  	
0.19808  	0.13471  	-0.2003  	0.01555  	0.10159  	0.04291  	0.29430  	0.28154  	0.24362  	0.14177  	-0.1699  	0.88701  	0.10334  	0.11147  	-0.7223  	0.27256  	0.35727  	0.11945  	0.44938  	0.12063  	0.13317  	0.45655  	0.19767  	-0.0880  	0.12878  	0.09076  	0.31154  	-0.4510  	-0.3700  	-0.0357  	-0.0052  	0.08445  	0.18539  	-0.1428  	0.12810  	-0.0631  	0.17713  	0.04057  	-0.1742  	-0.1088  	0.10418  	0.04161  	0.01810  	0.27537  	0.07507  	-0.0413  	-0.0270  	0.07083  	0.06325  	-0.1457  	-0.0887  	-0.0237  	-0.0078  	0.00367  	-0.0156  	0.01023  	-0.0285  	0.00762  	0.00918  	-0.0244  	-0.0208  	0.01791  	0.03038  	0.01135  	0.07971  	0.07944  	-0.0275  	-0.0114  	0.03609  	0.57365  	1.08884  	126.320  	105.636  	
0.25323  	0.15460  	-0.1448  	0.02777  	0.10061  	0.08761  	0.30551  	0.34486  	0.26602  	0.13890  	-0.2254  	0.92349  	0.14341  	0.18862  	-0.6970  	0.30822  	0.35996  	0.11594  	0.46492  	0.11353  	0.14116  	0.47891  	0.22052  	-0.1009  	0.15289  	0.08324  	0.32815  	-0.4311  	-0.3537  	-0.0283  	-0.0124  	0.07829  	0.20195  	-0.1436  	0.08750  	-0.0726  	0.18788  	0.04277  	-0.1464  	-0.1233  	0.09526  	0.04047  	0.02524  	0.27636  	0.06731  	-0.0425  	-0.0308  	0.08513  	0.07158  	-0.1532  	-0.0899  	-0.0236  	-0.0088  	0.00346  	-0.0173  	0.01080  	-0.0354  	0.00384  	0.01119  	-0.0155  	-0.0177  	0.02042  	0.03299  	0.00980  	0.08035  	0.07731  	-0.0286  	-0.0123  	0.03589  	0.57491  	1.08884  	126.320  	105.636  	
-0.0485  	0.07904  	-0.2998  	-0.1277  	0.06810  	-0.1028  	0.27226  	0.18641  	0.21329  	0.23525  	-0.1802  	0.94636  	0.08061  	0.04460  	-0.9160  	0.23546  	0.32408  	0.22232  	0.44669  	0.18064  	-0.0317  	0.38971  	0.14358  	-0.2223  	0.13690  	0.11933  	0.17860  	-0.1894  	-0.2143  	-0.0447  	0.01606  	0.02378  	0.20215  	-0.1372  	0.01754  	0.01046  	0.04383  	-0.0188  	-0.1020  	-0.0821  	0.15284  	0.04666  	0.01355  	0.27333  	0.07736  	-0.0474  	-0.0188  	0.07627  	0.05340  	-0.1447  	-0.0774  	-0.0205  	-0.0075  	-0.0057  	-0.0182  	0.00397  	-0.0314  	0.00954  	0.01807  	-0.0195  	-0.0204  	0.01883  	0.03873  	0.01852  	0.08105  	0.07551  	-0.0298  	-0.0131  	0.03500  	0.58607  	1.08884  	126.320  	105.636  	
-0.1714  	0.01737  	-0.3952  	-0.2109  	0.01515  	-0.1649  	0.26166  	0.09872  	0.16026  	0.24410  	-0.1131  	0.89551  	0.01082  	-0.1163  	-1.0034  	0.21383  	0.34660  	0.21477  	0.45145  	0.18877  	-0.0642  	0.41598  	0.17838  	-0.1946  	0.13922  	0.13137  	0.19998  	-0.2398  	-0.2084  	-0.0423  	0.01194  	0.04063  	0.16240  	-0.1573  	-0.0032  	0.03025  	0.05807  	-0.0054  	-0.1399  	-0.0929  	0.16540  	0.04318  	0.00994  	0.28013  	0.08435  	-0.0425  	-0.0237  	0.06001  	0.04625  	-0.1511  	-0.0816  	-0.0212  	-0.0102  	-0.0066  	-0.0162  	-0.0034  	-0.0266  	0.00987  	0.01478  	-0.0282  	-0.0270  	0.01397  	0.03855  	0.01824  	0.08258  	0.07260  	-0.0309  	-0.0137  	0.03394  	0.59512  	1.08884  	126.320  	105.636  	
-0.0890  	0.01781  	-0.3531  	-0.1894  	-0.0009  	-0.1385  	0.26365  	0.12485  	0.17278  	0.23291  	-0.1500  	0.88253  	0.06618  	-0.1526  	-0.8700  	0.18925  	0.37937  	0.15002  	0.44015  	0.15050  	-0.0208  	0.44553  	0.23201  	-0.1341  	0.06720  	0.14263  	0.23522  	-0.3638  	-0.2814  	-0.0540  	0.00865  	0.07419  	0.15419  	-0.1669  	0.01570  	-0.0150  	0.10108  	0.01320  	-0.1684  	-0.0701  	0.14907  	0.04989  	0.00950  	0.26938  	0.08042  	-0.0453  	-0.0290  	0.05160  	0.04542  	-0.1466  	-0.0943  	-0.0187  	-0.0116  	-0.0055  	-0.0160  	-0.0029  	-0.0311  	0.00790  	0.01886  	-0.0246  	-0.0177  	0.02020  	0.02475  	0.01584  	0.08427  	0.07129  	-0.0322  	-0.0142  	0.03300  	0.60425  	1.08884  	126.320  	105.636  	
0.23172  	0.11235  	-0.1802  	0.12824  	0.14891  	0.10792  	0.32041  	0.28631  	0.25126  	0.19644  	-0.4059  	0.91682  	0.18286  	0.20680  	-0.5662  	0.21018  	0.37282  	0.14722  	0.41434  	0.10650  	0.01922  	0.49796  	0.19393  	-0.1087  	0.14681  	0.11433  	0.28188  	-0.3522  	-0.2559  	-0.0133  	0.01344  	0.06246  	0.18952  	-0.1536  	0.06593  	-0.0521  	0.08833  	1.65998  	-0.1202  	-0.0713  	0.11843  	0.04365  	0.02800  	0.26815  	0.07066  	-0.0386  	-0.0337  	0.08304  	0.06693  	-0.1403  	-0.0834  	-0.0224  	-0.0106  	-0.0019  	-0.0164  	0.01026  	-0.0381  	0.00062  	0.01866  	-0.0197  	-0.0199  	0.03012  	0.02956  	0.00945  	0.08562  	0.06978  	-0.0333  	-0.0147  	0.03248  	0.60288  	1.08884  	126.320  	105.636  	
0.28625  	0.13545  	-0.1658  	0.11321  	0.21776  	0.03792  	0.40360  	0.21821  	0.23127  	0.29518  	-0.5479  	0.74969  	0.25412  	0.31437  	-0.5518  	0.01432  	0.36104  	0.11442  	0.44066  	0.07159  	-0.0723  	0.55351  	0.17988  	-0.1330  	0.31853  	0.07430  	0.41529  	-0.3817  	-0.1660  	0.05506  	-0.0185  	0.02256  	0.13870  	-0.1367  	0.05327  	0.02053  	0.04498  	-0.0236  	-0.0633  	-0.0190  	0.09354  	0.06857  	0.02941  	0.29656  	0.06671  	-0.0430  	-0.0499  	0.11585  	0.08185  	-0.1669  	-0.0777  	-0.0277  	-0.0148  	-0.0056  	-0.0124  	0.01776  	-0.0283  	0.00390  	0.01906  	-0.0172  	-0.0150  	0.01845  	0.02690  	0.01282  	0.08595  	0.06944  	-0.0339  	-0.0151  	0.03171  	0.60343  	1.08884  	126.320  	105.636  	
0.03328  	0.07143  	-0.3614  	-0.0203  	0.17127  	-0.1088  	0.30135  	0.18469  	0.16816  	0.19868  	-0.3802  	0.84036  	0.14131  	0.06707  	-0.7357  	0.11225  	0.36916  	0.13161  	0.47083  	0.11700  	0.01149  	0.50537  	0.17753  	-0.0957  	0.21598  	0.10665  	0.34760  	-0.3619  	-0.2443  	-0.0033  	-0.0102  	0.06158  	0.14032  	-0.1288  	0.05818  	-0.0245  	0.10387  	0.00307  	-0.1436  	-0.0364  	0.09445  	0.05263  	0.01938  	0.28531  	0.07234  	-0.0434  	-0.0289  	0.07498  	0.06919  	-0.1567  	-0.0998  	-0.0212  	-0.0167  	-0.0013  	-0.0165  	-0.0063  	-0.0274  	0.00175  	0.01123  	-0.0215  	-0.0197  	0.01412  	0.02790  	0.01067  	0.08544  	0.06865  	-0.0344  	-0.0156  	0.03091  	0.61049  	1.08884  	126.320  	105.636  	
-0.1574  	-0.0116  	-0.4193  	-0.1660  	0.09014  	-0.1568  	0.29042  	0.03987  	0.14261  	0.18273  	-0.2449  	0.89367  	0.01681  	-0.2094  	-0.9223  	0.19755  	0.34086  	0.21828  	0.45629  	0.21160  	-0.0963  	0.45518  	0.17042  	-0.1686  	0.14775  	0.12489  	0.24951  	-0.2231  	-0.1960  	-0.0211  	-0.0256  	0.06572  	0.14298  	-0.1345  	-0.0181  	0.05435  	0.06213  	0.01060  	-0.1357  	-0.0315  	0.13835  	0.05530  	0.00086  	0.28387  	0.07145  	-0.0455  	-0.0261  	0.06386  	0.05204  	-0.1546  	-0.0797  	-0.0208  	-0.0108  	0.00126  	-0.0185  	-0.0001  	-0.0271  	0.00812  	0.01985  	-0.0264  	-0.0243  	0.01502  	0.03116  	0.01469  	0.08305  	0.06872  	-0.0347  	-0.0158  	0.03126  	0.60317  	1.08884  	126.320  	105.636  	
-0.1125  	-0.0156  	-0.4229  	-0.0503  	0.15644  	-0.1801  	0.29582  	0.03382  	0.14297  	0.27776  	-0.2602  	0.91257  	0.04334  	-0.2471  	-1.0240  	0.27758  	0.34575  	0.24507  	0.44935  	0.22357  	-0.2264  	0.43014  	0.09445  	-0.2016  	0.22647  	0.10908  	0.20453  	-0.0916  	-0.1198  	0.03483  	-0.0141  	0.05321  	0.10958  	-0.1347  	-0.0534  	0.13418  	-0.0245  	-0.0304  	-0.1049  	-0.0443  	0.13490  	0.04310  	0.00804  	0.28268  	0.07908  	-0.0440  	-0.0246  	0.06793  	0.06134  	-0.1626  	-0.0706  	-0.0242  	-0.0068  	-0.0060  	-0.0120  	-0.0047  	-0.0179  	0.01125  	0.01846  	-0.0263  	-0.0321  	0.00365  	0.03606  	0.01465  	0.08077  	0.06759  	-0.0350  	-0.0161  	0.03223  	0.59209  	1.08884  	126.320  	105.636  	
-0.1171  	-0.0024  	-0.4082  	-0.0436  	0.19903  	-0.1867  	0.32409  	0.04938  	0.15912  	0.32617  	-0.2621  	0.92768  	0.04863  	-0.2427  	-1.0598  	0.29984  	0.30872  	0.26593  	0.44597  	0.22701  	-0.3044  	0.44972  	0.04263  	-0.2403  	0.27198  	0.10016  	0.17844  	-0.0274  	-0.0345  	0.03623  	-0.0195  	0.04916  	0.10752  	-0.1329  	-0.0878  	0.16935  	-0.0705  	-0.0293  	-0.0664  	-0.0408  	0.14844  	0.04628  	0.02356  	0.28786  	0.07793  	-0.0477  	-0.0305  	0.08041  	0.06717  	-0.1674  	-0.0703  	-0.0249  	-0.0067  	-0.0063  	-0.0069  	-0.0068  	-0.0161  	0.01273  	0.01941  	-0.0258  	-0.0294  	0.00213  	0.03422  	0.01712  	0.07757  	0.06664  	-0.0355  	-0.0164  	0.03269  	0.59212  	1.08884  	126.320  	105.636  	
-0.0808  	-0.0074  	-0.3932  	-0.0447  	0.20711  	-0.1202  	0.31203  	0.04447  	0.14368  	0.29663  	-0.2717  	0.87579  	0.04092  	-0.2445  	-1.0518  	0.32611  	0.31493  	0.22507  	0.46433  	0.19987  	-0.2731  	0.44278  	0.04942  	-0.2095  	0.32970  	0.08631  	0.24410  	-0.0537  	-0.0728  	0.04884  	-0.0262  	0.07206  	0.09282  	-0.1248  	-0.0561  	0.17612  	-0.0466  	-0.0170  	-0.0657  	-0.0471  	0.13136  	0.05583  	0.01233  	0.28463  	0.07483  	-0.0440  	-0.0387  	0.07764  	0.06594  	-0.1659  	-0.0620  	-0.0216  	0.00096  	-0.0027  	-0.0072  	-0.0048  	-0.0180  	0.01176  	0.02238  	-0.0244  	-0.0317  	0.00485  	0.03687  	0.01369  	0.07556  	0.06549  	-0.0359  	-0.0166  	0.03291  	0.58229  	1.08884  	126.320  	105.636  	
-0.1292  	0.00621  	-0.4089  	-0.1245  	0.13671  	-0.0896  	0.30393  	0.04400  	0.14491  	0.22640  	-0.3168  	0.80734  	0.02293  	-0.2271  	-0.9887  	0.25046  	0.35458  	0.21448  	0.46699  	0.17931  	-0.2175  	0.43577  	0.10965  	-0.2127  	0.30197  	0.10114  	0.23937  	-0.0878  	-0.0957  	0.05001  	-0.0233  	0.06409  	0.08895  	-0.1260  	-0.0515  	0.15569  	-0.0084  	-0.0105  	-0.0879  	-0.0660  	0.13225  	0.04657  	0.01553  	0.28585  	0.06960  	-0.0436  	-0.0374  	0.06029  	0.05389  	-0.1610  	-0.0688  	-0.0240  	-0.0028  	-4.3660  	-0.0080  	-0.0055  	-0.0180  	0.01251  	0.01917  	-0.0257  	-0.0302  	0.00600  	0.03847  	0.01688  	0.07427  	0.06582  	-0.0358  	-0.0166  	0.03354  	0.57352  	1.08884  	126.320  	105.636  	
-0.1497  	0.00917  	-0.4150  	-0.0955  	0.09671  	-0.0956  	0.27143  	0.05407  	0.13768  	0.16811  	-0.2847  	0.80121  	0.03459  	-0.1955  	-0.9150  	0.16961  	0.37693  	0.19118  	0.45549  	0.16788  	-0.1202  	0.43158  	0.17524  	-0.1960  	0.20474  	0.11730  	0.22322  	-0.1554  	-0.1427  	0.02441  	-0.0052  	0.05609  	0.11092  	-0.1238  	-0.0347  	0.08218  	0.03396  	-0.0039  	-0.1276  	-0.0944  	0.13854  	0.04838  	0.01912  	0.27556  	0.08005  	-0.0447  	-0.0300  	0.04856  	0.04648  	-0.1643  	-0.0773  	-0.0235  	-0.0050  	-0.0015  	-0.0105  	-0.0048  	-0.0172  	0.01092  	0.01898  	-0.0276  	-0.0252  	0.00663  	0.04221  	0.01896  	0.07443  	0.06520  	-0.0358  	-0.0167  	0.03405  	0.57563  	1.08884  	126.320  	105.636  	
-0.0832  	0.03399  	-0.3993  	-0.1320  	0.07924  	-0.0986  	0.28711  	0.06294  	0.15672  	0.16759  	-0.2572  	0.84019  	0.05800  	-0.1193  	-0.8605  	0.11098  	0.33931  	0.20151  	0.44227  	0.18424  	-0.1020  	0.45153  	0.17013  	-0.2388  	0.17258  	0.11723  	0.15873  	-0.1287  	-0.1524  	-0.0032  	0.00552  	0.04137  	0.15540  	-0.1173  	-0.0189  	0.05526  	0.01911  	-0.0051  	-0.1034  	-0.0818  	0.14852  	0.04076  	0.00669  	0.26971  	0.07470  	-0.0482  	-0.0250  	0.05729  	0.04487  	-0.1512  	-0.0795  	-0.0229  	-0.0070  	-0.0030  	-0.0129  	-0.0074  	-0.0249  	0.01056  	0.01364  	-0.0271  	-0.0239  	0.01192  	0.03677  	0.01610  	0.07571  	0.06507  	-0.0359  	-0.0167  	0.03314  	0.58615  	1.08884  	126.320  	105.636  	
0.09482  	0.15164  	-0.2239  	0.03210  	0.11151  	0.03203  	0.33411  	0.25484  	0.23468  	0.12436  	-0.2281  	0.94570  	0.12386  	0.09288  	-0.7381  	0.23856  	0.34181  	0.16609  	0.42515  	0.17322  	0.04026  	0.48243  	0.19539  	-0.2040  	0.11233  	0.11684  	0.18303  	-0.2966  	-0.2267  	-0.0293  	0.01062  	0.01994  	0.19981  	-0.1277  	0.02774  	-0.0456  	0.06518  	0.00941  	-0.1179  	-0.0779  	0.14121  	0.02848  	0.00748  	0.27344  	0.07059  	-0.0484  	-0.0174  	0.07194  	0.06013  	-0.1416  	-0.0806  	-0.0233  	-0.0104  	-0.0067  	-0.0201  	0.00176  	-0.0339  	0.01019  	0.00266  	-0.0334  	-0.0192  	0.02367  	0.03933  	0.01336  	0.07825  	0.06525  	-0.0360  	-0.0170  	0.03208  	0.60013  	1.08884  	126.320  	105.636  	
0.26712  	0.13876  	-0.1666  	0.11063  	0.16036  	0.10685  	0.31974  	0.31046  	0.26636  	0.11596  	-0.2438  	0.94933  	0.15294  	0.17267  	-0.6493  	0.31292  	0.33706  	0.12902  	0.45687  	0.13731  	0.09074  	0.49437  	0.19021  	-0.1423  	0.11356  	0.11281  	0.25847  	-0.4137  	-0.3170  	-0.0082  	0.00906  	0.05801  	0.20217  	-0.1453  	0.07112  	-0.0684  	0.13816  	0.02013  	-0.1528  	-0.0938  	0.10372  	0.04495  	0.02017  	0.27165  	0.08282  	-0.0496  	-0.0247  	0.08534  	0.07527  	-0.1486  	-0.0972  	-0.0259  	-0.0107  	0.00141  	-0.0161  	0.00994  	-0.0329  	0.00467  	0.00367  	-0.0198  	-0.0260  	0.02270  	0.03263  	0.01374  	0.08073  	0.06774  	-0.0360  	-0.0171  	0.03159  	0.59845  	1.08884  	126.320  	105.636  	
0.30904  	0.13503  	-0.1303  	0.07371  	0.09477  	0.15287  	0.32407  	0.32872  	0.25676  	0.09038  	-0.2362  	0.88182  	0.14506  	0.18732  	-0.6332  	0.30598  	0.36154  	0.08188  	0.45318  	0.07570  	0.17735  	0.52217  	0.22087  	-0.0771  	0.16838  	0.09329  	0.35232  	-0.5038  	-0.3719  	-0.0016  	0.01043  	0.08700  	0.17940  	-0.1415  	0.11524  	-0.0784  	0.20732  	0.03488  	-0.1686  	-0.1185  	0.08234  	0.05297  	0.02168  	0.26947  	0.07413  	-0.0494  	-0.0298  	0.09020  	0.07818  	-0.1557  	-0.0906  	-0.0228  	-0.0067  	0.00099  	-0.0163  	0.01668  	-0.0364  	0.00808  	0.00736  	-0.0138  	-0.0204  	0.02113  	0.03687  	0.01828  	0.08251  	0.07016  	-0.0352  	-0.0172  	0.03172  	0.58393  	1.08884  	126.320  	105.636  	
0.30251  	0.13945  	-0.1086  	0.05647  	0.06152  	0.16188  	0.31549  	0.33976  	0.26894  	0.09318  	-0.2177  	0.88966  	0.13876  	0.19082  	-0.6231  	0.31132  	0.38125  	0.07775  	0.45734  	0.06430  	0.22566  	0.51019  	0.25169  	-0.0583  	0.14916  	0.09167  	0.37212  	-0.5207  	-0.4116  	-0.0130  	0.00708  	0.08813  	0.17519  	-0.1413  	0.12476  	-0.0929  	0.24055  	0.04412  	-0.1857  	-0.1272  	0.07638  	0.05119  	0.02127  	0.26765  	0.07308  	-0.0477  	-0.0286  	0.08753  	0.07466  	-0.1526  	-0.0928  	-0.0229  	-0.0077  	0.00288  	-0.0166  	0.01753  	-0.0369  	0.00895  	0.00591  	-0.0126  	-0.0179  	0.02070  	0.03753  	0.01904  	0.08212  	0.07298  	-0.0347  	-0.0169  	0.03146  	0.58536  	1.08884  	126.320  	105.636  	
0.28021  	0.14593  	-0.1060  	0.04166  	0.05360  	0.14751  	0.30481  	0.34343  	0.27879  	0.09540  	-0.2067  	0.90646  	0.15038  	0.20396  	-0.6291  	0.31361  	0.37988  	0.07538  	0.45977  	0.06739  	0.23216  	0.49813  	0.25620  	-0.0539  	0.13281  	0.09004  	0.36747  	-0.5154  	-0.4237  	-0.0221  	-0.0001  	0.08601  	0.18248  	-0.1401  	0.12514  	-0.1024  	0.24093  	0.04937  	-0.1813  	-0.1342  	0.08121  	0.05296  	0.01877  	0.26639  	0.07312  	-0.0464  	-0.0292  	0.08601  	0.07095  	-0.1506  	-0.0933  	-0.0223  	-0.0071  	0.00402  	-0.0187  	0.01585  	-0.0371  	0.00919  	0.00623  	-0.0141  	-0.0155  	0.01986  	0.03680  	0.01819  	0.07937  	0.07496  	-0.0343  	-0.0166  	0.03098  	0.59377  	1.08884  	126.320  	105.636  	
0.26643  	0.15434  	-0.1170  	0.02255  	0.04011  	0.12554  	0.29409  	0.35607  	0.29346  	0.09381  	-0.1926  	0.92700  	0.14351  	0.19840  	-0.6349  	0.32080  	0.37960  	0.07810  	0.46521  	0.05639  	0.23853  	0.49117  	0.26961  	-0.0553  	0.10530  	0.09178  	0.36713  	-0.5264  	-0.4479  	-0.0323  	-0.0030  	0.08856  	0.18925  	-0.1395  	0.13334  	-0.1161  	0.25074  	0.06012  	-0.1820  	-0.1405  	0.08226  	0.04890  	0.01954  	0.26750  	0.07281  	-0.0450  	-0.0298  	0.08107  	0.06697  	-0.1489  	-0.0943  	-0.0228  	-0.0072  	0.00499  	-0.0201  	0.01546  	-0.0396  	0.01010  	0.00742  	-0.0143  	-0.0148  	0.02043  	0.03430  	0.01813  	0.07533  	0.07679  	-0.0339  	-0.0159  	0.03172  	0.59205  	1.08884  	126.320  	105.636  	
0.26050  	0.17467  	-0.1292  	0.02376  	0.04832  	0.09977  	0.28942  	0.36131  	0.29957  	0.07921  	-0.1640  	0.94777  	0.12340  	0.18642  	-0.6409  	0.32424  	0.37784  	0.07871  	0.45924  	0.04995  	0.23350  	0.48180  	0.28084  	-0.0554  	0.08039  	0.09452  	0.36710  	-0.5166  	-0.4665  	-0.0347  	-0.0031  	0.09035  	0.19606  	-0.1416  	0.14323  	-0.1260  	0.26034  	0.06813  	-0.1893  	-0.1445  	0.08055  	0.04436  	0.01862  	0.27081  	0.07000  	-0.0431  	-0.0302  	0.07627  	0.06311  	-0.1507  	-0.0969  	-0.0213  	-0.0078  	0.00521  	-0.0194  	0.01424  	-0.0402  	0.00974  	0.00849  	-0.0158  	-0.0151  	0.02280  	0.03191  	0.01663  	0.07307  	0.07745  	-0.0334  	-0.0149  	0.03314  	0.58995  	1.08884  	126.320  	105.636  	
0.25839  	0.17258  	-0.1380  	0.02067  	0.05215  	0.08664  	0.28629  	0.35501  	0.29807  	0.07853  	-0.1632  	0.95343  	0.11879  	0.17687  	-0.6414  	0.32011  	0.38009  	0.07920  	0.45686  	0.04782  	0.22429  	0.47720  	0.28546  	-0.0589  	0.07628  	0.09600  	0.36549  	-0.5117  	-0.4680  	-0.0335  	-0.0011  	0.09037  	0.19575  	-0.1425  	0.14475  	-0.1304  	0.25982  	0.06951  	-0.1913  	-0.1467  	0.08008  	0.04400  	0.01894  	0.27051  	0.06814  	-0.0426  	-0.0304  	0.07493  	0.06259  	-0.1518  	-0.0980  	-0.0203  	-0.0088  	0.00525  	-0.0195  	0.01395  	-0.0393  	0.00930  	0.00824  	-0.0175  	-0.0155  	0.02336  	0.03108  	0.01647  	0.07127  	0.07900  	-0.0328  	-0.0137  	0.03397  	0.59402  	1.08884  	126.320  	105.636  	
0.25559  	0.16981  	-0.1423  	0.02108  	0.05644  	0.08404  	0.28715  	0.35126  	0.29668  	0.08229  	-0.1630  	0.95309  	0.11648  	0.17129  	-0.6403  	0.31698  	0.38413  	0.08022  	0.45320  	0.05215  	0.21557  	0.47161  	0.28660  	-0.0601  	0.07656  	0.09729  	0.36313  	-0.5024  	-0.4639  	-0.0325  	-0.0018  	0.08823  	0.19462  	-0.1431  	0.14443  	-0.1302  	0.25415  	0.06837  	-0.1909  	-0.1469  	0.07719  	0.04436  	0.01780  	0.27022  	0.06767  	-0.0424  	-0.0306  	0.07464  	0.06221  	-0.1521  	-0.0969  	-0.0195  	-0.0094  	0.00458  	-0.0192  	0.01380  	-0.0384  	0.00887  	0.00821  	-0.0186  	-0.0156  	0.02331  	0.03073  	0.01665  	0.07136  	0.07929  	-0.0325  	-0.0116  	0.03437  	0.59955  	1.08884  	126.320  	105.636  	
0.25467  	0.17019  	-0.1429  	0.01963  	0.05617  	0.08201  	0.28764  	0.35006  	0.29589  	0.08269  	-0.1618  	0.95224  	0.11553  	0.16959  	-0.6433  	0.31659  	0.38444  	0.08048  	0.45302  	0.05216  	0.21426  	0.47020  	0.28619  	-0.0602  	0.07685  	0.09690  	0.36386  	-0.5009  	-0.4633  	-0.0327  	-0.0021  	0.08816  	0.19466  	-0.1432  	0.14487  	-0.1298  	0.25373  	0.06835  	-0.1913  	-0.1473  	0.07726  	0.04420  	0.01768  	0.26998  	0.06718  	-0.0425  	-0.0307  	0.07466  	0.06208  	-0.1521  	-0.0967  	-0.0194  	-0.0095  	0.00458  	-0.0191  	0.01385  	-0.0380  	0.00861  	0.00822  	-0.0187  	-0.0155  	0.02319  	0.03073  	0.01666  	0.07127  	0.07949  	-0.0328  	-0.0093  	0.03463  	0.60482  	1.08884  	126.320  	105.636  	
0.25454  	0.17118  	-0.1434  	0.01897  	0.05537  	0.08064  	0.28726  	0.34933  	0.29607  	0.08216  	-0.1610  	0.95275  	0.11523  	0.17022  	-0.6424  	0.31609  	0.38401  	0.08036  	0.45298  	0.05161  	0.21487  	0.47078  	0.28646  	-0.0606  	0.07659  	0.09733  	0.36290  	-0.5010  	-0.4636  	-0.0330  	-0.0016  	0.08770  	0.19496  	-0.1432  	0.14509  	-0.1303  	0.25404  	0.06803  	-0.1919  	-0.1470  	0.07771  	0.04427  	0.01760  	0.26993  	0.06726  	-0.0427  	-0.0304  	0.07458  	0.06188  	-0.1518  	-0.0968  	-0.0194  	-0.0095  	0.00465  	-0.0193  	0.01391  	-0.0382  	0.00864  	0.00825  	-0.0187  	-0.0155  	0.02337  	0.03053  	0.01656  	0.07266  	0.07693  	-0.0334  	-0.0067  	0.03428  	0.61034  	1.08884  	126.320  	105.636  	
0.25456  	0.16991  	-0.1438  	0.01948  	0.05621  	0.08157  	0.28743  	0.34977  	0.29539  	0.08234  	-0.1614  	0.95213  	0.11474  	0.16885  	-0.6414  	0.31603  	0.38525  	0.08056  	0.45293  	0.05257  	0.21476  	0.46970  	0.28715  	-0.0595  	0.07723  	0.09702  	0.36401  	-0.5014  	-0.4641  	-0.0329  	-0.0023  	0.08815  	0.19422  	-0.1434  	0.14520  	-0.1304  	0.25404  	0.06874  	-0.1916  	-0.1475  	0.07649  	0.04436  	0.01749  	0.27010  	0.06725  	-0.0424  	-0.0306  	0.07457  	0.06187  	-0.1521  	-0.0967  	-0.0193  	-0.0096  	0.00446  	-0.0192  	0.01383  	-0.0380  	0.00867  	0.00812  	-0.0190  	-0.0156  	0.02319  	0.03050  	0.01662  	0.07471  	0.07364  	-0.0331  	-0.0044  	0.03274  	0.60427  	1.08884  	126.320  	105.636  	
0.25452  	0.16991  	-0.1439  	0.01946  	0.05621  	0.08152  	0.28743  	0.34973  	0.29538  	0.08235  	-0.1613  	0.95213  	0.11471  	0.16882  	-0.6414  	0.31601  	0.38527  	0.08056  	0.45291  	0.05259  	0.21473  	0.46968  	0.28715  	-0.0595  	0.07722  	0.09703  	0.36399  	-0.5014  	-0.4641  	-0.0329  	-0.0023  	0.08814  	0.19421  	-0.1434  	0.14521  	-0.1304  	0.25403  	0.06874  	-0.1917  	-0.1475  	0.07651  	0.04436  	0.01749  	0.27010  	0.06725  	-0.0424  	-0.0306  	0.07456  	0.06187  	-0.1521  	-0.0967  	-0.0193  	-0.0096  	0.00445  	-0.0192  	0.01382  	-0.0380  	0.00867  	0.00812  	-0.0190  	-0.0156  	0.02319  	0.03050  	0.01662  	0.07751  	0.06988  	-0.0316  	-0.0023  	0.03104  	0.60581  	1.08884  	126.320  	105.636  	
0.25738  	0.18578  	-0.1031  	0.04098  	0.06425  	0.05364  	0.25280  	0.41004  	0.27446  	0.05583  	-0.1450  	0.96986  	0.16375  	0.11649  	-0.5809  	0.25507  	0.47883  	-0.0871  	0.52564  	-0.2132  	0.28717  	0.24037  	0.03228  	-0.0569  	0.00809  	0.19891  	0.36069  	-0.5955  	-0.3832  	-0.0533  	0.11553  	0.03884  	0.09897  	-0.3086  	0.07987  	-0.1590  	0.16609  	0.06685  	-0.3088  	-0.2322  	0.15230  	0.17679  	-0.1007  	0.34959  	0.00778  	-0.0219  	-0.0547  	0.09355  	0.04619  	-0.1641  	-0.0905  	-0.0144  	-0.0083  	0.02129  	-0.0130  	0.01240  	-0.0405  	-0.0027  	0.00876  	-0.0102  	-0.0109  	0.01997  	0.01413  	0.01715  	0.07925  	0.06663  	-0.0301  	-0.0003  	0.02965  	0.60036  	1.08884  	126.320  	105.636  	
0.25967  	0.19848  	-0.0706  	0.05819  	0.07069  	0.03133  	0.22510  	0.45829  	0.25772  	0.03462  	-0.1320  	0.98405  	0.20299  	0.07464  	-0.5325  	0.20632  	0.55368  	-0.2214  	0.58383  	-0.4260  	0.34512  	0.05691  	-0.1716  	-0.0549  	-0.0472  	0.28042  	0.35805  	-0.6708  	-0.3185  	-0.0697  	0.20986  	-0.0005  	0.02277  	-0.4408  	0.02760  	-0.1818  	0.09574  	0.06533  	-0.4026  	-0.2999  	0.21294  	0.28273  	-0.1953  	0.41318  	-0.0397  	-0.0054  	-0.0740  	0.10873  	0.03364  	-0.1737  	-0.0855  	-0.0105  	-0.0072  	0.03477  	-0.0079  	0.01127  	-0.0426  	-0.0118  	0.00926  	-0.0032  	-0.0071  	0.01738  	0.00104  	0.01757  	0.07961  	0.06264  	-0.0291  	0.00200  	0.02840  	0.58990  	1.08884  	126.320  	105.636  	
0.26024  	0.20165  	-0.0624  	0.06249  	0.07230  	0.02575  	0.21817  	0.47035  	0.25353  	0.02932  	-0.1288  	0.98760  	0.21280  	0.06417  	-0.5204  	0.19413  	0.57240  	-0.2549  	0.59837  	-0.4791  	0.35960  	0.01105  	-0.2225  	-0.0543  	-0.0610  	0.30080  	0.35739  	-0.6896  	-0.3023  	-0.0738  	0.23344  	-0.0104  	0.00372  	-0.4738  	0.01453  	-0.1875  	0.07815  	0.06495  	-0.4260  	-0.3169  	0.22810  	0.30922  	-0.2189  	0.42908  	-0.0516  	-0.0013  	-0.0788  	0.11253  	0.03051  	-0.1761  	-0.0843  	-0.0095  	-0.0070  	0.03813  	-0.0067  	0.01098  	-0.0431  	-0.0141  	0.00939  	-0.0014  	-0.0062  	0.01674  	-0.0022  	0.01768  	0.07716  	0.05861  	-0.0302  	0.00397  	0.02704  	0.58677  	1.08884  	126.320  	105.636  	
0.25967  	0.19848  	-0.0706  	0.05819  	0.07069  	0.03133  	0.22510  	0.45829  	0.25772  	0.03462  	-0.1320  	0.98405  	0.20299  	0.07464  	-0.5325  	0.20632  	0.55368  	-0.2214  	0.58383  	-0.4260  	0.34512  	0.05691  	-0.1716  	-0.0549  	-0.0472  	0.28042  	0.35805  	-0.6708  	-0.3185  	-0.0697  	0.20986  	-0.0005  	0.02277  	-0.4408  	0.02760  	-0.1818  	0.09574  	0.06533  	-0.4026  	-0.2999  	0.21294  	0.28273  	-0.1953  	0.41318  	-0.0397  	-0.0054  	-0.0740  	0.10873  	0.03364  	-0.1737  	-0.0855  	-0.0105  	-0.0072  	0.03477  	-0.0079  	0.01127  	-0.0426  	-0.0118  	0.00926  	-0.0032  	-0.0071  	0.01738  	0.00104  	0.01757  	0.07297  	0.05466  	-0.0326  	0.00552  	0.02616  	0.56709  	1.08884  	126.320  	105.636  	
0.25738  	0.18578  	-0.1031  	0.04098  	0.06425  	0.05364  	0.25280  	0.41004  	0.27446  	0.05583  	-0.1450  	0.96986  	0.16375  	0.11649  	-0.5809  	0.25507  	0.47883  	-0.0871  	0.52564  	-0.2132  	0.28717  	0.24037  	0.03228  	-0.0569  	0.00809  	0.19891  	0.36069  	-0.5955  	-0.3832  	-0.0533  	0.11553  	0.03884  	0.09897  	-0.3086  	0.07987  	-0.1590  	0.16609  	0.06685  	-0.3088  	-0.2322  	0.15230  	0.17679  	-0.1007  	0.34959  	0.00778  	-0.0219  	-0.0547  	0.09355  	0.04619  	-0.1641  	-0.0905  	-0.0144  	-0.0083  	0.02129  	-0.0130  	0.01240  	-0.0405  	-0.0027  	0.00876  	-0.0102  	-0.0109  	0.01997  	0.01413  	0.01715  	0.06920  	0.05070  	-0.0367  	0.00688  	0.02564  	0.56084  	1.08884  	126.320  	105.636  	
0.25452  	0.16991  	-0.1439  	0.01946  	0.05621  	0.08152  	0.28743  	0.34973  	0.29538  	0.08235  	-0.1613  	0.95213  	0.11471  	0.16882  	-0.6414  	0.31601  	0.38527  	0.08056  	0.45291  	0.05259  	0.21473  	0.46968  	0.28715  	-0.0595  	0.07722  	0.09703  	0.36399  	-0.5014  	-0.4641  	-0.0329  	-0.0023  	0.08814  	0.19421  	-0.1434  	0.14521  	-0.1304  	0.25403  	0.06874  	-0.1917  	-0.1475  	0.07651  	0.04436  	0.01749  	0.27010  	0.06725  	-0.0424  	-0.0306  	0.07456  	0.06187  	-0.1521  	-0.0967  	-0.0193  	-0.0096  	0.00445  	-0.0192  	0.01382  	-0.0380  	0.00867  	0.00812  	-0.0190  	-0.0156  	0.02319  	0.03050  	0.01662  	0.06742  	0.04738  	-0.0414  	0.00821  	0.02511  	0.57014  	1.08884  	126.320  	105.636  	
0.25452  	0.16991  	-0.1439  	0.01946  	0.05621  	0.08152  	0.28743  	0.34973  	0.29538  	0.08235  	-0.1613  	0.95213  	0.11471  	0.16882  	-0.6414  	0.31601  	0.38527  	0.08056  	0.45291  	0.05259  	0.21473  	0.46968  	0.28715  	-0.0595  	0.07722  	0.09703  	0.36399  	-0.5014  	-0.4641  	-0.0329  	-0.0023  	0.08814  	0.19421  	-0.1434  	0.14521  	-0.1304  	0.25403  	0.06874  	-0.1917  	-0.1475  	0.07651  	0.04436  	0.01749  	0.27010  	0.06725  	-0.0424  	-0.0306  	0.07456  	0.06187  	-0.1521  	-0.0967  	-0.0193  	-0.0096  	0.00445  	-0.0192  	0.01382  	-0.0380  	0.00867  	0.00812  	-0.0190  	-0.0156  	0.02319  	0.03050  	0.01662  	0.06653  	0.04598  	-0.0459  	0.00912  	0.02406  	0.58579  	1.08884  	126.320  	105.636  	
0.25452  	0.16991  	-0.1439  	0.01946  	0.05621  	0.08152  	0.28743  	0.34973  	0.29538  	0.08235  	-0.1613  	0.95213  	0.11471  	0.16882  	-0.6414  	0.31601  	0.38527  	0.08056  	0.45291  	0.05259  	0.21473  	0.46968  	0.28715  	-0.0595  	0.07722  	0.09703  	0.36399  	-0.5014  	-0.4641  	-0.0329  	-0.0023  	0.08814  	0.19421  	-0.1434  	0.14521  	-0.1304  	0.25403  	0.06874  	-0.1917  	-0.1475  	0.07651  	0.04436  	0.01749  	0.27010  	0.06725  	-0.0424  	-0.0306  	0.07456  	0.06187  	-0.1521  	-0.0967  	-0.0193  	-0.0096  	0.00445  	-0.0192  	0.01382  	-0.0380  	0.00867  	0.00812  	-0.0190  	-0.0156  	0.02319  	0.03050  	0.01662  	0.06610  	0.04479  	-0.0503  	0.01044  	0.02308  	0.60660  	1.08884  	126.320  	105.636  	
0.25452  	0.16991  	-0.1439  	0.01946  	0.05621  	0.08152  	0.28743  	0.34973  	0.29538  	0.08235  	-0.1613  	0.95213  	0.11471  	0.16882  	-0.6414  	0.31601  	0.38527  	0.08056  	0.45291  	0.05259  	0.21473  	0.46968  	0.28715  	-0.0595  	0.07722  	0.09703  	0.36399  	-0.5014  	-0.4641  	-0.0329  	-0.0023  	0.08814  	0.19421  	-0.1434  	0.14521  	-0.1304  	0.25403  	0.06874  	-0.1917  	-0.1475  	0.07651  	0.04436  	0.01749  	0.27010  	0.06725  	-0.0424  	-0.0306  	0.07456  	0.06187  	-0.1521  	-0.0967  	-0.0193  	-0.0096  	0.00445  	-0.0192  	0.01382  	-0.0380  	0.00867  	0.00812  	-0.0190  	-0.0156  	0.02319  	0.03050  	0.01662  	0.06521  	0.04433  	-0.0535  	0.01078  	0.02240  	0.62735  	1.08884  	126.320  	105.636  	
0.25452  	0.16991  	-0.1439  	0.01946  	0.05621  	0.08152  	0.28743  	0.34973  	0.29538  	0.08235  	-0.1613  	0.95213  	0.11471  	0.16882  	-0.6414  	0.31601  	0.38527  	0.08056  	0.45291  	0.05259  	0.21473  	0.46968  	0.28715  	-0.0595  	0.07722  	0.09703  	0.36399  	-0.5014  	-0.4641  	-0.0329  	-0.0023  	0.08814  	0.19421  	-0.1434  	0.14521  	-0.1304  	0.25403  	0.06874  	-0.1917  	-0.1475  	0.07651  	0.04436  	0.01749  	0.27010  	0.06725  	-0.0424  	-0.0306  	0.07456  	0.06187  	-0.1521  	-0.0967  	-0.0193  	-0.0096  	0.00445  	-0.0192  	0.01382  	-0.0380  	0.00867  	0.00812  	-0.0190  	-0.0156  	0.02319  	0.03050  	0.01662  	0.06549  	0.04344  	-0.0542  	0.01086  	0.02219  	0.62975  	1.08884  	126.320  	105.636  	
0.25452  	0.16991  	-0.1439  	0.01946  	0.05621  	0.08152  	0.28743  	0.34973  	0.29538  	0.08235  	-0.1613  	0.95213  	0.11471  	0.16882  	-0.6414  	0.31601  	0.38527  	0.08056  	0.45291  	0.05259  	0.21473  	0.46968  	0.28715  	-0.0595  	0.07722  	0.09703  	0.36399  	-0.5014  	-0.4641  	-0.0329  	-0.0023  	0.08814  	0.19421  	-0.1434  	0.14521  	-0.1304  	0.25403  	0.06874  	-0.1917  	-0.1475  	0.07651  	0.04436  	0.01749  	0.27010  	0.06725  	-0.0424  	-0.0306  	0.07456  	0.06187  	-0.1521  	-0.0967  	-0.0193  	-0.0096  	0.00445  	-0.0192  	0.01382  	-0.0380  	0.00867  	0.00812  	-0.0190  	-0.0156  	0.02319  	0.03050  	0.01662  	0.06534  	0.04311  	-0.0518  	0.01002  	0.02183  	0.63268  	1.08884  	126.320  	105.636  	
-0.1456  	0.01222  	-0.4328  	-0.1425  	0.12671  	-0.2489  	0.23590  	0.12072  	0.22269  	0.27020  	-0.1309  	1.02711  	0.11629  	-0.0113  	-0.9458  	0.25853  	0.32830  	0.23861  	0.41394  	0.30385  	-0.0972  	0.38208  	0.11151  	-0.2057  	0.02803  	0.16783  	0.02901  	-0.0558  	-0.1976  	-0.0754  	0.02871  	0.02546  	0.20555  	-0.1348  	-0.0638  	0.01664  	-0.0236  	-0.0448  	-0.0835  	-0.0459  	0.18685  	0.04156  	0.00922  	0.27442  	0.06524  	-0.0465  	-0.0198  	0.06706  	0.05666  	-0.1572  	-0.0923  	-0.0218  	-0.0125  	-0.0017  	-0.0150  	0.00433  	-0.0247  	0.00713  	0.02056  	-0.0230  	-0.0128  	0.02728  	0.01875  	0.01907  	0.06676  	0.04263  	-0.0478  	0.00909  	0.02131  	0.65106  	1.08884  	126.320  	105.636  	
-0.5491  	-0.1162  	-0.7384  	-0.3113  	0.14553  	-0.4629  	0.30986  	0.06948  	0.15695  	0.33849  	-0.0593  	1.01708  	0.06545  	-0.1793  	-1.1677  	0.13371  	0.29064  	0.29410  	0.45400  	0.32499  	-0.2607  	0.42990  	0.04003  	-0.2674  	0.03022  	0.17440  	-0.0490  	0.05271  	-0.0743  	-0.0694  	0.04785  	-0.0264  	0.18260  	-0.1255  	-0.1284  	0.10872  	-0.1317  	-0.0845  	-0.0467  	-0.0681  	0.15437  	0.05409  	-0.0162  	0.25671  	0.07662  	-0.0356  	-0.0249  	0.08555  	0.06293  	-0.1568  	-0.0888  	-0.0258  	-0.0215  	-0.0148  	-0.0134  	-0.0118  	-0.0178  	0.01621  	0.01167  	-0.0290  	-0.0147  	0.00329  	0.03231  	0.01227  	0.06716  	0.04234  	-0.0440  	0.00758  	0.02115  	0.66801  	1.08884  	126.320  	105.636  	
-0.5635  	-0.0984  	-0.7052  	-0.1646  	0.22475  	-0.5194  	0.30514  	0.10859  	0.15551  	0.40712  	-0.0418  	1.06802  	0.07608  	-0.0849  	-1.1107  	0.03907  	0.24588  	0.26418  	0.42731  	0.35805  	-0.1911  	0.44804  	0.03354  	-0.2116  	0.05128  	0.16322  	-0.0165  	0.05628  	-0.0625  	-0.0594  	0.03065  	-0.0423  	0.19585  	-0.1172  	-0.0755  	0.05127  	-0.1279  	-0.1139  	-0.0378  	-0.0499  	0.11954  	0.07178  	-0.0348  	0.23322  	0.09728  	-0.0437  	-0.0164  	0.08296  	0.05240  	-0.1498  	-0.0844  	-0.0237  	-0.0145  	-0.0086  	-0.0230  	-0.0099  	-0.0140  	0.01091  	0.01813  	-0.0257  	-0.0268  	0.00529  	0.02082  	0.01081  	0.06506  	0.04199  	-0.0413  	0.00633  	0.02132  	0.67420  	1.08884  	126.320  	105.636  	
-0.4734  	-0.0565  	-0.6422  	-0.0772  	0.23631  	-0.4253  	0.29094  	0.17440  	0.17428  	0.37419  	-0.1100  	1.09573  	0.07620  	0.00398  	-1.0379  	0.09399  	0.25724  	0.24148  	0.44833  	0.35769  	-0.2266  	0.45871  	0.01388  	-0.1988  	0.09504  	0.16980  	0.01081  	0.05828  	-0.0568  	-0.0268  	0.02863  	-0.0223  	0.20457  	-0.1087  	-0.0586  	0.05913  	-0.1281  	-0.0974  	-0.0429  	-0.0423  	0.11537  	0.06747  	-0.0347  	0.24733  	0.09324  	-0.0463  	-0.0159  	0.07944  	0.05460  	-0.1517  	-0.0868  	-0.0258  	-0.0133  	-0.0048  	-0.0228  	-0.0104  	-0.0134  	0.01724  	0.02211  	-0.0198  	-0.0249  	0.01135  	0.02768  	0.01251  	0.05934  	0.04208  	-0.0394  	0.00435  	0.02227  	0.66064  	1.08884  	126.320  	105.636  	
-0.2586  	0.02045  	-0.5167  	-0.0173  	0.22028  	-0.2610  	0.26473  	0.16677  	0.17849  	0.23325  	-0.2921  	1.08234  	0.12202  	0.10272  	-0.7975  	0.12607  	0.31704  	0.24398  	0.47191  	0.30070  	-0.1803  	0.41727  	0.09615  	-0.2168  	0.10810  	0.14390  	0.04653  	-0.0094  	-0.0573  	0.00050  	0.01795  	-0.0163  	0.16805  	-0.1260  	-0.0540  	0.02438  	-0.1163  	-0.0485  	-0.0377  	-0.0153  	0.12036  	0.03484  	-0.0010  	0.25888  	0.09598  	-0.0410  	-0.0180  	0.08089  	0.05147  	-0.1623  	-0.0844  	-0.0212  	-0.0190  	-0.0064  	-0.0174  	-0.0035  	-0.0256  	0.00760  	0.02012  	-0.0205  	-0.0255  	0.01099  	0.02749  	0.01352  	0.05182  	0.04193  	-0.0386  	0.00273  	0.02396  	0.63879  	1.08884  	126.320  	105.636  	
-0.0596  	0.08858  	-0.3504  	0.03628  	0.18271  	-0.1030  	0.27477  	0.19411  	0.22708  	0.15043  	-0.4190  	1.00588  	0.13428  	0.13501  	-0.6488  	0.13650  	0.34398  	0.19468  	0.44049  	0.18495  	-0.0742  	0.43064  	0.16211  	-0.1800  	0.06481  	0.12849  	0.11159  	-0.1499  	-0.1562  	0.00409  	0.00625  	0.03029  	0.19068  	-0.1396  	-0.0293  	-0.0422  	-0.0400  	-0.0437  	-0.0554  	-0.0653  	0.14639  	0.03493  	0.01055  	0.27568  	0.07003  	-0.0326  	-0.0216  	0.10162  	0.05969  	-0.1608  	-0.0794  	-0.0221  	-0.0134  	-0.0090  	-0.0257  	-0.0010  	-0.0189  	-0.0010  	0.01954  	-0.0258  	-0.0141  	0.01172  	0.02215  	0.02171  	0.04334  	0.04081  	-0.0393  	0.00107  	0.02524  	0.63665  	1.08884  	126.320  	105.636  	
0.19960  	0.17576  	-0.1641  	0.00417  	0.10388  	-0.0016  	0.26301  	0.25534  	0.25375  	0.20182  	-0.3547  	0.97068  	0.14191  	0.12600  	-0.6668  	0.21739  	0.37462  	0.15224  	0.46879  	0.15094  	0.06080  	0.48033  	0.20639  	-0.1646  	0.10205  	0.09188  	0.25750  	-0.3450  	-0.2915  	-0.0176  	0.00361  	0.05492  	0.19666  	-0.1429  	0.03883  	-0.0621  	0.12286  	0.01179  	-0.1332  	-0.0868  	0.12382  	0.02971  	0.02001  	0.28243  	0.07991  	-0.0412  	-0.0250  	0.07683  	0.06504  	-0.1508  	-0.0932  	-0.0279  	-0.0093  	-0.0049  	-0.0233  	0.01674  	-0.0320  	0.00650  	0.00868  	-0.0208  	-0.0151  	0.02194  	0.02658  	0.01755  	0.03595  	0.03986  	-0.0404  	0.00030  	0.02667  	0.63422  	1.08884  	126.320  	105.636  	
0.29218  	0.16686  	-0.0519  	0.03484  	0.10728  	0.06177  	0.28481  	0.30664  	0.24867  	0.17804  	-0.2650  	0.92465  	0.11269  	0.15312  	-0.7115  	0.32415  	0.34205  	0.10950  	0.47051  	0.09236  	0.15506  	0.48274  	0.24347  	-0.0870  	0.17233  	0.09345  	0.34618  	-0.4795  	-0.3766  	0.00471  	-0.0192  	0.08190  	0.17931  	-0.1451  	0.11632  	-0.0815  	0.19092  	0.02820  	-0.1518  	-0.1402  	0.05236  	0.06422  	0.03466  	0.27691  	0.06712  	-0.0397  	-0.0315  	0.09254  	0.07173  	-0.1600  	-0.0885  	-0.0225  	-0.0093  	-0.0025  	-0.0219  	0.01545  	-0.0343  	0.00250  	0.00568  	-0.0229  	-0.0230  	0.01536  	0.02844  	0.00921  	0.02937  	0.04003  	-0.0413  	-0.0005  	0.02759  	0.63203  	1.08884  	126.320  	105.636  	
0.27464  	0.14645  	-0.0966  	0.05654  	0.13872  	0.08590  	0.31564  	0.30279  	0.27583  	0.15470  	-0.2707  	0.89213  	0.12154  	0.16376  	-0.7248  	0.32447  	0.35697  	0.08221  	0.45940  	0.13061  	0.16142  	0.48021  	0.19385  	-0.0842  	0.20670  	0.07170  	0.36933  	-0.4249  	-0.3510  	0.00034  	-0.0331  	0.08690  	0.17712  	-0.1466  	0.09110  	-0.0702  	0.19263  	0.01180  	-0.1299  	-0.1103  	0.07891  	0.05543  	0.02132  	0.28474  	0.07532  	-0.0458  	-0.0389  	0.09364  	0.07913  	-0.1625  	-0.0821  	-0.0234  	-0.0085  	-0.0008  	-0.0202  	0.01508  	-0.0299  	0.00305  	0.01375  	-0.0188  	-0.0195  	0.00962  	0.03077  	0.01072  	0.02379  	0.04160  	-0.0419  	-0.0008  	0.02900  	0.61534  	1.08884  	126.320  	105.636  	
0.25730  	0.12941  	-0.2132  	0.16209  	0.21400  	0.03692  	0.31368  	0.24157  	0.23658  	0.15554  	-0.4321  	0.85901  	0.21342  	0.23826  	-0.5748  	0.18593  	0.36869  	0.10197  	0.45596  	0.11475  	0.01161  	0.52951  	0.16316  	-0.1151  	0.24693  	0.08466  	0.37370  	-0.3782  	-0.2398  	0.06555  	-0.0244  	0.05281  	0.17123  	-0.1360  	0.08548  	-0.0389  	0.10910  	-0.0091  	-0.1349  	-0.0701  	0.07512  	0.06477  	0.01517  	0.28760  	0.07515  	-0.0479  	-0.0334  	0.09749  	0.07846  	-0.1601  	-0.0857  	-0.0263  	-0.0147  	-0.0030  	-0.0183  	0.01183  	-0.0310  	-0.0007  	0.01585  	-0.0242  	-0.0186  	0.01319  	0.02245  	0.00688  	0.01988  	0.04380  	-0.0424  	-0.0013  	0.03006  	0.61290  	1.08884  	126.320  	105.636  	
0.14668  	0.11350  	-0.3453  	0.27626  	0.31072  	0.02507  	0.27486  	0.19177  	0.16457  	0.14632  	-0.5192  	0.87330  	0.18814  	0.24698  	-0.4626  	0.12462  	0.35955  	0.09477  	0.45275  	0.10260  	-0.0344  	0.55375  	0.13026  	-0.1104  	0.27597  	0.07062  	0.40966  	-0.3278  	-0.1798  	0.10457  	-0.0394  	0.05288  	0.15046  	-0.1239  	0.11215  	-0.0118  	0.04836  	-0.0380  	-0.1167  	-0.0471  	0.03387  	0.07009  	-0.0123  	0.27621  	0.07840  	-0.0428  	-0.0397  	0.08274  	0.06999  	-0.1683  	-0.0740  	-0.0239  	-0.0173  	-0.0099  	-0.0220  	0.01348  	-0.0278  	0.00961  	0.01622  	-0.0252  	-0.0241  	0.01318  	0.02958  	0.00975  	0.01757  	0.04685  	-0.0428  	-0.0015  	0.03084  	0.60051  	1.08884  	126.320  	105.636  	
0.19221  	0.10417  	-0.3295  	0.30572  	0.33745  	0.12512  	0.27030  	0.22647  	0.19423  	0.06015  	-0.6049  	0.90457  	0.20539  	0.23729  	-0.3805  	0.13902  	0.37721  	0.05361  	0.42689  	0.08123  	1.74045  	0.56750  	0.21734  	-0.0647  	0.16590  	0.08570  	0.39829  	-0.3713  	-0.2343  	0.06863  	-0.0511  	0.05005  	0.15829  	-0.1319  	0.11204  	-0.0571  	0.06025  	-0.0288  	-0.1191  	-0.0437  	0.04234  	0.08664  	0.00265  	0.26763  	0.07194  	-0.0444  	-0.0321  	0.10180  	0.07985  	-0.1643  	-0.0876  	-0.0272  	-0.0191  	-0.0064  	-0.0200  	0.01741  	-0.0255  	0.00275  	0.01498  	-0.0232  	-0.0218  	0.01493  	0.02509  	0.01263  	0.01602  	0.05084  	-0.0429  	-0.0010  	0.03152  	0.60366  	1.08884  	126.320  	105.636  	
0.32441  	0.13325  	-0.1686  	0.20528  	0.20627  	0.12633  	0.31824  	0.26599  	0.22398  	0.15588  	-0.4803  	0.85055  	0.20344  	0.28113  	-0.5141  	0.19606  	0.36574  	0.11588  	0.44178  	0.07574  	0.01311  	0.52081  	0.17060  	-0.1013  	0.23469  	0.07887  	0.38916  	-0.3749  	-0.2441  	0.04756  	-0.0191  	0.06361  	0.16993  	-0.1325  	0.12105  	-0.0216  	0.07216  	-0.0251  	-0.1087  	-0.0472  	0.05469  	0.06384  	0.00576  	0.27260  	0.07406  	-0.0419  	-0.0420  	0.09197  	0.07878  	-0.1557  	-0.0700  	-0.0245  	-0.0133  	-0.0112  	-0.0141  	0.01727  	-0.0332  	0.00890  	0.01313  	-0.0189  	-0.0236  	0.01554  	0.03440  	0.01076  	0.00841  	0.04902  	-0.0423  	-0.0012  	0.03205  	0.60109  	1.08884  	126.320  	105.636  	
0.38244  	0.13806  	-0.0948  	0.27543  	0.22793  	0.17997  	0.35453  	0.27445  	0.26068  	0.15930  	-0.5550  	0.80606  	0.24410  	0.31094  	-0.5104  	0.18060  	0.39349  	0.10400  	0.44128  	0.07453  	-0.0374  	0.55818  	0.15672  	-0.1151  	0.30191  	0.06812  	0.36763  	-0.3644  	-0.1869  	0.07483  	-0.0398  	0.05049  	0.15133  	-0.1167  	0.05845  	-0.0174  	0.04873  	-0.0294  	-0.0619  	-0.0332  	0.07531  	0.06423  	0.01820  	0.28223  	0.06968  	-0.0412  	-0.0455  	0.12158  	0.08984  	-0.1615  	-0.0737  	-0.0262  	-0.0085  	-0.0061  	-0.0145  	0.02067  	-0.0343  	0.00424  	0.01272  	-0.0163  	-0.0221  	0.01321  	0.02693  	0.01260  	0.00638  	0.04939  	-0.0413  	-0.0021  	0.03294  	0.60584  	1.08884  	126.320  	105.636  	
0.31753  	0.13486  	-0.2105  	0.14785  	0.24271  	0.03402  	0.37766  	0.22434  	0.22849  	0.24360  	-0.6414  	0.67708  	0.23951  	0.29389  	-0.4909  	-0.0171  	0.36974  	0.06423  	0.44909  	0.05523  	-0.0850  	0.60958  	0.18758  	-0.0986  	0.37220  	0.05912  	0.48260  	-0.3913  	-0.1428  	0.09884  	-0.0381  	0.05379  	0.11103  	-0.1298  	0.05344  	-0.0090  	0.04809  	-0.0462  	-0.0698  	-0.0036  	0.05697  	0.07446  	0.01153  	0.30034  	0.07418  	-0.0488  	-0.0509  	0.11335  	0.08952  	-0.1589  	-0.0709  	-0.0278  	-0.0164  	-0.0029  	-0.0163  	0.01577  	-0.0321  	0.00406  	0.01189  	-0.0168  	-0.0229  	0.01602  	0.02598  	0.00731  	0.00895  	0.05077  	-0.0405  	-0.0030  	0.03392  	0.60615  	1.08884  	126.320  	105.636  	
0.19928  	0.11438  	-0.3343  	0.17018  	0.21094  	-0.0169  	0.34806  	0.22886  	0.18508  	0.17133  	-0.6038  	0.73343  	0.17272  	0.19193  	-0.4356  	0.08855  	0.40280  	0.08152  	0.44346  	0.02624  	-0.0523  	0.61802  	0.22957  	-0.0483  	0.31727  	0.09605  	0.47961  	-0.4088  	-0.1763  	0.07274  	-0.0290  	0.06782  	0.13295  	-0.1365  	0.05936  	-0.0298  	0.04446  	-0.0355  	-0.1048  	-0.0130  	0.06149  	0.08199  	0.01170  	0.28847  	0.07446  	-0.0459  	-0.0451  	0.10862  	0.08240  	-0.1602  	-0.0760  	-0.0240  	-0.0240  	-0.0044  	-0.0183  	0.00728  	-0.0294  	0.00150  	0.01714  	-0.0241  	-0.0249  	0.01005  	0.01318  	0.00997  	0.01501  	0.05248  	-0.0385  	-0.0045  	0.03503  	0.61595  	1.08884  	126.320  	105.636  	
0.11063  	0.09148  	-0.3587  	0.21855  	0.27056  	-0.0332  	0.27675  	0.20615  	0.19134  	0.13442  	-0.5004  	0.89491  	0.17339  	0.13929  	-0.5451  	0.16380  	0.35915  	0.10311  	0.44586  	0.10519  	-0.0348  	0.53107  	0.14069  	-0.1227  	0.22831  	0.09039  	0.34709  	-0.3250  	-0.1793  	0.07537  	-0.0443  	0.04820  	0.13197  	-0.1350  	0.08116  	-0.0175  	0.02815  	-0.0333  	-0.1030  	-0.0408  	0.07137  	0.07515  	-0.0081  	0.27599  	0.07720  	-0.0399  	-0.0402  	0.09336  	0.06730  	-0.1639  	-0.0745  	-0.0227  	-0.0151  	-0.0098  	-0.0198  	0.01255  	-0.0252  	0.00982  	0.01797  	-0.0227  	-0.0220  	0.01123  	0.02621  	0.01066  	0.02500  	0.05382  	-0.0363  	-0.0060  	0.03601  	0.62690  	1.08884  	126.320  	105.636  	
0.18469  	0.09239  	-0.3061  	0.28155  	0.31829  	0.08262  	0.26463  	0.23015  	0.19651  	0.11963  	-0.5665  	0.92020  	0.22968  	0.21966  	-0.4338  	0.16529  	0.32255  	0.11757  	0.43148  	0.14514  	-0.0451  	0.54480  	0.13270  	-0.0857  	0.21197  	0.07583  	0.33910  	-0.3114  	-0.2124  	0.06918  	-0.0307  	0.04904  	0.16869  	-0.1336  	0.11030  	-0.0406  	0.04300  	-0.0499  	-0.1190  	-0.0319  	0.04026  	0.07529  	-0.0090  	0.27242  	0.08482  	-0.0454  	-0.0322  	0.09178  	0.07473  	-0.1607  	-0.0714  	-0.0282  	-0.0158  	-0.0089  	-0.0210  	0.01372  	-0.0219  	0.00585  	0.01408  	-0.0247  	-0.0269  	0.01399  	0.02590  	0.01684  	0.03755  	0.05536  	-0.0332  	-0.0075  	0.03691  	0.64218  	1.08884  	126.320  	105.636  	
0.35226  	0.12640  	-0.1970  	0.32567  	0.30739  	0.13002  	0.32602  	0.23325  	0.22215  	0.20133  	-0.5996  	0.88931  	0.22593  	0.33687  	-0.3963  	0.14662  	0.34941  	0.12533  	0.42284  	0.11434  	-0.0793  	0.54139  	0.11752  	-0.1137  	0.23160  	0.07497  	0.31893  	-0.3273  	-0.1699  	0.07367  	-0.0303  	0.05447  	0.17277  	-0.1347  	0.09907  	-0.0152  	0.01809  	-0.0442  	-0.0829  	-0.0201  	0.06293  	0.06837  	-0.0050  	0.26857  	0.07350  	-0.0409  	-0.0452  	0.10385  	0.07425  	-0.1547  	-0.0685  	-0.0276  	-0.0159  	-0.0123  	-0.0184  	0.01941  	-0.0334  	0.00588  	0.01226  	-0.0171  	-0.0230  	0.02084  	0.03133  	0.01056  	0.05312  	0.05638  	-0.0295  	-0.0081  	0.03651  	0.66060  	1.08884  	126.320  	105.636  	
0.34261  	0.14099  	-0.1403  	0.21360  	0.22038  	0.10722  	0.32983  	0.25169  	0.23546  	0.21245  	-0.5460  	0.80286  	0.23815  	0.29688  	-0.5045  	0.13463  	0.36114  	0.11737  	0.44405  	0.05611  	-0.0404  	0.55773  	0.17448  	-0.1268  	0.25844  	0.07172  	0.37340  	-0.3953  	-0.2031  	0.06718  	-0.0097  	0.06019  	0.16404  	-0.1354  	0.07011  	-0.0216  	0.07141  	-0.0279  	-0.0957  	-0.0438  	0.07020  	0.06231  	0.01386  	0.28286  	0.07066  	-0.0428  	-0.0477  	0.11402  	0.07968  	-0.1617  	-0.0722  	-0.0271  	-0.0113  	-0.0119  	-0.0143  	0.02071  	-0.0309  	0.00895  	0.01496  	-0.0165  	-0.0178  	0.01361  	0.02906  	0.01219  	0.07160  	0.05830  	-0.0248  	-0.0083  	0.03505  	0.67249  	1.08884  	126.320  	105.636  	
0.25962  	0.12606  	-0.2520  	0.18167  	0.18591  	0.01431  	0.28167  	0.32681  	0.19147  	0.12872  	-0.5224  	0.78682  	0.26279  	0.17923  	-0.3996  	0.03844  	0.47627  	-0.0642  	0.54554  	-0.2349  	0.09409  	0.35418  	-0.0338  	-0.0850  	0.22347  	0.18819  	0.43930  	-0.5649  	-0.1779  	0.02365  	0.10443  	0.00214  	0.04333  	-0.2993  	0.04357  	-0.0814  	0.00638  	-0.0087  	-0.2496  	-0.1402  	0.11417  	0.20959  	-0.1037  	0.36061  	0.00532  	-0.0266  	-0.0685  	0.10484  	0.06346  	-0.1679  	-0.0711  	-0.0189  	-0.0164  	0.01514  	-0.0137  	0.01198  	-0.0418  	-0.0082  	0.01430  	-0.0117  	-0.0203  	0.01573  	0.00686  	0.00971  	0.09206  	0.05950  	-0.0197  	-0.0079  	0.03292  	0.67661  	1.08884  	126.320  	105.636  	
0.16529  	0.14274  	-0.1540  	0.14414  	0.21591  	0.02760  	0.21319  	0.35662  	0.17550  	0.05769  	-0.3384  	0.94694  	0.22510  	0.00401  	-0.5202  	0.10993  	0.53529  	-0.1945  	0.59529  	-0.3979  	0.19367  	0.08568  	-0.2534  	-0.0691  	0.01395  	0.27292  	0.34294  	-0.5698  	-0.1759  	-0.0522  	0.19901  	0.00166  	-0.0185  	-0.4279  	-0.0017  	-0.0937  	0.01319  	0.02212  	-0.3666  	-0.2423  	0.21977  	0.29563  	-0.1992  	0.42529  	-0.0414  	-0.0104  	-0.0762  	0.11551  	0.03858  	-0.1668  	-0.0715  	-0.0137  	-0.0118  	0.03123  	-0.0018  	0.00417  	-0.0358  	-0.0149  	0.01071  	-0.0041  	-0.0148  	0.01260  	-0.0023  	0.01413  	0.11083  	0.06127  	-0.0148  	-0.0070  	0.03047  	0.67898  	1.08884  	126.320  	105.636  	
0.03941  	0.05978  	-0.2345  	-0.0022  	0.16014  	-0.1247  	0.21607  	0.24728  	0.12340  	0.19104  	-0.1264  	0.91634  	0.13110  	-0.2127  	-0.8028  	0.18011  	0.49371  	-0.0934  	0.61179  	-0.3084  	0.06817  	-0.0379  	-0.3901  	-0.1385  	0.02234  	0.29745  	0.17736  	-0.3704  	-0.0422  	-0.0642  	0.21992  	-0.0269  	-0.0323  	-0.4657  	-0.0640  	0.00925  	-0.1098  	-0.0188  	-0.3665  	-0.2296  	0.26721  	0.31282  	-0.2442  	0.43727  	-0.0353  	0.00039  	-0.0763  	0.10700  	0.02291  	-0.1748  	-0.0581  	-0.0148  	-0.0059  	0.02740  	0.00043  	-0.0016  	-0.0252  	-0.0107  	0.01488  	-0.0034  	-0.0145  	-0.0033  	-0.0010  	0.01690  	0.12513  	0.06272  	-0.0116  	-0.0057  	0.02781  	0.68306  	1.08884  	126.320  	105.636  	
0.00694  	0.03217  	-0.2641  	-0.0090  	0.16656  	-0.1583  	0.22294  	0.22134  	0.12005  	0.24124  	-0.1242  	0.91655  	0.14000  	-0.2168  	-0.8824  	0.18691  	0.45984  	-0.0690  	0.59872  	-0.2303  	0.00486  	0.01414  	-0.3818  	-0.1703  	0.07974  	0.26722  	0.16164  	-0.3049  	-0.0114  	-0.0274  	0.18552  	-0.0212  	-0.0320  	-0.4263  	-0.0662  	0.07079  	-0.1165  	-0.0239  	-0.3288  	-0.2112  	0.25696  	0.28081  	-0.2198  	0.41269  	-0.0274  	-0.0034  	-0.0723  	0.10583  	0.02436  	-0.1800  	-0.0564  	-0.0169  	-0.0048  	0.02283  	-0.0001  	-0.0011  	-0.0220  	-0.0053  	0.01471  	-0.0067  	-0.0166  	-0.0046  	0.00364  	0.01594  	0.13217  	0.06339  	-0.0100  	-0.0040  	0.02560  	0.67996  	1.08884  	126.320  	105.636  	
0.02144  	0.03196  	-0.2803  	-0.0607  	0.13408  	-0.0879  	0.26003  	0.14565  	0.15152  	0.25095  	-0.1369  	0.89936  	0.10080  	-0.1768  	-0.9561  	0.22625  	0.39617  	0.05969  	0.54106  	-0.0239  	-0.0413  	0.19138  	-0.1735  	-0.1780  	0.12707  	0.18362  	0.17031  	-0.2370  	-0.0938  	-0.0267  	0.10297  	0.01298  	0.04952  	-0.3004  	-0.0338  	0.07784  	-0.0346  	-0.0223  	-0.2278  	-0.1249  	0.22015  	0.17474  	-0.1192  	0.34817  	0.01554  	-0.0198  	-0.0489  	0.09338  	0.03790  	-0.1582  	-0.0619  	-0.0207  	-0.0089  	0.01260  	-0.0026  	-0.0015  	-0.0203  	0.00098  	0.01309  	-0.0075  	-0.0219  	0.00036  	0.01372  	0.01342  	0.12973  	0.06002  	-0.0093  	-0.0034  	0.02374  	0.66200  	1.08884  	126.320  	105.636  	
0.11807  	0.11632  	-0.2461  	-0.0451  	0.09823  	-0.0141  	0.32480  	0.18953  	0.20557  	0.21009  	-0.2052  	0.85223  	0.10270  	0.01383  	-0.8987  	0.27365  	0.31473  	0.17495  	0.47857  	0.15450  	-0.0182  	0.44806  	0.14304  	-0.1245  	0.17888  	0.09449  	0.24920  	-0.3137  	-0.2783  	-0.0263  	0.01526  	0.05725  	0.16042  	-0.1440  	0.09910  	0.03952  	0.09223  	-0.0112  	-0.1279  	-0.0520  	0.11376  	0.06627  	0.00362  	0.27807  	0.07139  	-0.0475  	-0.0346  	0.07436  	0.06045  	-0.1387  	-0.0751  	-0.0222  	-0.0073  	0.00398  	-0.0146  	0.00245  	-0.0177  	0.00885  	0.01547  	-0.0224  	-0.0240  	0.01450  	0.03675  	0.01309  	0.13120  	0.06175  	-0.0093  	-0.0030  	0.02294  	0.65187  	1.08884  	126.320  	105.636  	
0.19169  	0.09186  	-0.2572  	0.10448  	0.14842  	0.10266  	0.29873  	0.26062  	0.22996  	0.12053  	-0.2913  	0.94348  	0.14256  	0.13697  	-0.6916  	0.24238  	0.38984  	0.11873  	0.45449  	0.08611  	0.05698  	0.47348  	0.20056  	-0.1130  	0.17183  	0.08199  	0.31386  	-0.4114  	-0.3158  	-0.0087  	-0.0089  	0.07794  	0.17032  	-0.1476  	0.09553  	-0.0492  	0.13215  	0.02223  	-0.1594  	-0.0977  	0.09476  	0.05295  	0.01610  	0.27469  	0.06595  	-0.0391  	-0.0319  	0.07169  	0.07145  	-0.1376  	-0.0883  	-0.0264  	-0.0068  	0.00436  	-0.0131  	0.00972  	-0.0326  	0.00412  	0.01540  	-0.0239  	-0.0236  	0.01841  	0.03369  	0.01091  	0.13052  	0.06376  	-0.0112  	-0.0029  	0.02289  	0.64393  	1.08884  	126.320  	105.636  	
-0.1663  	0.06584  	-0.3889  	-0.1975  	0.04411  	-0.1905  	0.25121  	0.12402  	0.19989  	0.25894  	-0.1926  	0.94008  	0.08774  	-0.0050  	-0.9484  	0.17819  	0.33452  	0.19254  	0.44057  	0.18028  	-0.0879  	0.45153  	0.18489  	-0.2235  	0.14370  	0.12202  	0.17278  	-0.1915  	-0.1772  	-0.0291  	0.01908  	0.00991  	0.17773  	-0.1357  	-0.0098  	0.02582  	0.00044  	-0.0369  	-0.1053  	-0.0564  	0.14387  	0.04777  	0.01323  	0.26076  	0.07831  	-0.0463  	-0.0159  	0.06870  	0.05012  	-0.1442  	-0.0808  	-0.0263  	-0.0125  	-0.0117  	-0.0194  	0.00050  	-0.0287  	0.01115  	0.01316  	-0.0248  	-0.0192  	0.02043  	0.03343  	0.02069  	0.12782  	0.06622  	-0.0142  	-0.0033  	0.02257  	0.65566  	1.08884  	126.320  	105.636  	
-0.3267  	0.00599  	-0.4441  	-0.3360  	0.01924  	-0.3119  	0.24268  	0.05319  	0.16105  	0.33076  	-0.1815  	0.91923  	0.04695  	-0.1479  	-1.0753  	0.14435  	0.34214  	0.22821  	0.45736  	0.20730  	-0.2080  	0.43243  	0.19992  	-0.2675  	0.10526  	0.14831  	0.07277  	-0.1115  	-0.1126  	-0.0287  	0.03242  	0.00321  	0.15965  	-0.1296  	-0.1154  	0.06017  	-0.0447  	-0.0230  	-0.0830  	-0.0622  	0.19480  	0.02968  	0.03081  	0.28496  	0.06650  	-0.0503  	-0.0160  	0.07285  	0.05410  	-0.1561  	-0.0825  	-0.0209  	-0.0207  	-0.0096  	-0.0183  	-0.0093  	-0.0252  	0.00956  	0.01012  	-0.0329  	-0.0188  	0.01195  	0.03464  	0.01676  	0.12377  	0.06915  	-0.0182  	-0.0038  	0.02234  	0.66595  	1.08884  	126.320  	105.636  	
-0.4054  	-0.0183  	-0.4599  	-0.4292  	-0.0946  	-0.3023  	0.24700  	0.06705  	0.14071  	0.32669  	-0.1524  	0.83715  	-3.9726  	-0.2261  	-1.1101  	0.13195  	0.37218  	0.21456  	0.45859  	0.15208  	-0.2177  	0.45364  	0.26039  	-0.2303  	0.11804  	0.15337  	0.10770  	-0.1782  	-0.1241  	-0.0271  	0.04580  	0.01565  	0.13655  	-0.1277  	-0.1480  	0.04438  	-0.0244  	-0.0096  	-0.0897  	-0.0797  	0.22581  	0.03066  	0.04380  	0.29709  	0.07028  	-0.0506  	-0.0198  	0.05842  	0.05566  	-0.1500  	-0.0876  	-0.0198  	-0.0189  	0.00119  	-0.0178  	-0.0095  	-0.0230  	0.00982  	0.01188  	-0.0290  	-0.0190  	0.02096  	0.03547  	0.01667  	0.11991  	0.07301  	-0.0218  	-0.0042  	0.02194  	0.68319  	1.08884  	126.320  	105.636  	
-0.1857  	0.02478  	-0.4187  	-0.1684  	0.10004  	-0.1751  	0.22825  	0.13750  	0.18484  	0.20296  	-0.2432  	0.94862  	0.03620  	-0.1260  	-0.9460  	0.19754  	0.35426  	0.18705  	0.45912  	0.18207  	-0.1285  	0.42505  	0.20934  	-0.1717  	0.09217  	0.13824  	0.17262  	-0.1875  	-0.1776  	-0.0271  	0.01604  	0.04313  	0.17141  	-0.1375  	-0.0554  	0.01119  	0.03109  	-0.0125  	-0.1159  	-0.0694  	0.15748  	0.02730  	0.02857  	0.28441  	0.07049  	-0.0461  	-0.0207  	0.06586  	0.04712  	-0.1529  	-0.0882  	-0.0231  	-0.0175  	-0.0070  	-0.0225  	-0.0035  	-0.0291  	0.00232  	0.01248  	-0.0295  	-0.0242  	0.01574  	0.02833  	0.01525  	0.11770  	0.07734  	-0.0253  	-0.0041  	0.02070  	0.69827  	1.08884  	126.320  	105.636  	
-0.0389  	0.07117  	-0.2918  	-0.1129  	0.07838  	-0.1111  	0.29961  	0.11983  	0.18821  	0.22944  	-0.2487  	0.93173  	0.06274  	-0.0624  	-0.8877  	0.21830  	0.31309  	0.24096  	0.46281  	0.19431  	-0.1298  	0.44487  	0.15695  	-0.1973  	0.13501  	0.11716  	0.15300  	-0.1903  	-0.1554  	-0.0426  	0.01050  	0.03835  	0.19186  	-0.1267  	-0.0072  	0.03287  	0.02434  	-0.0202  	-0.1006  	-0.0439  	0.15331  	0.03498  	0.01853  	0.28920  	0.07464  	-0.0560  	-0.0209  	0.08092  	0.05612  	-0.1602  	-0.0811  	-0.0266  	-0.0105  	-0.0019  	-0.0190  	0.00579  	-0.0255  	0.00382  	0.01146  	-0.0181  	-0.0196  	0.02037  	0.03127  	0.02084  	0.11851  	0.08258  	-0.0277  	-0.0036  	0.01882  	0.71036  	1.08884  	126.320  	105.636  	
0.23445  	0.12996  	-0.1443  	0.01705  	0.11109  	0.05347  	0.29285  	0.29478  	0.22452  	0.18460  	-0.1989  	0.92591  	0.12171  	0.11357  	-0.7457  	0.31633  	0.33460  	0.09808  	0.46352  	0.11027  	0.13139  	0.47033  	0.20748  	-0.0481  	0.13844  	0.07816  	0.36635  	-0.4908  	-0.4191  	-0.0268  	0.00445  	0.09616  	0.18077  	-0.1487  	0.14832  	-0.0542  	0.20038  	0.04117  	-0.1885  	-0.1012  	0.08076  	0.04905  	0.01642  	0.27478  	0.07541  	-0.0391  	-0.0259  	0.07905  	0.06786  	-0.1575  	-0.0845  	-0.0196  	-0.0094  	0.00211  	-0.0217  	0.00792  	-0.0277  	0.00471  	0.01471  	-0.0236  	-0.0202  	0.01950  	0.03839  	0.00623  	0.12076  	0.08533  	-0.0292  	-0.0031  	0.01632  	0.72493  	1.08884  	126.320  	105.636  	
0.26716  	0.15328  	-0.1236  	0.08186  	0.15271  	0.10826  	0.31784  	0.29641  	0.23502  	0.18364  	-0.2716  	0.92884  	0.12009  	0.14492  	-0.7312  	0.30515  	0.33713  	0.13308  	0.44840  	0.13682  	0.08672  	0.47300  	0.16378  	-0.1203  	0.16467  	0.09997  	0.31278  	-0.4159  	-0.3457  	-0.0203  	0.00704  	0.08130  	0.18740  	-0.1398  	0.09130  	-0.0417  	0.15030  	0.02470  	-0.1438  	-0.1033  	0.08963  	0.04117  	0.03454  	0.28064  	0.06924  	-0.0390  	-0.0286  	0.08924  	0.07488  	-0.1541  	-0.0803  	-0.0246  	-0.0086  	0.00130  	-0.0138  	0.01173  	-0.0327  	0.00510  	0.01447  	-0.0184  	-0.0197  	0.01500  	0.04160  	0.01297  	0.12186  	0.08758  	-0.0298  	-0.0025  	0.01450  	0.73682  	1.08884  	126.320  	105.636  	
-0.0674  	0.07789  	-0.3368  	-0.1483  	0.04600  	-0.1669  	0.28211  	0.14789  	0.21779  	0.26478  	-0.2048  	0.94653  	0.14412  	-0.0174  	-0.9599  	0.21059  	0.35378  	0.24941  	0.43248  	0.26455  	-0.1108  	0.41277  	0.11714  	-0.2381  	0.14266  	0.14208  	0.13472  	-0.1270  	-0.1585  	-0.0336  	0.03605  	-0.0052  	0.21853  	-0.1329  	-0.0253  	0.02748  	-0.0334  	-0.0385  	-0.0829  	-0.0901  	0.15355  	0.04989  	0.02582  	0.25927  	0.08352  	-0.0421  	-0.0114  	0.06914  	0.06169  	-0.1531  	-0.0761  	-0.0255  	-0.0054  	-0.0075  	-0.0134  	-0.0014  	-0.0312  	0.01298  	0.01271  	-0.0265  	-0.0178  	0.02073  	0.03534  	0.01695  	0.12278  	0.08750  	-0.0311  	-0.0023  	0.01292  	0.75464  	1.08884  	126.320  	105.636  	
-0.2787  	-0.0246  	-0.4662  	-0.2127  	0.05419  	-0.2521  	0.26052  	0.04653  	0.15895  	0.25582  	-0.2059  	0.84364  	0.04647  	-0.1349  	-1.0095  	0.15989  	0.35217  	0.21371  	0.44894  	0.24235  	-0.1706  	0.44634  	0.11429  	-0.1916  	0.20119  	0.13297  	0.16354  	-0.1312  	-0.1269  	-0.0026  	0.00833  	0.03802  	0.14180  	-0.1323  	-0.0480  	0.09611  	-0.0132  	-0.0408  	-0.1029  	-0.0775  	0.14968  	0.04714  	0.01043  	0.27412  	0.08043  	-0.0472  	-0.0250  	0.06619  	0.04927  	-0.1528  	-0.0814  	-0.0259  	-0.0156  	-0.0094  	-0.0150  	0.00012  	-0.0235  	0.00912  	0.01429  	-0.0272  	-0.0251  	0.00746  	0.03135  	0.01715  	0.12424  	0.08653  	-0.0326  	-0.0020  	0.01143  	0.76262  	1.08884  	126.320  	105.636  	
-0.0414  	0.05135  	-0.4000  	-0.0026  	0.24633  	-0.1564  	0.26439  	0.14674  	0.19082  	0.18131  	-0.3499  	0.93919  	0.11946  	-0.0152  	-0.7063  	0.21178  	0.34840  	0.17028  	0.41641  	0.20926  	-0.0383  	0.43226  	0.11459  	-0.0799  	0.11537  	0.12387  	0.26550  	-0.2270  	-0.2431  	-0.0121  	-0.0111  	0.05916  	0.15541  	-0.1345  	0.09393  	-0.0299  	0.05534  	-0.0504  	-0.1390  	-0.0089  	0.09369  	0.07581  	-0.0148  	0.26214  	0.07527  	-0.0487  	-0.0274  	0.05981  	0.06966  	-0.1618  	-0.0805  	-0.0250  	-0.0140  	-0.0043  	-0.0314  	0.00332  	-0.0327  	0.00519  	0.01829  	-0.0203  	-0.0262  	0.02313  	0.01449  	0.00935  	0.12616  	0.08421  	-0.0339  	-0.0017  	0.01049  	0.76683  	1.08884  	126.320  	105.636  	
0.35631  	0.15190  	-0.1432  	0.22846  	0.26372  	0.15426  	0.33786  	0.24508  	0.22289  	0.23081  	-0.5927  	0.88696  	0.26164  	0.36664  	-0.4367  	0.13669  	0.36061  	0.10860  	0.45546  	0.06452  	-0.0859  	0.56740  	0.15981  	-0.1232  	0.19726  	0.08583  	0.32518  	-0.3612  	-0.2034  	0.03872  	-0.0201  	0.05327  	0.18165  	-0.1394  	0.05620  	-0.0315  	0.04519  	-0.0245  	-0.0782  	-0.0196  	0.08841  	0.05416  	0.01818  	0.29801  	0.06831  	-0.0426  	-0.0430  	0.11888  	0.08289  	-0.1589  	-0.0793  	-0.0264  	-0.0166  	-0.0090  	-0.0147  	0.01963  	-0.0357  	0.00013  	0.01170  	-0.0181  	-0.0174  	0.02868  	0.02679  	0.01049  	0.12787  	0.08243  	-0.0339  	-0.0018  	0.01104  	0.75905  	1.08884  	126.320  	105.636  	
0.30123  	0.14962  	-0.2092  	0.23206  	0.28838  	0.07104  	0.36000  	0.22613  	0.21568  	0.24277  	-0.6055  	0.77272  	0.27607  	0.38497  	-0.4554  	0.07064  	0.34871  	0.08903  	0.43890  	0.05616  	-0.0848  	0.57366  	0.14385  	-0.1469  	0.30407  	0.06408  	0.40972  	-0.3772  	-0.1285  	0.10118  	-0.0185  	0.02694  	0.14640  	-0.1286  	0.06778  	-0.0009  	0.02311  	-0.0455  	-0.0765  	-0.0162  	0.08869  	0.07283  	0.02017  	0.28666  	0.06564  	-0.0386  	-0.0426  	0.11725  	0.08851  	-0.1712  	-0.0794  	-0.0217  	-0.0142  	-0.0067  	-0.0208  	0.01679  	-0.0347  	0.00676  	0.01562  	-0.0202  	-0.0170  	0.01849  	0.02556  	0.00395  	0.12970  	0.08078  	-0.0347  	-0.0021  	0.01235  	0.75285  	1.08884  	126.320  	105.636  	
0.04817  	0.04635  	-0.4637  	0.28059  	0.33998  	-0.1220  	0.33570  	0.18424  	0.18188  	0.19497  	-0.4502  	0.92205  	0.20580  	0.25744  	-0.5247  	0.12205  	0.35403  	0.09838  	0.42966  	0.18094  	-0.0630  	0.49439  	0.10059  	-0.1010  	0.24260  	0.09663  	0.35438  	-0.2439  	-0.1833  	0.09049  	-0.0070  	0.05016  	0.16255  	-0.1367  	0.09785  	-0.0032  	0.01113  	-0.0709  	-0.1022  	-0.0230  	0.04051  	0.07601  	-0.0177  	0.27497  	0.08262  	-0.0401  	-0.0287  	0.08283  	0.06981  	-0.1535  	-0.0873  	-0.0295  	-0.0199  	-0.0142  	-0.0239  	0.00984  	-0.0241  	2.76621  	0.01886  	-0.0192  	-0.0146  	0.00821  	0.00898  	0.00776  	0.13193  	0.08033  	-0.0362  	-0.0024  	0.01338  	0.73672  	1.08884  	126.320  	105.636  	
-0.3442  	-0.0566  	-0.6515  	0.05614  	0.32107  	-0.3620  	0.28647  	0.12503  	0.14996  	0.24571  	-0.2457  	1.08631  	0.14207  	0.05562  	-0.8417  	0.14912  	0.27113  	0.24130  	0.44659  	0.31945  	-0.1397  	0.41992  	0.04495  	-0.1440  	0.06922  	0.13296  	0.09547  	-0.0437  	-0.0741  	-0.0240  	0.01892  	0.00785  	0.21758  	-0.1229  	0.00175  	0.01790  	-0.1077  	-0.0788  	-0.0708  	-0.0213  	0.07693  	0.07951  	-0.0357  	0.26476  	0.08247  	-0.0484  	0.00377  	0.06656  	0.06179  	-0.1572  	-0.0837  	-0.0329  	-0.0293  	-0.0067  	-0.0216  	-0.0089  	-0.0177  	0.00749  	0.01495  	-0.0236  	-0.0162  	0.00504  	0.01860  	0.00852  	0.13393  	0.08029  	-0.0378  	-0.0027  	0.01483  	0.71622  	1.08884  	126.320  	105.636  	
-0.4194  	-0.0656  	-0.6118  	-0.1119  	0.21628  	-0.4208  	0.30703  	0.12712  	0.14722  	0.30605  	-0.1156  	1.04945  	0.07934  	-0.0414  	-0.9823  	0.11688  	0.28470  	0.24942  	0.43807  	0.33899  	-0.1803  	0.41394  	0.06871  	-0.1723  	0.10433  	0.14836  	0.06464  	-0.0321  	-0.0741  	-0.0103  	0.03288  	0.00292  	0.17529  	-0.1200  	-0.0510  	0.04934  	-0.1014  	-0.0724  	-0.0491  	-0.0365  	0.12108  	0.06201  	-0.0268  	0.24673  	0.09613  	-0.0486  	-0.0205  	0.06617  	0.04138  	-0.1506  	-0.0884  	-0.0229  	-0.0157  	-0.0089  	-0.0178  	-0.0141  	-0.0153  	0.01143  	0.01600  	-0.0245  	-0.0229  	0.01405  	0.03257  	0.01509  	0.13470  	0.08151  	-0.0389  	-0.0029  	0.01637  	0.69558  	1.08884  	126.320  	105.636  	
-0.2173  	0.02411  	-0.3912  	-0.1617  	0.09539  	-0.2234  	0.30141  	0.16437  	0.20134  	0.24663  	-0.2765  	0.93650  	0.13776  	0.02957  	-0.8406  	0.13226  	0.34940  	0.24346  	0.42614  	0.26200  	-0.1260  	0.42172  	0.11761  	-0.2105  	0.08491  	0.14009  	0.14021  	-0.1374  	-0.1184  	-0.0294  	0.02994  	0.01024  	0.19326  	-0.1305  	-0.0775  	0.00074  	-0.0674  	-0.0442  	-0.0460  	-0.0242  	0.16227  	0.03264  	-0.0002  	0.27281  	0.07736  	-0.0377  	-0.0293  	0.08454  	0.04819  	-0.1605  	-0.0834  	-0.0242  	-0.0141  	-0.0120  	-0.0257  	-0.0026  	-0.0307  	0.00472  	0.01789  	-0.0294  	-0.0149  	0.00785  	0.02162  	0.01853  	0.13365  	0.08399  	-0.0391  	-0.0033  	0.01841  	0.66733  	1.08884  	126.320  	105.636  	
0.12721  	0.14750  	-0.2113  	0.03872  	0.15529  	0.04173  	0.26763  	0.29507  	0.25590  	0.17104  	-0.4248  	0.92969  	0.20413  	0.19092  	-0.6256  	0.22937  	0.36168  	0.16789  	0.45653  	0.14182  	0.01224  	0.49408  	0.22713  	-0.1529  	0.10865  	0.11829  	0.23013  	-0.3136  	-0.2525  	0.00570  	0.04653  	0.03584  	0.19442  	-0.1372  	0.00161  	-0.0728  	0.07488  	-0.0254  	-0.0955  	-0.0581  	0.11729  	0.03951  	0.03788  	0.28697  	0.07700  	-0.0377  	-0.0271  	0.08422  	0.06062  	-0.1541  	-0.0940  	-0.0264  	-0.0126  	-0.0109  	-0.0233  	0.00719  	-0.0324  	0.00630  	0.00730  	-0.0272  	-0.0172  	0.02534  	0.02505  	0.01514  	0.12998  	0.08669  	-0.0391  	-0.0030  	0.01981  	0.65310  	1.08884  	126.320  	105.636  	
0.26168  	0.17446  	-0.1461  	0.04019  	0.11456  	0.10643  	0.27818  	0.32477  	0.26523  	0.12450  	-0.3401  	0.90924  	0.15763  	0.18354  	-0.6048  	0.27673  	0.35926  	0.12728  	0.46251  	0.09713  	0.11376  	0.51802  	0.25633  	-0.1347  	0.13314  	0.10546  	0.29236  	-0.4270  	-0.3333  	-0.0004  	0.01593  	0.05510  	0.20243  	-0.1387  	0.05799  	-0.0876  	0.16277  	0.02458  	-0.1394  	-0.1184  	0.10165  	0.04696  	0.04730  	0.28203  	0.06780  	-0.0438  	-0.0260  	0.09151  	0.07139  	-0.1526  	-0.1043  	-0.0258  	-0.0079  	0.00044  	-0.0198  	0.01519  	-0.0309  	0.00819  	-0.0003  	-0.0198  	-0.0210  	0.02381  	0.02732  	0.01346  	0.12300  	0.08701  	-0.0365  	-0.0023  	0.01963  	0.66128  	1.08884  	126.320  	105.636  	
0.31558  	0.17410  	-0.1029  	0.08286  	0.10815  	0.13880  	0.27512  	0.35382  	0.25339  	0.11271  	-0.3027  	0.90327  	0.16024  	0.21471  	-0.6332  	0.30674  	0.35571  	0.09256  	0.46574  	0.05492  	0.19217  	0.51945  	0.26379  	-0.0731  	0.17584  	0.07767  	0.39000  	-0.4883  	-0.3817  	0.00493  	-0.0055  	0.08213  	0.17300  	-0.1437  	0.12029  	-0.0876  	0.20132  	0.02629  	-0.1610  	-0.1367  	0.07092  	0.04925  	0.02013  	0.27367  	0.07003  	-0.0414  	-0.0407  	0.09541  	0.07534  	-0.1510  	-0.0887  	-0.0244  	-0.0045  	-0.0019  	-0.0206  	0.02210  	-0.0345  	0.00652  	0.00939  	-0.0166  	-0.0183  	0.01984  	0.03284  	0.01280  	0.11281  	0.08660  	-0.0336  	-0.0022  	0.02106  	0.66248  	1.08884  	126.320  	105.636  	
0.28877  	0.15412  	-0.0988  	0.12055  	0.12172  	0.17228  	0.29961  	0.37584  	0.25987  	0.09183  	-0.2935  	0.91446  	0.16209  	0.21876  	-0.6584  	0.31314  	0.37122  	0.11889  	0.46080  	0.06610  	0.12147  	0.48754  	0.22384  	-0.1382  	0.15861  	0.08880  	0.34936  	-0.4192  	-0.3070  	0.01429  	-0.0007  	0.08158  	0.18964  	-0.1406  	0.10281  	-0.0687  	0.16007  	0.02078  	-0.1440  	-0.1288  	0.09067  	0.03751  	0.02203  	0.27443  	0.07150  	-0.0431  	-0.0314  	0.09513  	0.07911  	-0.1548  	-0.0907  	-0.0221  	-0.0072  	0.00018  	-0.0143  	0.01428  	-0.0409  	0.00794  	0.01042  	-0.0128  	-0.0179  	0.02049  	0.03839  	0.01222  	0.10303  	0.08519  	-0.0311  	-0.0026  	0.02343  	0.66083  	1.08884  	126.320  	105.636  	
0.20675  	0.15339  	-0.1923  	0.05736  	0.13676  	0.04315  	0.32560  	0.30174  	0.26317  	0.12975  	-0.2990  	0.91633  	0.14756  	0.16087  	-0.6823  	0.24226  	0.35666  	0.15127  	0.44701  	0.13773  	0.04513  	0.45594  	0.15643  	-0.1675  	0.16870  	0.11300  	0.28598  	-0.3430  	-0.2367  	-0.0041  	-0.0085  	0.05814  	0.19799  	-0.1395  	0.05121  	-0.0342  	0.11786  	0.01249  	-0.1137  	-0.0951  	0.10845  	0.05001  	0.02972  	0.27691  	0.07572  	-0.0404  	-0.0299  	0.09038  	0.06962  	-0.1503  	-0.0919  	-0.0262  	-0.0061  	-0.0025  	-0.0151  	0.01262  	-0.0316  	0.00252  	0.01189  	-0.0180  	-0.0187  	0.01367  	0.02880  	0.01581  	0.09420  	0.08457  	-0.0289  	-0.0032  	0.02581  	0.66594  	1.08884  	126.320  	105.636  	
0.03488  	0.11216  	-0.2903  	-0.0975  	0.04598  	-0.0565  	0.31277  	0.24302  	0.21004  	0.17235  	-0.1880  	0.90022  	0.09823  	0.08803  	-0.7866  	0.19652  	0.35319  	0.17574  	0.40845  	0.14251  	0.01893  	0.47542  	0.18973  	-0.1776  	0.11819  	0.12081  	0.23230  	-0.3169  	-0.2486  	-0.0459  	0.01043  	0.03163  	0.18876  	-0.1448  	0.01218  	-0.0383  	0.10278  	0.01732  	-0.1361  	-0.0962  	0.14082  	0.04885  	0.01882  	0.26800  	0.06871  	-0.0404  	-0.0296  	0.06942  	0.05385  	-0.1477  	-0.0960  	-0.0258  	-0.0099  	-0.0053  	-0.0182  	0.00436  	-0.0295  	0.00983  	0.01440  	-0.0262  	-0.0190  	0.02473  	0.03496  	0.01970  	0.08769  	0.08325  	-0.0268  	-0.0038  	0.02847  	0.65747  	1.08884  	126.320  	105.636  	
-0.1828  	0.03553  	-0.3850  	-0.2288  	-0.0011  	-0.1575  	0.30435  	0.12640  	0.16576  	0.21950  	-0.1330  	0.87555  	0.02762  	-0.1489  	-0.9208  	0.18196  	0.36522  	0.17695  	0.41938  	0.19439  	-0.0595  	0.49075  	0.23280  	-0.2198  	0.10085  	0.14813  	0.15557  	-0.2521  	-0.1977  	-0.0533  	0.02875  	0.01860  	0.16575  	-0.1410  	-0.0633  	0.00547  	0.06230  	0.01370  	-0.1394  	-0.0807  	0.18410  	0.03072  	0.02230  	0.28559  	0.07455  	-0.0452  	-0.0211  	0.05912  	0.04290  	-0.1544  	-0.0992  	-0.0239  	-0.0155  	-0.0039  	-0.0161  	-0.0023  	-0.0301  	0.00845  	0.00358  	-0.0276  	-0.0171  	0.02200  	0.03521  	0.01990  	0.08289  	0.08284  	-0.0247  	-0.0047  	0.03160  	0.64817  	1.08884  	126.320  	105.636  	
-0.1726  	0.05501  	-0.3214  	-0.2193  	-0.0307  	-0.1345  	0.28321  	0.15884  	0.20185  	0.22447  	-0.1491  	0.88352  	0.06902  	-0.1261  	-0.9371  	0.23319  	0.37022  	0.16537  	0.41518  	0.18671  	-0.0413  	0.48240  	0.24891  	-0.2205  	0.05943  	0.16339  	0.11158  	-0.2495  	-0.2004  	-0.0611  	0.04824  	0.00740  	0.18231  	-0.1269  	-0.0707  	-0.0236  	0.06800  	0.00898  	-0.1348  	-0.1058  	0.18130  	0.03999  	0.03336  	0.27642  	0.08157  	-0.0399  	-0.0234  	0.05597  	0.04503  	-0.1478  	-0.0993  	-0.0220  	-0.0100  	-0.0065  	-0.0150  	-0.0004  	-0.0321  	0.00937  	0.00447  	-0.0295  	-0.0168  	0.02831  	0.02881  	0.02133  	0.08010  	0.08257  	-0.0240  	-0.0058  	0.03425  	0.63863  	1.08884  	126.320  	105.636  	
-0.0166  	0.13192  	-0.2321  	-0.1186  	0.00231  	-0.0770  	0.29189  	0.23732  	0.23509  	0.19740  	-0.1500  	0.91749  	0.10522  	0.01693  	-0.8488  	0.26399  	0.34913  	0.16347  	0.42840  	0.16386  	0.02377  	0.46954  	0.24470  	-0.1920  	0.04479  	0.14941  	0.15891  	-0.3185  	-0.2623  	-0.0560  	0.05390  	0.01609  	0.20664  	-0.1253  	-0.0094  	-0.0557  	0.10800  	0.02368  	-0.1403  	-0.1138  	0.15649  	0.03473  	0.03135  	0.27320  	0.07728  	-0.0419  	-0.0203  	0.06255  	0.04437  	-0.1435  	-0.1014  	-0.0254  	-0.0038  	-0.0036  	-0.0154  	0.00012  	-0.0328  	0.01078  	0.01085  	-0.0297  	-0.0156  	0.03505  	0.03207  	0.01792  	0.07942  	0.08323  	-0.0241  	-0.0070  	0.03602  	0.62018  	1.08884  	126.320  	105.636  	
0.16027  	0.16762  	-0.1641  	-0.0202  	0.05239  	0.01794  	0.29191  	0.29807  	0.25604  	0.14602  	-0.1494  	0.92132  	0.10822  	0.13308  	-0.7397  	0.29655  	0.34469  	0.11916  	0.44231  	0.11531  	0.13978  	0.46616  	0.25081  	-0.1258  	0.06192  	0.12328  	0.25157  	-0.4434  	-0.3734  	-0.0458  	0.01080  	0.06652  	0.19983  	-0.1344  	0.06889  	-0.0967  	0.17736  	0.05269  	-0.1725  	-0.1342  	0.12569  	0.03417  	0.02454  	0.27675  	0.07157  	-0.0451  	-0.0227  	0.07025  	0.06036  	-0.1402  	-0.0969  	-0.0223  	-0.0054  	0.00548  	-0.0199  	0.00513  	-0.0381  	0.00667  	0.00637  	-0.0269  	-0.0184  	0.02695  	0.02877  	0.01054  	0.08053  	0.08325  	-0.0248  	-0.0081  	0.03693  	0.61079  	1.08884  	126.320  	105.636  	
0.21017  	0.16009  	-0.1491  	0.02114  	0.06222  	0.06819  	0.30026  	0.32424  	0.26547  	0.12419  	-0.1702  	0.92432  	0.10558  	0.15497  	-0.6875  	0.29463  	0.35418  	0.09865  	0.44709  	0.09678  	0.16566  	0.47799  	0.25106  	-0.1006  	0.08467  	0.11151  	0.29528  	-0.4697  	-0.3844  	-0.0391  	-0.0023  	0.07905  	0.19295  	-0.1400  	0.09679  	-0.0965  	0.19629  	0.05660  	-0.1757  	-0.1320  	0.11809  	0.03268  	0.02707  	0.27932  	0.07060  	-0.0452  	-0.0265  	0.07449  	0.06334  	-0.1451  	-0.0964  	-0.0232  	-0.0091  	0.00436  	-0.0202  	0.00705  	-0.0355  	0.00647  	0.00651  	-0.0228  	-0.0194  	0.02321  	0.02892  	0.01145  	0.08122  	0.08375  	-0.0257  	-0.0090  	0.03782  	0.59223  	1.08884  	126.320  	105.636  	
0.27079  	0.15267  	-0.1188  	0.03545  	0.05297  	0.13078  	0.29742  	0.35523  	0.28797  	0.09227  	-0.2018  	0.91448  	0.14076  	0.19055  	-0.6245  	0.31480  	0.37711  	0.08153  	0.46152  	0.06512  	0.22440  	0.49317  	0.26766  	-0.0647  	0.11053  	0.09548  	0.35769  	-0.5120  	-0.4321  	-0.0289  	-0.0038  	0.08619  	0.18848  	-0.1399  	0.12635  	-0.1115  	0.24048  	0.05784  	-0.1779  	-0.1357  	0.07965  	0.04743  	0.02296  	0.26981  	0.07224  	-0.0460  	-0.0297  	0.08080  	0.06794  	-0.1505  	-0.0936  	-0.0228  	-0.0074  	0.00400  	-0.0183  	0.01540  	-0.0375  	0.00960  	0.00666  	-0.0146  	-0.0165  	0.02142  	0.03449  	0.01879  	0.08266  	0.08351  	-0.0268  	-0.0098  	0.03833  	0.57770  	1.08884  	126.320  	105.636  	
0.26486  	0.15585  	-0.1265  	0.03156  	0.05093  	0.12206  	0.29317  	0.35694  	0.29294  	0.09066  	-0.1921  	0.93148  	0.14349  	0.19611  	-0.6356  	0.32124  	0.38004  	0.07824  	0.46516  	0.05589  	0.23180  	0.48817  	0.26938  	-0.0545  	0.10380  	0.09195  	0.36536  	-0.5229  	-0.4481  	-0.0329  	-0.0067  	0.08651  	0.19094  	-0.1392  	0.13570  	-0.1165  	0.24682  	0.06084  	-0.1772  	-0.1418  	0.07679  	0.04865  	0.01743  	0.26781  	0.07361  	-0.0435  	-0.0307  	0.08011  	0.06588  	-0.1501  	-0.0936  	-0.0224  	-0.0071  	0.00393  	-0.0201  	0.01464  	-0.0398  	0.01033  	0.00736  	-0.0157  	-0.0151  	0.02071  	0.03434  	0.01840  	0.08350  	0.08258  	-0.0287  	-0.0098  	0.03719  	0.58018  	1.08884  	126.320  	105.636  	
0.26503  	0.16858  	-0.1231  	0.02540  	0.04862  	0.11107  	0.29062  	0.36346  	0.29921  	0.08618  	-0.1741  	0.94117  	0.13130  	0.19021  	-0.6416  	0.32774  	0.37907  	0.07749  	0.46302  	0.05056  	0.23921  	0.48491  	0.27991  	-0.0511  	0.08755  	0.09272  	0.37306  	-0.5249  	-0.4654  	-0.0360  	-0.0064  	0.09106  	0.19382  	-0.1413  	0.14284  	-0.1226  	0.25935  	0.06702  	-0.1855  	-0.1439  	0.07776  	0.04614  	0.01839  	0.27066  	0.07195  	-0.0431  	-0.0305  	0.07795  	0.06486  	-0.1503  	-0.0954  	-0.0222  	-0.0076  	0.00444  	-0.0194  	0.01453  	-0.0402  	0.01010  	0.00856  	-0.0156  	-0.0151  	0.02216  	0.03324  	0.01718  	0.08460  	0.08016  	-0.0293  	-0.0098  	0.03462  	0.58435  	1.08884  	126.320  	105.636  	
0.26097  	0.17026  	-0.1285  	0.01799  	0.05151  	0.09463  	0.28692  	0.35971  	0.30079  	0.08517  	-0.1629  	0.94967  	0.12233  	0.17790  	-0.6520  	0.32560  	0.38058  	0.07815  	0.45757  	0.05050  	0.22755  	0.47644  	0.28580  	-0.0562  	0.07744  	0.09462  	0.37199  	-0.5129  	-0.4695  	-0.0344  	-0.0038  	0.09181  	0.19462  	-0.1428  	0.14423  	-0.1275  	0.25924  	0.06966  	-0.1895  	-0.1451  	0.07697  	0.04449  	0.01866  	0.27156  	0.06903  	-0.0428  	-0.0306  	0.07589  	0.06379  	-0.1516  	-0.0961  	-0.0206  	-0.0085  	0.00531  	-0.0187  	0.01396  	-0.0394  	0.00927  	0.00883  	-0.0170  	-0.0154  	0.02297  	0.03226  	0.01653  	0.08534  	0.07832  	-0.0313  	-0.0101  	0.03356  	0.57831  	1.08884  	126.320  	105.636  	
0.25864  	0.16973  	-0.1356  	0.01829  	0.05280  	0.08835  	0.28684  	0.35743  	0.29898  	0.08310  	-0.1612  	0.95414  	0.11853  	0.17341  	-0.6470  	0.32213  	0.38274  	0.07927  	0.45582  	0.05111  	0.22235  	0.47305  	0.28825  	-0.0587  	0.07580  	0.09582  	0.36707  	-0.5078  	-0.4686  	-0.0341  	-0.0025  	0.09026  	0.19537  	-0.1428  	0.14275  	-0.1301  	0.25848  	0.07028  	-0.1900  	-0.1473  	0.07739  	0.04430  	0.01860  	0.27138  	0.06828  	-0.0423  	-0.0304  	0.07509  	0.06291  	-0.1519  	-0.0971  	-0.0201  	-0.0089  	0.00523  	-0.0191  	0.01375  	-0.0390  	0.00916  	0.00848  	-0.0179  	-0.0154  	0.02326  	0.03143  	0.01665  	0.08723  	0.07636  	-0.0337  	-0.0107  	0.03266  	0.58060  	1.08884  	126.320  	105.636  	
0.25600  	0.16923  	-0.1406  	0.01869  	0.05538  	0.08427  	0.28747  	0.35228  	0.29685  	0.08321  	-0.1621  	0.95244  	0.11654  	0.17047  	-0.6448  	0.31808  	0.38498  	0.08009  	0.45364  	0.05203  	0.21625  	0.47053  	0.28749  	-0.0589  	0.07663  	0.09656  	0.36570  	-0.5031  	-0.4652  	-0.0329  	-0.0025  	0.08892  	0.19429  	-0.1434  	0.14433  	-0.1301  	0.25484  	0.06896  	-0.1909  	-0.1471  	0.07656  	0.04439  	0.01792  	0.27035  	0.06735  	-0.0423  	-0.0307  	0.07483  	0.06249  	-0.1521  	-0.0966  	-0.0196  	-0.0095  	0.00467  	-0.0191  	0.01387  	-0.0383  	0.00875  	0.00829  	-0.0186  	-0.0155  	0.02320  	0.03098  	0.01666  	0.08897  	0.07528  	-0.0359  	-0.0112  	0.03113  	0.59559  	1.08884  	126.320  	105.636  	
0.25546  	0.17218  	-0.1407  	0.01648  	0.05321  	0.08019  	0.28672  	0.35027  	0.29635  	0.08128  	-0.1607  	0.95193  	0.11533  	0.17102  	-0.6450  	0.31718  	0.38292  	0.08000  	0.45424  	0.04898  	0.21823  	0.47145  	0.28673  	-0.0608  	0.07624  	0.09652  	0.36461  	-0.5042  	-0.4658  	-0.0337  	-0.0021  	0.08852  	0.19513  	-0.1435  	0.14594  	-0.1303  	0.25632  	0.06872  	-0.1927  	-0.1474  	0.07850  	0.04438  	0.01769  	0.27023  	0.06697  	-0.0428  	-0.0306  	0.07477  	0.06205  	-0.1517  	-0.0969  	-0.0196  	-0.0094  	0.00489  	-0.0193  	0.01411  	-0.0382  	0.00853  	0.00841  	-0.0184  	-0.0155  	0.02310  	0.03048  	0.01638  	0.09136  	0.07375  	-0.0376  	-0.0118  	0.02953  	0.60735  	1.08884  	126.320  	105.636  	
0.25452  	0.16991  	-0.1439  	0.01946  	0.05621  	0.08152  	0.28743  	0.34973  	0.29538  	0.08235  	-0.1613  	0.95213  	0.11471  	0.16882  	-0.6414  	0.31601  	0.38527  	0.08056  	0.45291  	0.05259  	0.21473  	0.46968  	0.28715  	-0.0595  	0.07722  	0.09703  	0.36399  	-0.5014  	-0.4641  	-0.0329  	-0.0023  	0.08814  	0.19421  	-0.1434  	0.14521  	-0.1304  	0.25403  	0.06874  	-0.1917  	-0.1475  	0.07651  	0.04436  	0.01749  	0.27010  	0.06725  	-0.0424  	-0.0306  	0.07456  	0.06187  	-0.1521  	-0.0967  	-0.0193  	-0.0096  	0.00445  	-0.0192  	0.01382  	-0.0380  	0.00867  	0.00812  	-0.0190  	-0.0156  	0.02319  	0.03050  	0.01662  	0.09340  	0.07350  	-0.0389  	-0.0124  	0.02806  	0.62654  	1.08884  	126.320  	105.636  	
0.25452  	0.16991  	-0.1439  	0.01946  	0.05621  	0.08152  	0.28743  	0.34973  	0.29538  	0.08235  	-0.1613  	0.95213  	0.11471  	0.16882  	-0.6414  	0.31601  	0.38527  	0.08056  	0.45291  	0.05259  	0.21473  	0.46968  	0.28715  	-0.0595  	0.07722  	0.09703  	0.36399  	-0.5014  	-0.4641  	-0.0329  	-0.0023  	0.08814  	0.19421  	-0.1434  	0.14521  	-0.1304  	0.25403  	0.06874  	-0.1917  	-0.1475  	0.07651  	0.04436  	0.01749  	0.27010  	0.06725  	-0.0424  	-0.0306  	0.07456  	0.06187  	-0.1521  	-0.0967  	-0.0193  	-0.0096  	0.00445  	-0.0192  	0.01382  	-0.0380  	0.00867  	0.00812  	-0.0190  	-0.0156  	0.02319  	0.03050  	0.01662  	0.09467  	0.07367  	-0.0394  	-0.0130  	0.02708  	0.63727  	1.08884  	126.320  	105.636  	
0.25452  	0.16991  	-0.1439  	0.01946  	0.05621  	0.08152  	0.28743  	0.34973  	0.29538  	0.08235  	-0.1613  	0.95213  	0.11471  	0.16882  	-0.6414  	0.31601  	0.38527  	0.08056  	0.45291  	0.05259  	0.21473  	0.46968  	0.28715  	-0.0595  	0.07722  	0.09703  	0.36399  	-0.5014  	-0.4641  	-0.0329  	-0.0023  	0.08814  	0.19421  	-0.1434  	0.14521  	-0.1304  	0.25403  	0.06874  	-0.1917  	-0.1475  	0.07651  	0.04436  	0.01749  	0.27010  	0.06725  	-0.0424  	-0.0306  	0.07456  	0.06187  	-0.1521  	-0.0967  	-0.0193  	-0.0096  	0.00445  	-0.0192  	0.01382  	-0.0380  	0.00867  	0.00812  	-0.0190  	-0.0156  	0.02319  	0.03050  	0.01662  	0.09533  	0.07492  	-0.0390  	-0.0137  	0.02595  	0.64539  	1.08884  	126.320  	105.636  	
0.25452  	0.16991  	-0.1439  	0.01946  	0.05621  	0.08152  	0.28743  	0.34973  	0.29538  	0.08235  	-0.1613  	0.95213  	0.11471  	0.16882  	-0.6414  	0.31601  	0.38527  	0.08056  	0.45291  	0.05259  	0.21473  	0.46968  	0.28715  	-0.0595  	0.07722  	0.09703  	0.36399  	-0.5014  	-0.4641  	-0.0329  	-0.0023  	0.08814  	0.19421  	-0.1434  	0.14521  	-0.1304  	0.25403  	0.06874  	-0.1917  	-0.1475  	0.07651  	0.04436  	0.01749  	0.27010  	0.06725  	-0.0424  	-0.0306  	0.07456  	0.06187  	-0.1521  	-0.0967  	-0.0193  	-0.0096  	0.00445  	-0.0192  	0.01382  	-0.0380  	0.00867  	0.00812  	-0.0190  	-0.0156  	0.02319  	0.03050  	0.01662  	0.09550  	0.07571  	-0.0384  	-0.0142  	0.02487  	0.65600  	1.08884  	126.320  	105.636  	
0.25452  	0.16991  	-0.1439  	0.01946  	0.05621  	0.08152  	0.28743  	0.34973  	0.29538  	0.08235  	-0.1613  	0.95213  	0.11471  	0.16882  	-0.6414  	0.31601  	0.38527  	0.08056  	0.45291  	0.05259  	0.21473  	0.46968  	0.28715  	-0.0595  	0.07722  	0.09703  	0.36399  	-0.5014  	-0.4641  	-0.0329  	-0.0023  	0.08814  	0.19421  	-0.1434  	0.14521  	-0.1304  	0.25403  	0.06874  	-0.1917  	-0.1475  	0.07651  	0.04436  	0.01749  	0.27010  	0.06725  	-0.0424  	-0.0306  	0.07456  	0.06187  	-0.1521  	-0.0967  	-0.0193  	-0.0096  	0.00445  	-0.0192  	0.01382  	-0.0380  	0.00867  	0.00812  	-0.0190  	-0.0156  	0.02319  	0.03050  	0.01662  	0.09345  	0.07721  	-0.0375  	-0.0145  	0.02511  	0.64803  	1.08884  	126.320  	105.636  	
0.25530  	0.16955  	-0.1457  	0.02071  	0.05789  	0.08167  	0.28727  	0.34825  	0.29574  	0.08224  	-0.1619  	0.95252  	0.11554  	0.16823  	-0.6420  	0.31636  	0.38585  	0.08082  	0.45264  	0.05343  	0.21295  	0.47026  	0.28566  	-0.0602  	0.07772  	0.09758  	0.36235  	-0.4997  	-0.4630  	-0.0323  	-0.0022  	0.08757  	0.19469  	-0.1436  	0.14508  	-0.1300  	0.25234  	0.06795  	-0.1911  	-0.1476  	0.07678  	0.04410  	0.01767  	0.26949  	0.06730  	-0.0424  	-0.0306  	0.07442  	0.06199  	-0.1521  	-0.0966  	-0.0193  	-0.0098  	0.00426  	-0.0192  	0.01368  	-0.0380  	0.00868  	0.00813  	-0.0190  	-0.0158  	0.02302  	0.03048  	0.01654  	0.09105  	0.07728  	-0.0368  	-0.0149  	0.02610  	0.64052  	1.08884  	126.320  	105.636  	
0.13286  	0.13258  	-0.1809  	-0.0600  	0.10635  	-0.0810  	0.26872  	0.30182  	0.22474  	0.18431  	-0.2274  	0.97479  	0.18711  	0.01186  	-0.8202  	0.23793  	0.43925  	0.05036  	0.52784  	-0.0835  	0.04200  	0.18193  	-0.0923  	-0.1902  	0.08464  	0.20210  	0.19222  	-0.3087  	-0.1217  	-0.0380  	0.12126  	-0.0265  	0.11263  	-0.3140  	-0.0368  	-0.0324  	-0.0328  	-0.0096  	-0.2222  	-0.1870  	0.19816  	0.17622  	-0.0796  	0.34289  	0.00681  	-0.0255  	-0.0494  	0.10134  	0.04218  	-0.1661  	-0.0667  	-0.0215  	-0.0063  	0.01064  	-0.0109  	0.00503  	-0.0270  	-0.0039  	0.01598  	-0.0148  	-0.0131  	0.00731  	0.02430  	0.02297  	0.08768  	0.07650  	-0.0369  	-0.0152  	0.02651  	0.63735  	1.08884  	126.320  	105.636  	
-0.0839  	0.09509  	-0.3135  	-0.0976  	0.15834  	-0.2256  	0.20355  	0.28165  	0.18971  	0.20958  	-0.1771  	0.96829  	0.16982  	-0.0676  	-0.8755  	0.14970  	0.50222  	-0.0967  	0.58406  	-0.2552  	0.04487  	-0.0065  	-0.3387  	-0.2174  	0.04765  	0.30907  	0.19855  	-0.3295  	-0.0180  	-0.0457  	0.21607  	-0.0576  	0.01319  	-0.4250  	-0.1090  	-0.0250  	-0.1154  	-0.0267  	-0.3113  	-0.2292  	0.26848  	0.28114  	-0.1761  	0.41000  	-0.0264  	-0.0079  	-0.0664  	0.10089  	0.01961  	-0.1726  	-0.0656  	-0.0146  	-0.0101  	0.02043  	-0.0094  	0.00469  	-0.0265  	-0.0180  	0.01773  	-0.0049  	-0.0117  	0.00702  	0.00064  	0.02466  	0.08519  	0.07472  	-0.0370  	-0.0151  	0.02680  	0.61939  	1.08884  	126.320  	105.636  	
-0.2719  	0.00500  	-0.4778  	-0.0788  	0.20122  	-0.3836  	0.21237  	0.23990  	0.14050  	0.23828  	-0.1768  	1.03767  	0.17940  	-0.1369  	-0.8115  	0.01693  	0.48996  	-0.0953  	0.57546  	-0.2719  	-0.0161  	-0.0121  	-0.4191  	-0.2114  	0.01792  	0.34085  	0.13881  	-0.2707  	0.06787  	-0.0471  	0.23595  	-0.1034  	-0.0143  	-0.4519  	-0.1538  	-8.1256  	-0.2328  	-0.0463  	-0.3173  	-0.2212  	0.26451  	0.32087  	-0.2344  	0.43632  	-0.0271  	-0.0034  	-0.0688  	0.10335  	0.03180  	-0.1850  	-0.0680  	-0.0203  	-0.0172  	0.03522  	0.00224  	-0.0082  	-0.0167  	-0.0082  	0.02244  	-0.0052  	-0.0162  	0.00282  	0.00668  	0.02453  	0.08224  	0.07344  	-0.0368  	-0.0148  	0.02734  	0.60581  	1.08884  	126.320  	105.636  	
-0.3874  	-0.0251  	-0.5223  	-0.1053  	0.18792  	-0.4424  	0.19937  	0.18884  	0.11547  	0.26636  	-0.1600  	1.02409  	0.15958  	-0.1927  	-0.8939  	0.00296  	0.47413  	-0.0466  	0.56560  	-0.2109  	-0.0699  	0.01460  	-0.3522  	-0.2384  	0.02926  	0.31704  	0.10715  	-0.2171  	0.06632  	-0.0302  	0.22198  	-0.0981  	-0.0005  	-0.4166  	-0.1568  	0.01750  	-0.2336  	-0.0688  	-0.2831  	-0.1971  	0.26104  	0.28926  	-0.2269  	0.42217  	-0.0127  	-0.0065  	-0.0673  	0.09672  	0.02228  	-0.1754  	-0.0720  	-0.0182  	-0.0165  	0.02613  	-0.0049  	-0.0053  	-0.0237  	-0.0083  	0.02077  	-0.0068  	-0.0124  	0.00752  	0.00353  	0.01858  	0.08003  	0.07136  	-0.0371  	-0.0147  	0.02802  	0.60495  	1.08884  	126.320  	105.636  	
-0.3699  	-0.0024  	-0.5174  	-0.1496  	0.14348  	-0.3898  	0.22014  	0.14880  	0.12607  	0.27297  	-0.2140  	0.98662  	0.12910  	-0.1120  	-0.8822  	0.00840  	0.42435  	0.08012  	0.51830  	-0.0164  	-0.1214  	0.19897  	-0.1307  	-0.2296  	0.09345  	0.22084  	0.09222  	-0.1536  	0.01907  	-0.0111  	0.14360  	-0.0610  	0.07665  	-0.2836  	-0.1335  	0.02559  	-0.1697  	-0.0610  	-0.1816  	-0.1294  	0.21565  	0.17768  	-0.1199  	0.35301  	0.02809  	-0.0204  	-0.0460  	0.08461  	0.03572  	-0.1687  	-0.0755  	-0.0207  	-0.0148  	0.01186  	-0.0151  	-0.0081  	-0.0210  	0.00092  	0.01441  	-0.0170  	-0.0108  	0.01158  	0.01704  	0.01696  	0.07914  	0.06974  	-0.0379  	-0.0144  	0.02749  	0.60899  	1.08884  	126.320  	105.636  	
-0.2292  	0.01443  	-0.4120  	-0.1544  	0.10337  	-0.2301  	0.27011  	0.14103  	0.19497  	0.25007  	-0.3324  	0.94634  	0.07372  	-0.0663  	-0.8751  	0.11848  	0.35795  	0.23232  	0.44523  	0.20526  	-0.1591  	0.44570  	0.20630  	-0.2231  	0.11928  	0.14570  	0.09955  	-0.0905  	-0.0748  	-0.0093  	0.02381  	0.00282  	0.15404  	-0.1173  	-0.0966  	0.01326  	-0.0720  	-0.0371  	-0.0555  	-0.0548  	0.19544  	0.01384  	0.02655  	0.29581  	0.06872  	-0.0463  	-0.0253  	0.07301  	0.05520  	-0.1568  	-0.0871  	-0.0215  	-0.0122  	-0.0092  	-0.0174  	-0.0096  	-0.0249  	0.00718  	0.01525  	-0.0290  	-0.0197  	0.00666  	0.03368  	0.01868  	0.07992  	0.06867  	-0.0385  	-0.0147  	0.02693  	0.61657  	1.08884  	126.320  	105.636  	
-0.0510  	0.08003  	-0.3197  	-0.0151  	0.13480  	-0.0681  	0.25373  	0.17352  	0.18824  	0.19946  	-0.3812  	0.93768  	0.08850  	-0.0319  	-0.7896  	0.19374  	0.36201  	0.22541  	0.46338  	0.20346  	-0.1026  	0.43750  	0.17676  	-0.2244  	0.13371  	0.12059  	0.14896  	-0.1763  	-0.1331  	-0.0081  	0.01030  	0.03335  	0.17922  	-0.1184  	-0.0406  	-0.0059  	-0.0031  	-0.0148  	-0.0728  	-0.0486  	0.16410  	0.02386  	0.04385  	0.28786  	0.07006  	-0.0471  	-0.0249  	0.07866  	0.05991  	-0.1595  	-0.0825  	-0.0217  	-0.0135  	-0.0047  	-0.0143  	0.00378  	-0.0294  	0.00778  	0.01441  	-0.0221  	-0.0201  	0.01243  	0.02550  	0.02003  	0.08117  	0.06972  	-0.0386  	-0.0148  	0.02682  	0.61515  	1.08884  	126.320  	105.636  	
-0.0832  	0.07719  	-0.3683  	-0.0784  	0.11656  	-0.1202  	0.26228  	0.13438  	0.18623  	0.23655  	-0.2606  	0.93125  	0.07478  	-0.0755  	-0.8886  	0.20460  	0.34330  	0.23839  	0.46945  	0.20195  	-0.1089  	0.43447  	0.16051  	-0.2394  	0.13508  	0.12027  	0.14879  	-0.1544  	-0.1174  	-0.0137  	0.00460  	0.04479  	0.18254  	-0.1266  	-0.0469  	0.01444  	-0.0013  	-0.0215  	-0.0870  	-0.0477  	0.17171  	0.02544  	0.02928  	0.28686  	0.07221  	-0.0420  	-0.0238  	0.06302  	0.05221  	-0.1581  	-0.0866  	-0.0238  	-0.0102  	-0.0038  	-0.0169  	0.00456  	-0.0316  	0.00421  	0.01494  	-0.0231  	-0.0158  	0.01459  	0.02311  	0.01751  	0.08233  	0.07132  	-0.0377  	-0.0149  	0.02745  	0.59835  	1.08884  	126.320  	105.636  	
-0.2508  	-0.0034  	-0.4612  	-0.1991  	0.07622  	-0.2105  	0.28325  	0.02507  	0.17522  	0.26971  	-0.2533  	0.86815  	0.03843  	-0.1914  	-0.9877  	0.18496  	0.35587  	0.22961  	0.45100  	0.21664  	-0.2131  	0.44181  	0.13967  	-0.2582  	0.18251  	0.13148  	0.10818  	-0.0900  	-0.0830  	0.00848  	0.00917  	0.04440  	0.14026  	-0.1239  	-0.1029  	0.10343  	-0.0379  	-0.0327  	-0.0830  	-0.0657  	0.19496  	0.02458  	0.03295  	0.28159  	0.07830  	-0.0431  	-0.0271  	0.06665  	0.05415  	-0.1560  	-0.0857  	-0.0240  	-0.0094  	-0.0005  	-0.0160  	0.00019  	-0.0276  	0.01244  	0.01667  	-0.0246  	-0.0235  	0.01206  	0.03531  	0.01781  	0.08183  	0.07362  	-0.0369  	-0.0144  	0.02753  	0.59576  	1.08884  	126.320  	105.636  	
-0.1488  	0.02602  	-0.4131  	0.02710  	0.22238  	-0.1394  	0.25942  	0.07506  	0.15397  	0.21263  	-0.3487  	0.89163  	0.07990  	-0.1602  	-0.8363  	0.22184  	0.33734  	0.20260  	0.46248  	0.26714  	-0.2050  	0.43871  	0.07115  	-0.1789  	0.26797  	0.10930  	0.19908  	-0.0693  	-0.0955  	0.05379  	-0.0384  	0.05796  	0.14002  	-0.1137  	-0.0180  	0.10979  	-0.0420  	-0.0405  	-0.0861  	-0.0418  	0.11871  	0.05788  	0.00978  	0.27698  	0.07822  	-0.0418  	-0.0355  	0.07494  	0.06049  	-0.1625  	-0.0687  	-0.0242  	-0.0091  	-0.0040  	-0.0204  	0.00822  	-0.0137  	0.01186  	0.02465  	-0.0114  	-0.0280  	0.00445  	0.02918  	0.01806  	0.08004  	0.07497  	-0.0357  	-0.0138  	0.02677  	0.60459  	1.08884  	126.320  	105.636  	
-0.0095  	0.07925  	-0.4156  	0.30050  	0.39497  	-0.0005  	0.27554  	0.18186  	0.16215  	0.15297  	-0.5423  	0.99304  	0.15793  	0.03539  	-0.6141  	0.23214  	0.33901  	0.19300  	0.45641  	0.24067  	-0.2243  	0.47470  	0.02588  	-0.1744  	0.29407  	0.09883  	0.23789  	-0.0482  	-0.0593  	0.08968  	-0.0282  	0.02061  	0.14865  	-0.1110  	0.01573  	0.05296  	-0.0928  	-0.0553  	-0.0634  	-0.0248  	0.06392  	0.06878  	0.01445  	0.26252  	0.07527  	-0.0383  	-0.0375  	0.08245  	0.06846  	-0.1627  	-0.0755  	-0.0252  	-0.0132  	-0.0095  	-0.0237  	0.00135  	-0.0130  	0.01241  	0.01495  	-0.0175  	-0.0306  	0.00214  	0.03063  	0.01335  	0.07663  	0.07684  	-0.0346  	-0.0129  	0.02763  	0.60560  	1.08884  	126.320  	105.636  	
0.07717  	0.11109  	-0.3879  	0.30160  	0.36085  	-0.0002  	0.28952  	0.18506  	0.19010  	0.15448  	-0.5582  	0.98617  	0.16515  	0.11994  	-0.5341  	0.20112  	0.35622  	0.19926  	0.42810  	0.24520  	-0.1856  	0.47417  	0.05999  	-0.2215  	0.24816  	0.09783  	0.21138  	-0.0898  	-0.0743  	0.09304  	-0.0232  	0.02331  	0.17684  	-0.1081  	-0.0089  	0.01669  	-0.0681  	-0.0426  	-0.0574  	-0.0273  	0.07882  	0.05386  	0.01784  	0.26605  	0.07762  	-0.0421  	-0.0314  	0.08854  	0.06729  	-0.1662  	-0.0702  	-0.0298  	-0.0181  	-0.0087  	-0.0237  	0.01352  	-0.0187  	0.00492  	0.01036  	-0.0263  	-0.0233  	0.01351  	0.02993  	0.01031  	0.07436  	0.07718  	-0.0336  	-0.0121  	0.02944  	0.60443  	1.08884  	126.320  	105.636  	
0.08582  	0.09708  	-0.3999  	0.33286  	0.37355  	0.01988  	0.28135  	0.17461  	0.20096  	0.16660  	-0.5580  	0.99176  	0.17065  	0.15202  	-0.5107  	0.18628  	0.33928  	0.16981  	0.43259  	0.21275  	-0.1591  	0.51379  	0.09339  	-0.2164  	0.24745  	0.09150  	0.22042  	-0.1184  	-0.0632  	0.09867  	-0.0190  	0.01604  	0.17585  	-0.1037  	-0.0102  	0.00030  	-0.0403  	-0.0549  	-0.0443  	-0.0271  	0.08560  	0.04861  	0.01169  	0.27593  	0.08556  	-0.0484  	-0.0311  	0.09217  	0.06389  	-0.1630  	-0.0723  	-0.0274  	-0.0194  	-0.0065  	-0.0226  	0.01418  	-0.0140  	0.00616  	0.00833  	-0.0284  	-0.0236  	0.01156  	0.02659  	0.01280  	0.07304  	0.07763  	-0.0327  	-0.0112  	0.03081  	0.60067  	1.08884  	126.320  	105.636  	
0.07574  	0.10215  	-0.4025  	0.24575  	0.34918  	-0.0212  	0.28926  	0.17196  	0.20408  	0.14256  	-0.4852  	1.02633  	0.15772  	0.11545  	-0.5878  	0.17536  	0.32582  	0.16104  	0.40668  	0.20439  	-0.1185  	0.47758  	0.08804  	-0.1927  	0.19767  	0.11268  	0.23039  	-0.1313  	-0.1271  	0.05540  	-0.0256  	0.02931  	0.18927  	-0.1139  	0.02818  	-0.0071  	-0.0242  	-0.0411  	-0.0667  	-0.0354  	0.07313  	0.06651  	0.01744  	0.27833  	0.08215  	-0.0445  	-0.0268  	0.08343  	0.06481  	-0.1570  	-0.0748  	-0.0308  	-0.0207  	-0.0024  	-0.0203  	0.01172  	-0.0167  	0.00659  	0.01616  	-0.0296  	-0.0207  	0.01537  	0.02301  	0.01427  	0.07348  	0.07639  	-0.0315  	-0.0095  	0.03181  	0.59629  	1.08884  	126.320  	105.636  	
0.03301  	0.07855  	-0.4052  	0.25929  	0.34442  	0.02448  	0.25877  	0.17612  	0.20072  	0.13087  	-0.4484  	1.02917  	0.15398  	0.09245  	-0.5876  	0.19379  	0.32949  	0.13276  	0.42672  	0.18757  	-0.1153  	0.48102  	0.11909  	-0.1309  	0.17577  	0.10984  	0.26601  	-0.1848  	-0.1744  	0.05452  	-0.0147  	0.04146  	0.18195  	-0.1254  	0.04894  	-0.0284  	-0.0034  	-0.0412  	-0.0885  	-0.0337  	0.05516  	0.07112  	0.00444  	0.27670  	0.08058  	-0.0465  	-0.0317  	0.07500  	0.06584  	-0.1553  	-0.0781  	-0.0280  	-0.0222  	-0.0059  	-0.0195  	0.00985  	-0.0157  	0.00902  	0.01487  	-0.0251  	-0.0219  	0.01376  	0.02481  	0.01715  	0.07363  	0.07461  	-0.0305  	-0.0078  	0.03280  	0.59100  	1.08884  	126.320  	105.636  	
0.11957  	0.11177  	-0.3282  	0.18068  	0.26868  	0.00105  	0.26868  	0.21056  	0.22115  	0.14509  	-0.4273  	0.96489  	0.14511  	0.12805  	-0.5950  	0.19831  	0.37153  	0.12224  	0.45269  	0.13907  	-0.0172  	0.46684  	0.18185  	-0.1380  	0.15065  	0.11384  	0.27501  	-0.2811  	-0.2308  	0.03835  	-0.0099  	0.04970  	0.17561  	-0.1271  	0.04042  	-0.0526  	0.07288  	-0.0100  	-0.1206  	-0.0711  	0.09596  	0.06089  	0.01204  	0.27805  	0.07495  	-0.0367  	-0.0281  	0.07472  	0.05821  	-0.1587  	-0.0898  	-0.0274  	-0.0150  	-0.0100  	-0.0245  	0.01284  	-0.0256  	0.00654  	0.01400  	-0.0265  	-0.0187  	0.02086  	0.02198  	0.01297  	0.07553  	0.07159  	-0.0300  	-0.0059  	0.03345  	0.58368  	1.08884  	126.320  	105.636  	
0.02403  	0.06882  	-0.3878  	0.14863  	0.24711  	-0.0685  	0.25754  	0.22141  	0.20506  	0.17185  	-0.3501  	1.00101  	0.13305  	0.04659  	-0.6755  	0.22853  	0.34796  	0.18608  	0.42388  	0.24088  	-0.0426  	0.42785  	0.12620  	-0.1681  	0.12203  	0.12686  	0.19113  	-0.1976  	-0.1949  	-0.0101  	0.00622  	0.03756  	0.18673  	-0.1220  	0.03617  	-0.0398  	-0.0075  	-0.0299  	-0.0960  	-0.0521  	0.09737  	0.04070  	0.01284  	0.28956  	0.08626  	-0.0458  	-0.0242  	0.06224  	0.05202  	-0.1471  	-0.0789  	-0.0292  	-0.0141  	-0.0117  	-0.0195  	0.00739  	-0.0261  	0.00811  	0.01597  	-0.0212  	-0.0235  	0.02567  	0.02285  	0.01226  	0.07813  	0.06935  	-0.0288  	-0.0043  	0.03302  	0.56239  	1.08884  	126.320  	105.636  	
-0.3780  	-0.0355  	-0.5909  	-0.0853  	0.21616  	-0.3521  	0.27203  	0.09745  	0.17167  	0.27211  	-0.1375  	1.05712  	0.09624  	-0.0710  	-0.9699  	0.21405  	0.30534  	0.25652  	0.41675  	0.30399  	-0.2376  	0.41823  	0.06585  	-0.2294  	0.05727  	0.17323  	0.03138  	0.04916  	-0.0654  	-0.0415  	0.03750  	0.01581  	0.17256  	-0.1145  	-0.0583  	0.04700  	-0.1359  	-0.0716  	-0.0573  	-0.0682  	0.16188  	0.03026  	-0.0169  	0.24643  	0.07500  	-0.0512  	-0.0264  	0.06731  	0.05351  	-0.1541  	-0.0800  	-0.0282  	-0.0153  	-0.0107  	-0.0099  	0.00238  	-0.0197  	0.01277  	0.01869  	-0.0207  	-0.0142  	0.02124  	0.03269  	0.01792  	0.08118  	0.06882  	-0.0259  	-0.0030  	0.03209  	0.55447  	1.08884  	126.320  	105.636  	
-0.5477  	-0.0810  	-0.7051  	-0.2654  	0.17524  	-0.4789  	0.27710  	0.07344  	0.12690  	0.34736  	-0.0388  	0.99443  	0.06157  	-0.1715  	-1.1444  	0.13062  	0.28647  	0.28553  	0.45673  	0.34773  	-0.2404  	0.40828  	0.06393  	-0.2421  	0.07699  	0.15587  	-0.0300  	0.04422  	-0.0543  	-0.0361  	0.04429  	-0.0182  	0.17261  	-0.1219  	-0.0983  	0.09284  	-0.1278  	-0.0922  	-0.0280  	-0.0503  	0.14114  	0.04600  	-0.0278  	0.25750  	0.07553  	-0.0419  	-0.0307  	0.08428  	0.05712  	-0.1640  	-0.0848  	-0.0261  	-0.0171  	-0.0169  	-0.0149  	-0.0049  	-0.0255  	0.00938  	0.01520  	-0.0278  	-0.0136  	0.01375  	0.02824  	0.01684  	0.08290  	0.07147  	-0.0225  	-0.0015  	0.03113  	0.54315  	1.08884  	126.320  	105.636  	
-0.5215  	-0.0456  	-0.6019  	-0.3061  	0.08074  	-0.4792  	0.27539  	0.13884  	0.16492  	0.40610  	-0.0656  	0.92599  	0.06402  	-0.0935  	-1.1233  	0.05144  	0.32933  	0.21760  	0.44083  	0.27813  	-0.1572  	0.42950  	0.12177  	-0.1788  	0.07824  	0.15793  	0.03484  	-0.0857  	-0.0723  	-0.0344  	0.04489  	-0.0165  	0.16758  	-0.1286  	-0.1126  	0.03430  	-0.0809  	-0.0821  	-0.0387  	-0.0473  	0.16233  	0.05300  	-0.0237  	0.24170  	0.07665  	-0.0480  	-0.0250  	0.08635  	0.04808  	-0.1547  	-0.0815  	-0.0214  	-0.0140  	-0.0050  	-0.0221  	-0.0095  	-0.0223  	0.00394  	0.01183  	-0.0240  	-0.0205  	0.01811  	0.02520  	0.02352  	0.08286  	0.07535  	-0.0188  	0.00041  	0.02999  	0.53287  	1.08884  	126.320  	105.636  	
-0.2528  	0.03172  	-0.4337  	-0.2208  	0.05538  	-0.2975  	0.27655  	0.18893  	0.18383  	0.32405  	-0.2843  	0.94868  	0.15631  	0.05893  	-0.9250  	0.10824  	0.33152  	0.23272  	0.45684  	0.22709  	-0.1840  	0.48129  	0.13532  	-0.2102  	0.13194  	0.13604  	0.09550  	-0.1418  	-0.0722  	-0.0165  	0.03479  	-0.0154  	0.16348  	-0.1143  	-0.0958  	0.01991  	-0.0824  	-0.0478  	-0.0372  	-0.0148  	0.17206  	0.02035  	0.01140  	0.29102  	0.06279  	-0.0373  	-0.0302  	0.07990  	0.05225  	-0.1580  	-0.0842  	-0.0334  	-0.0134  	-0.0083  	-0.0222  	-0.0010  	-0.0293  	0.00418  	0.01754  	-0.0225  	-0.0177  	0.01106  	0.02088  	0.02318  	0.07925  	0.08057  	-0.0165  	0.00235  	0.02855  	0.53401  	1.08884  	126.320  	105.636  	
-0.2579  	0.01570  	-0.4488  	-0.1963  	0.06692  	-0.2700  	0.27075  	0.18226  	0.18994  	0.32055  	-0.3603  	0.93856  	0.14154  	-0.0314  	-0.9413  	0.13162  	0.34243  	0.27498  	0.46837  	0.23163  	-0.2772  	0.48705  	0.16668  	-0.2714  	0.13022  	0.14864  	0.06343  	-0.0562  	-0.0153  	-0.0104  	0.03177  	-0.0041  	0.15346  	-0.1117  	-0.1632  	0.04708  	-0.1342  	-0.0527  	-0.0128  	-0.0336  	0.21416  	0.00135  	0.03383  	0.29735  	0.05581  	-0.0422  	-0.0293  	0.09173  	0.06363  	-0.1687  	-0.0882  	-0.0280  	-0.0120  	-0.0080  	-0.0183  	-0.0064  	-0.0251  	0.00537  	0.02412  	-0.0254  	-0.0173  	0.01319  	0.02006  	0.02143  	0.07481  	0.08488  	-0.0140  	0.00397  	0.02736  	0.52212  	1.08884  	126.320  	105.636  	
-0.2337  	0.02161  	-0.3856  	-0.1660  	0.02974  	-0.2112  	0.24859  	0.16632  	0.19580  	0.26561  	-0.3387  	0.91455  	0.12116  	-0.1160  	-0.9461  	0.15923  	0.37821  	0.23840  	0.46202  	0.22886  	-0.2130  	0.46976  	0.20737  	-0.2717  	0.09324  	0.15583  	0.07825  	-0.1121  	-0.0584  	-0.0316  	0.03775  	0.00797  	0.16845  	-0.1118  	-0.1684  	0.01068  	-0.0876  	-0.0254  	-0.0374  	-0.0538  	0.22085  	-0.0021  	0.05627  	0.29533  	0.06079  	-0.0499  	-0.0327  	0.08756  	0.05845  	-0.1608  	-0.0871  	-0.0211  	-0.0105  	-0.0106  	-0.0155  	0.00167  	-0.0287  	0.00227  	0.02125  	-0.0251  	-0.0157  	0.01444  	0.01827  	0.02185  	0.07003  	0.08941  	-0.0127  	0.00510  	0.02710  	0.52686  	1.08884  	126.320  	105.636  	
-0.2918  	0.00489  	-0.3986  	-0.2434  	0.00086  	-0.2079  	0.25369  	0.11355  	0.18022  	0.25935  	-0.2735  	0.87741  	0.05299  	-0.1919  	-1.0333  	0.16755  	0.38077  	0.20071  	0.44545  	0.22526  	-0.2088  	0.43051  	0.24880  	-0.2315  	0.06357  	0.15707  	0.10495  	-0.1531  	-0.1021  	-0.0497  	0.04241  	0.01633  	0.17093  	-0.1236  	-0.1602  	0.01702  	-0.0504  	-0.0162  	-0.0510  	-0.0498  	0.22464  	0.01415  	0.05476  	0.30315  	0.07077  	-0.0492  	-0.0248  	0.07744  	0.04665  	-0.1608  	-0.0941  	-0.0198  	-0.0193  	-0.0087  	-0.0164  	-0.0076  	-0.0327  	0.00454  	0.01296  	-0.0292  	-0.0219  	0.01587  	0.02365  	0.01847  	0.06738  	0.09435  	-0.0102  	0.00574  	0.02697  	0.54970  	1.08884  	126.320  	105.636  	
-0.1930  	0.07317  	-0.3294  	-0.1568  	0.02776  	-0.1408  	0.25641  	0.14779  	0.19368  	0.28240  	-0.2602  	0.95461  	0.09236  	-0.0884  	-0.9542  	0.22989  	0.38558  	0.20749  	0.45659  	0.20607  	-0.1843  	0.44745  	0.22463  	-0.1830  	0.05451  	0.16798  	0.08639  	-0.2010  	-0.1379  	-0.0531  	0.06849  	0.01158  	0.20147  	-0.1232  	-0.1383  	-0.0092  	-0.0212  	-0.0294  	-0.0802  	-0.0674  	0.20674  	0.01154  	0.06427  	0.27894  	0.07185  	-0.0432  	-0.0250  	0.08393  	0.05331  	-0.1576  	-0.0937  	-0.0239  	-0.0108  	-0.0100  	-0.0158  	0.00558  	-0.0382  	0.00356  	0.01172  	-0.0253  	-0.0087  	0.02321  	0.01963  	0.01708  	0.06538  	0.10095  	-0.0063  	0.00588  	0.02652  	0.57100  	1.08884  	126.320  	105.636  	
-0.3014  	0.00239  	-0.4605  	-0.3000  	0.02179  	-0.2907  	0.28940  	0.05706  	0.17150  	0.31249  	-0.1938  	0.85887  	0.04035  	-0.2212  	-1.0948  	0.14323  	0.36516  	0.24810  	0.46205  	0.20745  	-0.2520  	0.43747  	0.17839  	-0.2557  	0.12801  	0.15091  	0.08408  	-0.1000  	-0.0846  	-0.0347  	0.03086  	0.01201  	0.15085  	-0.1358  	-0.1270  	0.07527  	-0.0479  	-0.0277  	-0.0937  	-0.0475  	0.22633  	0.01392  	0.04489  	0.29545  	0.07087  	-0.0446  	-0.0302  	0.07510  	0.05182  	-0.1531  	-0.0887  	-0.0268  	-0.0171  	-0.0075  	-0.0144  	-0.0071  	-0.0288  	0.00998  	0.00928  	-0.0262  	-0.0249  	0.02208  	0.03021  	0.01867  	0.06517  	0.10497  	-0.0003  	0.00633  	0.02597  	0.59656  	1.08884  	126.320  	105.636  	
-0.3332  	-0.0179  	-0.4672  	-0.3260  	0.02433  	-0.3110  	0.29017  	0.02723  	0.14518  	0.30204  	-0.2520  	0.85672  	0.04272  	-0.2385  	-1.0830  	0.14306  	0.35532  	0.26277  	0.46348  	0.22820  	-0.3018  	0.45373  	0.16900  	-0.2556  	0.15056  	0.14189  	0.09656  	-0.0684  	-0.0398  	-0.0156  	0.02022  	0.01965  	0.13888  	-0.1184  	-0.1583  	0.10900  	-0.0927  	-0.0298  	-0.0622  	-0.0382  	0.23221  	0.02760  	0.04010  	0.28826  	0.06267  	-0.0487  	-0.0252  	0.08251  	0.06378  	-0.1625  	-0.0815  	-0.0251  	-0.0115  	-0.0052  	-0.0140  	-0.0100  	-0.0263  	0.01319  	0.01743  	-0.0248  	-0.0239  	0.01614  	0.03034  	0.01782  	0.06570  	0.10762  	0.00715  	0.00628  	0.02586  	0.61310  	1.08884  	126.320  	105.636  	
-0.4521  	-0.0555  	-0.5392  	-0.3257  	0.03160  	-0.3895  	0.30617  	0.01987  	0.11676  	0.33329  	-0.2363  	0.86381  	0.03936  	-0.2313  	-1.0463  	0.11290  	0.33851  	0.25745  	0.44620  	0.21115  	-0.3411  	0.46704  	0.14356  	-0.2626  	0.18214  	0.13325  	0.12945  	-0.0696  	-0.0013  	0.00555  	0.03744  	-0.0015  	0.15354  	-0.1147  	-0.1606  	0.11097  	-0.1251  	-0.0586  	-0.0345  	-0.0377  	0.20409  	0.04630  	0.01344  	0.28250  	0.06597  	-0.0483  	-0.0260  	0.07973  	0.06437  	-0.1612  	-0.0781  	-0.0212  	-0.0169  	-0.0093  	-0.0107  	-0.0112  	-0.0258  	0.00979  	0.01524  	-0.0243  	-0.0160  	0.01612  	0.03604  	0.02281  	0.06801  	0.10898  	0.01783  	0.00629  	0.02631  	0.60555  	1.08884  	126.320  	105.636  	
-0.5781  	-0.0611  	-0.6277  	-0.3436  	0.04755  	-0.4773  	0.30975  	0.03879  	0.12840  	0.35857  	-0.1425  	0.87914  	0.04493  	-0.1660  	-1.0830  	0.06353  	0.32123  	0.24971  	0.43133  	0.23853  	-0.2802  	0.46474  	0.13660  	-0.2184  	0.17744  	0.14747  	0.12217  	-0.0783  	-0.0526  	-0.0106  	0.03753  	-0.0141  	0.14558  	-0.1219  	-0.1152  	0.08884  	-0.1085  	-0.0608  	-0.0426  	-0.0364  	0.16340  	0.05222  	0.00115  	0.26951  	0.08376  	-0.0494  	-0.0249  	0.06488  	0.05097  	-0.1545  	-0.0859  	-0.0232  	-0.0160  	-0.0027  	-0.0169  	-0.0129  	-0.0214  	0.00685  	0.01759  	-0.0204  	-0.0167  	0.01959  	0.03249  	0.01644  	0.06957  	0.11093  	0.03119  	0.00574  	0.02648  	0.59885  	1.08884  	126.320  	105.636  	
-0.4887  	-0.0637  	-0.6358  	-0.2669  	0.11369  	-0.4305  	0.26537  	0.08703  	0.13631  	0.35027  	-0.1157  	0.95314  	0.07024  	-0.1610  	-1.0749  	0.11426  	0.31634  	0.25901  	0.43371  	0.28367  	-0.2181  	0.42955  	0.13582  	-0.2101  	0.12470  	0.14175  	0.09280  	-0.0596  	-0.0854  	-0.0181  	0.03064  	-0.0086  	0.15791  	-0.1239  	-0.0826  	0.06026  	-0.0971  	-0.0632  	-0.0430  	-0.0357  	0.13510  	0.05056  	-0.0143  	0.27049  	0.07353  	-0.0464  	-0.0219  	0.06955  	0.05017  	-0.1530  	-0.0815  	-0.0236  	-0.0178  	-0.0049  	-0.0149  	-0.0078  	-0.0226  	0.00542  	0.01337  	-0.0227  	-0.0159  	0.01653  	0.02745  	0.01681  	0.07312  	0.11241  	0.04643  	0.00541  	0.02614  	0.61166  	1.08884  	126.320  	105.636  	
-0.3200  	-0.0005  	-0.4927  	-0.2570  	0.06808  	-0.3218  	0.22700  	0.08547  	0.15170  	0.27066  	-0.1850  	0.96551  	0.02719  	-0.1623  	-1.0407  	0.13753  	0.34461  	0.23973  	0.45855  	0.21713  	-0.1711  	0.43254  	0.20515  	-0.2527  	0.13173  	0.11962  	0.09661  	-0.0681  	-0.0879  	0.00938  	0.02143  	0.00449  	0.14477  	-0.1103  	-0.1025  	0.06654  	-0.0408  	-0.0422  	-0.0745  	-0.0724  	0.16157  	0.03149  	0.01143  	0.27946  	0.07731  	-0.0443  	-0.0201  	0.06705  	0.05191  	-0.1494  	-0.0810  	-0.0267  	-0.0120  	0.00037  	-0.0168  	-0.0058  	-0.0211  	0.01537  	0.01661  	-0.0268  	-0.0180  	0.00875  	0.03675  	0.01667  	0.07489  	0.11434  	0.06040  	0.00502  	0.02617  	0.62350  	1.08884  	126.320  	105.636  	
-0.1734  	0.04426  	-0.4212  	-0.1600  	0.10151  	-0.1698  	0.20053  	0.11035  	0.17255  	0.23826  	-0.2666  	0.95178  	0.05253  	-0.1318  	-0.9953  	0.19259  	0.35143  	0.24572  	0.49116  	0.21082  	-0.1558  	0.42318  	0.16753  	-0.2275  	0.13356  	0.13325  	0.11737  	-0.0912  	-0.1237  	0.00281  	0.00809  	0.01880  	0.16580  	-0.1125  	-0.0599  	0.05468  	-0.0123  	-0.0354  	-0.0837  	-0.0747  	0.14920  	0.02849  	0.02840  	0.26570  	0.07456  	-0.0479  	-0.0267  	0.06810  	0.05496  	-0.1557  	-0.0793  	-0.0279  	-0.0146  	-0.0086  	-0.0202  	0.00553  	-0.0249  	0.00760  	0.02167  	-0.0273  	-0.0225  	0.00792  	0.02392  	0.01613  	0.07393  	0.11600  	0.07294  	0.00489  	0.02683  	0.62298  	1.08884  	126.320  	105.636  	
-0.0572  	0.05594  	-0.3459  	-0.0704  	0.17392  	-0.1201  	0.25878  	0.11969  	0.18105  	0.25697  	-0.2559  	0.93424  	0.05616  	-0.0616  	-0.9177  	0.26369  	0.31715  	0.23812  	0.47810  	0.21121  	-0.1082  	0.43823  	0.11709  	-0.2153  	0.15447  	0.10526  	0.16533  	-0.1557  	-0.1517  	-0.0006  	-0.0167  	0.03498  	0.17951  	-0.1236  	0.00324  	0.06825  	0.03167  	-0.0283  	-0.1046  	-0.0559  	0.12912  	0.04306  	0.01408  	0.27912  	0.08092  	-0.0462  	-0.0262  	0.06809  	0.05795  	-0.1566  	-0.0795  	-0.0262  	-0.0116  	-0.0037  	-0.0174  	0.00560  	-0.0266  	0.01019  	0.01596  	-0.0244  	-0.0219  	0.00773  	0.02686  	0.01164  	0.06807  	0.11764  	0.08267  	0.00396  	0.02842  	0.60026  	1.08884  	126.320  	105.636  	
0.01249  	0.10362  	-0.1830  	-0.0658  	0.11762  	-0.1063  	0.25254  	0.23585  	0.18057  	0.21197  	-0.1889  	0.93516  	0.11871  	-0.0548  	-0.8576  	0.23737  	0.39985  	0.04783  	0.57043  	-0.0818  	0.02581  	0.22363  	-0.1146  	-0.1632  	0.08811  	0.20732  	0.19289  	-0.3519  	-0.1566  	-0.0481  	0.11637  	-0.0005  	0.09194  	-0.2968  	-0.0119  	-0.0008  	0.00353  	-0.0089  	-0.2356  	-0.1644  	0.22039  	0.18523  	-0.1013  	0.36273  	0.01598  	-0.0255  	-0.0501  	0.10259  	0.03965  	-0.1675  	-0.0785  	-0.0162  	-0.0046  	0.01327  	-0.0115  	0.00522  	-0.0276  	-0.0019  	0.00999  	-0.0154  	-0.0114  	0.00429  	0.01449  	0.01767  	0.06101  	0.11746  	0.09053  	0.00322  	0.03079  	0.56993  	1.08884  	126.320  	105.636  	
0.14846  	0.13312  	-0.1329  	0.00828  	0.12663  	-0.0607  	0.22512  	0.32420  	0.15865  	0.15927  	-0.1896  	0.91400  	0.18329  	-0.0683  	-0.7299  	0.19315  	0.49830  	-0.1612  	0.63824  	-0.3352  	0.18574  	0.03558  	-0.3182  	-0.0782  	0.08009  	0.24247  	0.31483  	-0.5398  	-0.1782  	-0.0476  	0.20785  	-0.0080  	-0.0176  	-0.4436  	0.00457  	-0.0374  	0.00368  	0.01418  	-0.3748  	-0.2327  	0.22902  	0.30143  	-0.2036  	0.41676  	-0.0309  	0.00026  	-0.0808  	0.11037  	0.03040  	-0.1714  	-0.0689  	-0.0122  	-0.0043  	0.02983  	-0.0072  	0.01076  	-0.0269  	-0.0130  	0.01560  	-0.0046  	-0.0099  	0.00405  	0.00232  	0.01497  	0.05215  	0.11669  	0.09440  	0.00227  	0.03251  	0.56697  	1.08884  	126.320  	105.636  	
0.12492  	0.15894  	-0.1189  	-0.0205  	0.06512  	-0.0379  	0.19675  	0.37593  	0.17812  	0.10337  	-0.1380  	0.90302  	0.18883  	-0.0529  	-0.6986  	0.15901  	0.54905  	-0.2233  	0.62681  	-0.4549  	0.29546  	0.00221  	-0.3087  	-0.0534  	0.01633  	0.27191  	0.35522  	-0.6489  	-0.2543  	-0.0755  	0.24340  	-0.0098  	-0.0278  	-0.4766  	0.01638  	-0.0979  	0.05139  	0.03965  	-0.4126  	-0.2695  	0.25306  	0.32024  	-0.2142  	0.42420  	-0.0443  	-0.0019  	-0.0806  	0.11060  	0.02665  	-0.1601  	-0.0729  	-0.0110  	-0.0051  	0.03843  	-0.0023  	0.01128  	-0.0357  	-0.0162  	0.01350  	-0.0034  	-0.0105  	0.01127  	-0.0035  	0.01537  	0.04361  	0.11738  	0.09681  	0.00153  	0.03437  	0.56941  	1.08884  	126.320  	105.636  	
-0.1720  	0.07130  	-0.3418  	-0.1591  	0.05246  	-0.2377  	0.17941  	0.20745  	0.13724  	0.17682  	-0.1809  	0.93297  	0.12008  	-0.2044  	-0.8486  	0.10376  	0.51529  	-0.0739  	0.57250  	-0.2589  	0.05091  	0.00021  	-0.3076  	-0.2028  	0.00549  	0.31851  	0.15141  	-0.3526  	-0.0220  	-0.0682  	0.22685  	-0.0527  	-0.0083  	-0.4294  	-0.1502  	-0.0047  	-0.1524  	-0.0268  	-0.3227  	-0.2263  	0.30406  	0.28120  	-0.2017  	0.41337  	-0.0254  	-0.0082  	-0.0628  	0.09526  	0.01784  	-0.1764  	-0.0723  	-0.0169  	-0.0069  	0.02374  	-0.0076  	-0.0020  	-0.0332  	-0.0119  	0.01524  	-0.0059  	-0.0156  	0.01659  	0.00315  	0.02129  	0.03496  	0.11989  	0.09741  	0.00050  	0.03531  	0.56469  	1.08884  	126.320  	105.636  	
-0.3664  	-0.0267  	-0.4359  	-0.2916  	-0.0193  	-0.3141  	0.22515  	0.06698  	0.11342  	0.27414  	-0.1500  	0.90744  	0.04271  	-0.2828  	-1.0306  	0.13000  	0.47076  	0.07465  	0.52475  	-0.0619  	-0.1283  	0.18385  	-0.0940  	-0.2592  	0.06848  	0.25716  	0.09805  	-0.1971  	-0.0246  	-0.0382  	0.15067  	-0.0243  	0.02800  	-0.2950  	-0.1728  	0.07426  	-0.1323  	-0.0185  	-0.2122  	-0.1705  	0.27434  	0.16374  	-0.0914  	0.36937  	0.02241  	-0.0300  	-0.0405  	0.08810  	0.03663  	-0.1645  	-0.0775  	-0.0172  	-0.0128  	0.01096  	-0.0087  	-0.0062  	-0.0266  	0.00176  	0.01185  	-0.0199  	-0.0159  	0.01631  	0.02318  	0.01873  	0.02807  	0.12220  	0.09771  	-0.0001  	0.03638  	0.54852  	1.08884  	126.320  	105.636  	
-0.3188  	-0.0319  	-0.4516  	-0.3082  	-0.0285  	-0.2699  	0.23050  	0.06480  	0.14031  	0.28173  	-0.1623  	0.88033  	0.00620  	-0.1965  	-1.0839  	0.18453  	0.36396  	0.20621  	0.46883  	0.15093  	-0.1701  	0.43145  	0.24193  	-0.2061  	0.07900  	0.13709  	0.11979  	-0.1668  	-0.1371  	-0.0290  	0.02197  	0.03788  	0.14163  	-0.1372  	-0.1025  	0.03842  	0.00177  	-0.0021  	-0.1117  	-0.0846  	0.20932  	0.03376  	0.03152  	0.29781  	0.07565  	-0.0464  	-0.0237  	0.06484  	0.05283  	-0.1524  	-0.0918  	-0.0212  	-0.0186  	-0.0034  	-0.0176  	-0.0097  	-0.0257  	0.00949  	0.01186  	-0.0328  	-0.0207  	0.01433  	0.02925  	0.01309  	0.02252  	0.12508  	0.09692  	-0.0007  	0.03696  	0.54696  	1.08884  	126.320  	105.636  	
-0.1895  	0.01381  	-0.4134  	-0.2318  	0.01358  	-0.2072  	0.26182  	0.12686  	0.15696  	0.25732  	-0.1873  	0.87846  	0.03424  	-0.1179  	-0.9982  	0.18264  	0.36822  	0.20719  	0.45523  	0.17088  	-0.1230  	0.44100  	0.25865  	-0.1646  	0.08173  	0.14461  	0.17363  	-0.2406  	-0.1693  	-0.0459  	0.02108  	0.03150  	0.17488  	-0.1548  	-0.0626  	0.01504  	0.01888  	-0.0179  	-0.1318  	-0.0564  	0.17662  	0.02565  	0.02232  	0.28739  	0.07261  	-0.0483  	-0.0183  	0.06819  	0.04731  	-0.1607  	-0.0903  	-0.0231  	-0.0157  	-0.0099  	-0.0226  	-0.0089  	-0.0343  	0.00605  	0.01009  	-0.0279  	-0.0177  	0.01652  	0.03245  	0.01442  	0.01808  	0.12991  	0.09672  	-0.0010  	0.03709  	0.53174  	1.08884  	126.320  	105.636  	
0.04404  	0.13012  	-0.2168  	-0.0811  	0.05247  	-0.0533  	0.29781  	0.23128  	0.20902  	0.20247  	-0.1606  	0.94350  	0.11527  	0.04896  	-0.8713  	0.26555  	0.34368  	0.20481  	0.45927  	0.16794  	-0.0421  	0.46860  	0.21466  	-0.1979  	0.08780  	0.11851  	0.15007  	-0.3211  	-0.2406  	-0.0439  	0.03748  	0.02020  	0.19685  	-0.1254  	0.00456  	-0.0220  	0.07203  	0.01699  	-0.1167  	-0.0771  	0.15222  	0.02509  	0.02856  	0.26733  	0.05476  	-0.0442  	-0.0285  	0.08435  	0.06035  	-0.1406  	-0.0903  	-0.0199  	-0.0081  	-0.0061  	-0.0167  	0.00081  	-0.0347  	0.00590  	0.00301  	-0.0307  	-0.0231  	0.02753  	0.03163  	0.01289  	0.01490  	0.13682  	0.09657  	-0.0013  	0.03586  	0.54015  	1.08884  	126.320  	105.636  	
0.18885  	0.12804  	-0.1621  	-0.0004  	0.09435  	0.04833  	0.31713  	0.27269  	0.22950  	0.16414  	-0.1521  	0.95232  	0.11888  	0.11088  	-0.8207  	0.29083  	0.34247  	0.14786  	0.44842  	0.14301  	0.06887  	0.47514  	0.20865  	-0.1646  	0.07190  	0.12269  	0.21394  	-0.4018  	-0.2963  	-0.0374  	0.01424  	0.04310  	0.19372  	-0.1325  	0.05542  	-0.0522  	0.11791  	0.03363  	-0.1383  	-0.1026  	0.14233  	0.03036  	0.02069  	0.27340  	0.07808  	-0.0459  	-0.0280  	0.07843  	0.06959  	-0.1371  	-0.0918  	-0.0210  	-0.0086  	-0.0030  	-0.0167  	0.00391  	-0.0361  	0.00452  	0.00481  	-0.0303  	-0.0257  	0.01843  	0.03173  	0.01054  	0.00853  	0.14886  	0.10564  	-0.0023  	0.03371  	0.56046  	1.08884  	126.320  	105.636  	
0.24960  	0.11939  	-0.1393  	0.06064  	0.13243  	0.10700  	0.32633  	0.30428  	0.23744  	0.13886  	-0.2728  	0.94416  	0.16224  	0.17159  	-0.7706  	0.32117  	0.34244  	0.14586  	0.44647  	0.15103  	0.04877  	0.46716  	0.16825  	-0.1591  	0.14626  	0.12430  	0.26165  	-0.3837  	-0.2512  	0.00131  	0.02145  	0.06191  	0.19925  	-0.1388  	0.04264  	-0.0340  	0.08323  	0.02390  	-0.1093  	-0.1015  	0.12483  	0.03809  	0.03564  	0.27987  	0.07797  	-0.0433  	-0.0268  	0.09541  	0.07402  	-0.1428  	-0.0898  	-0.0223  	-0.0082  	-0.0016  	-0.0135  	0.00484  	-0.0376  	0.00549  	0.00877  	-0.0235  	-0.0207  	0.01341  	0.03594  	0.00767  	0.00668  	0.15462  	0.10448  	-0.0036  	0.03254  	0.57458  	1.08884  	126.320  	105.636  	
0.18196  	0.15037  	-0.1997  	0.01208  	0.10450  	0.01415  	0.31908  	0.26393  	0.23904  	0.15595  	-0.2712  	0.93196  	0.16603  	0.15394  	-0.7675  	0.24911  	0.34511  	0.16384  	0.43274  	0.15641  	0.01540  	0.47061  	0.16566  	-0.1763  	0.14132  	0.13794  	0.22319  	-0.3224  	-0.2316  	-0.0075  	0.01345  	0.03641  	0.20549  	-0.1333  	0.03228  	-0.0202  	0.06675  	-0.0008  	-0.0972  	-0.0981  	0.12811  	0.04220  	0.02840  	0.27654  	0.07101  	-0.0459  	-0.0210  	0.08520  	0.06597  	-0.1452  	-0.0832  	-0.0216  	-0.0083  	-0.0054  	-0.0185  	0.00669  	-0.0338  	0.00633  	0.01116  	-0.0256  	-0.0169  	0.01192  	0.03200  	0.00871  	0.00989  	0.15513  	0.09581  	-0.0050  	0.03221  	0.57929  	1.08884  	126.320  	105.636  	
0.18135  	0.13502  	-0.2789  	0.08254  	0.17109  	-0.0321  	0.30943  	0.23391  	0.24452  	0.16691  	-0.3682  	0.90104  	0.17412  	0.20678  	-0.6142  	0.21391  	0.35957  	0.12097  	0.44536  	0.11453  	0.03575  	0.47965  	0.16117  	-0.1220  	0.21609  	0.09951  	0.34508  	-0.4024  	-0.2786  	0.03548  	0.00354  	0.07659  	0.17468  	-0.1383  	0.09042  	-0.0504  	0.13042  	0.00065  	-0.1340  	-0.0863  	0.07615  	0.06668  	0.01726  	0.27034  	0.07093  	-0.0415  	-0.0312  	0.08528  	0.06868  	-0.1572  	-0.0967  	-0.0208  	-0.0151  	-0.0020  	-0.0157  	0.01128  	-0.0385  	-0.0006  	0.01295  	-0.0227  	-0.0175  	0.02040  	0.02578  	0.01218  	0.01593  	0.15192  	0.08140  	-0.0067  	0.03249  	0.58044  	1.08884  	126.320  	105.636  	
0.18389  	0.08907  	-0.3192  	0.29399  	0.30604  	0.06253  	0.27771  	0.23135  	0.22767  	0.14348  	-0.4964  	0.96771  	0.19478  	0.15393  	-0.5415  	0.19778  	0.34309  	0.14697  	0.43225  	0.15104  	-0.0594  	0.49625  	0.13068  	-0.1794  	0.22011  	0.08455  	0.27628  	-0.2640  	-0.1454  	0.07540  	-0.0239  	0.03715  	0.17800  	-0.1250  	0.04759  	-0.0327  	0.01674  	-0.0251  	-0.0781  	-0.0449  	0.08227  	0.05855  	0.00412  	0.28136  	0.08120  	-0.0419  	-0.0317  	0.08426  	0.06855  	-0.1538  	-0.0741  	-0.0231  	-0.0158  	-0.0082  	-0.0201  	0.01185  	-0.0249  	0.00770  	0.01317  	-0.0237  	-0.0250  	0.01154  	0.02937  	0.01671  	0.02648  	0.14376  	0.06332  	-0.0078  	0.03354  	0.57374  	1.08884  	126.320  	105.636  	
0.10370  	0.12751  	-0.3589  	0.10147  	0.22457  	-0.0403  	0.28643  	0.21485  	0.22458  	0.16614  	-0.3627  	0.97381  	0.15107  	0.10301  	-0.6955  	0.16428  	0.35538  	0.18183  	0.44115  	0.14547  	-0.0155  	0.47772  	0.16552  	-0.1390  	0.16297  	0.10391  	0.24686  	-0.2655  	-0.2190  	-0.0137  	-0.0086  	0.02066  	0.18368  	-0.1343  	0.03640  	-0.0338  	0.03372  	-0.0244  	-0.1070  	-0.0276  	0.12635  	0.04912  	0.01740  	0.27743  	0.07255  	-0.0404  	-0.0240  	0.07661  	0.05579  	-0.1510  	-0.0765  	-0.0257  	-0.0164  	-0.0060  	-0.0246  	0.00955  	-0.0225  	0.00907  	0.01786  	-0.0188  	-0.0184  	0.01668  	0.01927  	0.01073  	0.03862  	0.13291  	0.04207  	-0.0086  	0.03490  	0.57088  	1.08884  	126.320  	105.636  	
-0.2609  	-0.0092  	-0.4764  	-0.3164  	-0.0024  	-0.2309  	0.26934  	0.08610  	0.15919  	0.26903  	-0.2012  	0.85899  	0.02581  	-0.1984  	-1.0886  	0.15073  	0.33336  	0.25872  	0.46434  	0.21819  	-0.1464  	0.42502  	0.16691  	-0.1912  	0.13940  	0.12316  	0.14691  	-0.1968  	-0.1286  	-0.0300  	0.02255  	0.02958  	0.14698  	-0.1248  	-0.1068  	0.07079  	-0.0137  	-0.0011  	-0.0850  	-0.0519  	0.18789  	0.02696  	0.02290  	0.29136  	0.07206  	-0.0421  	-0.0261  	0.06879  	0.04862  	-0.1527  	-0.0796  	-0.0256  	-0.0053  	-0.0069  	-0.0183  	-0.0063  	-0.0218  	0.01517  	0.01398  	-0.0198  	-0.0190  	0.01478  	0.02848  	0.01671  	0.05206  	0.12048  	0.02052  	-0.0090  	0.03639  	0.56337  	1.08884  	126.320  	105.636  	
-0.4168  	-0.0678  	-0.5023  	-0.4224  	-0.0523  	-0.3002  	0.29302  	0.00907  	0.13727  	0.31991  	-0.1725  	0.78167  	-0.0002  	-0.3241  	-1.1622  	0.13666  	0.35538  	0.23780  	0.46937  	0.19457  	-0.2508  	0.43127  	0.18285  	-0.2739  	0.18426  	0.14501  	0.13486  	-0.1119  	-0.0618  	-0.0154  	0.02690  	0.02474  	0.12351  	-0.1263  	-0.1693  	0.11641  	-0.0376  	-0.0252  	-0.0665  	-0.0634  	0.23028  	0.03976  	0.03601  	0.29376  	0.07535  	-0.0459  	-0.0296  	0.06547  	0.05149  	-0.1562  	-0.0769  	-0.0172  	-0.0145  	-0.0024  	-0.0129  	-0.0056  	-0.0245  	0.00963  	0.01841  	-0.0208  	-0.0165  	0.01578  	0.02931  	0.02180  	0.06530  	0.10854  	0.00037  	-0.0096  	0.03739  	0.55415  	1.08884  	126.320  	105.636  	
-0.4434  	-0.0481  	-0.5157  	-0.4086  	-0.0297  	-0.3292  	0.29652  	0.02008  	0.12341  	0.31878  	-0.1986  	0.81279  	-0.0097  	-0.3379  	-1.1295  	0.14543  	0.33912  	0.24963  	0.46341  	0.20993  	-0.2847  	0.44646  	0.19018  	-0.2796  	0.17430  	0.14958  	0.13382  	-0.1024  	-0.0418  	-0.0031  	0.02871  	0.01516  	0.12859  	-0.1255  	-0.1861  	0.11500  	-0.0564  	-0.0319  	-0.0661  	-0.0536  	0.22633  	0.04432  	0.03037  	0.29824  	0.07190  	-0.0466  	-0.0231  	0.06505  	0.05449  	-0.1622  	-0.0800  	-0.0176  	-0.0127  	-0.0020  	-0.0151  	-0.0096  	-0.0256  	0.00675  	0.01969  	-0.0190  	-0.0184  	0.01455  	0.02825  	0.02319  	0.07787  	0.09679  	-0.0166  	-0.0097  	0.03825  	0.54687  	1.08884  	126.320  	105.636  	
-0.4204  	-0.0259  	-0.5477  	-0.2039  	0.11269  	-0.3106  	0.26433  	0.05670  	0.11315  	0.29720  	-0.2455  	0.92114  	0.02461  	-0.2321  	-0.9961  	0.12078  	0.33684  	0.24380  	0.44597  	0.22207  	-0.3063  	0.45822  	0.15237  	-0.2561  	0.19411  	0.13054  	0.13402  	-0.0752  	-0.0122  	0.00781  	0.02614  	-0.0011  	0.14673  	-0.1201  	-0.1406  	0.08596  	-0.0967  	-0.0523  	-0.0542  	-0.0450  	0.18085  	0.04121  	0.00310  	0.28563  	0.07541  	-0.0478  	-0.0220  	0.06408  	0.05707  	-0.1642  	-0.0793  	-0.0207  	-0.0124  	-0.0055  	-0.0181  	-0.0077  	-0.0212  	0.00470  	0.01874  	-0.0242  	-0.0159  	0.01663  	0.02951  	0.01939  	0.08778  	0.08785  	-0.0295  	-0.0094  	0.03890  	0.54016  	1.08884  	126.320  	105.636  	
-0.4574  	-0.0286  	-0.5500  	-0.2617  	0.08280  	-0.3468  	0.24560  	0.07212  	0.13317  	0.31190  	-0.2008  	0.92159  	0.02124  	-0.2033  	-1.0392  	0.09300  	0.34488  	0.23361  	0.45731  	0.21627  	-0.2573  	0.45727  	0.16818  	-0.2558  	0.18530  	0.14244  	0.13326  	-0.0871  	-0.0414  	0.00286  	0.02766  	-0.0149  	0.14178  	-0.1235  	-0.1281  	0.07963  	-0.0724  	-0.0519  	-0.0655  	-0.0691  	0.17550  	0.03980  	0.01045  	0.28100  	0.07964  	-0.0455  	-0.0240  	0.06144  	0.05742  	-0.1579  	-0.0829  	-0.0259  	-0.0134  	-0.0050  	-0.0176  	-0.0060  	-0.0198  	0.00558  	0.01663  	-0.0258  	-0.0159  	0.01489  	0.03011  	0.01855  	0.09398  	0.08288  	-0.0363  	-0.0091  	0.03909  	0.53113  	1.08884  	126.320  	105.636  	
-0.4012  	-0.0326  	-0.4968  	-0.2819  	0.02558  	-0.2974  	0.22867  	0.07635  	0.15012  	0.30248  	-0.2283  	0.92938  	0.03863  	-0.2101  	-1.0540  	0.12266  	0.36226  	0.22692  	0.46532  	0.19139  	-0.2495  	0.44934  	0.22972  	-0.2552  	0.13521  	0.14381  	0.10149  	-0.0955  	-0.0556  	-0.0002  	0.03073  	-0.0083  	0.14060  	-0.1120  	-0.1535  	0.07389  	-0.0785  	-0.0418  	-0.0623  	-0.0666  	0.20234  	0.03391  	0.02413  	0.28941  	0.07083  	-0.0448  	-0.0231  	0.07365  	0.05850  	-0.1565  	-0.0860  	-0.0240  	-0.0164  	-0.0023  	-0.0111  	-0.0085  	-0.0231  	0.00963  	0.01447  	-0.0271  	-0.0168  	0.01114  	0.03548  	0.02053  	0.09457  	0.08275  	-0.0360  	-0.0092  	0.03823  	0.54044  	1.08884  	126.320  	105.636  	
-0.3465  	-0.0225  	-0.4601  	-0.2819  	0.03216  	-0.2664  	0.23107  	0.06582  	0.15697  	0.31958  	-0.2838  	0.96739  	0.05918  	-0.2066  	-1.0790  	0.16189  	0.37262  	0.24818  	0.45199  	0.19529  	-0.2802  	0.44481  	0.23791  	-0.2702  	0.09961  	0.16069  	0.03281  	-0.0464  	-0.0120  	-0.0172  	0.04492  	-0.0007  	0.14708  	-0.1053  	-0.2088  	0.06325  	-0.1150  	-0.0396  	-0.0276  	-0.0588  	0.23928  	0.01088  	0.05180  	0.30206  	0.05784  	-0.0502  	-0.0278  	0.08917  	0.06209  	-0.1552  	-0.0910  	-0.0201  	-0.0144  	-0.0097  	-0.0111  	-0.0152  	-0.0277  	0.00963  	0.01243  	-0.0317  	-0.0166  	0.01676  	0.03988  	0.02308  	0.08894  	0.08673  	-0.0267  	-0.0102  	0.03698  	0.54449  	1.08884  	126.320  	105.636  	
-0.3581  	-0.0027  	-0.4646  	-0.3182  	0.01944  	-0.2795  	0.22650  	0.06162  	0.15983  	0.32379  	-0.2498  	0.93168  	0.03492  	-0.2354  	-1.0845  	0.15457  	0.37955  	0.23375  	0.45502  	0.18043  	-0.2539  	0.44156  	0.25536  	-0.2807  	0.07238  	0.16366  	0.03719  	-0.0603  	-0.0432  	-0.0333  	0.03904  	0.00264  	0.15470  	-0.1118  	-0.2012  	0.05073  	-0.0754  	-0.0249  	-0.0512  	-0.0565  	0.23859  	0.01062  	0.05960  	0.30373  	0.05908  	-0.0509  	-0.0232  	0.07989  	0.05662  	-0.1543  	-0.0868  	-0.0204  	-0.0172  	-0.0074  	-0.0160  	-0.0139  	-0.0283  	0.00805  	0.01196  	-0.0267  	-0.0204  	0.02058  	0.03451  	0.02063  	0.08774  	0.08448  	-0.0272  	-0.0109  	0.03674  	0.54749  	1.08884  	126.320  	105.636  	
-0.2128  	0.03137  	-0.4137  	-0.2358  	0.04389  	-0.1857  	0.25251  	0.11250  	0.17921  	0.26813  	-0.2618  	0.92449  	0.04763  	-0.1587  	-1.0266  	0.18131  	0.36476  	0.19501  	0.45258  	0.19054  	-0.1563  	0.45542  	0.24936  	-0.2215  	0.06660  	0.16218  	0.12959  	-0.1966  	-0.1451  	-0.0418  	0.03815  	0.02031  	0.18016  	-0.1308  	-0.1334  	0.02096  	-0.0156  	-0.0070  	-0.0968  	-0.0581  	0.20771  	0.01517  	0.05733  	0.29768  	0.06384  	-0.0528  	-0.0205  	0.06933  	0.04997  	-0.1616  	-0.0948  	-0.0229  	-0.0190  	-0.0088  	-0.0194  	-0.0059  	-0.0364  	0.00503  	0.00818  	-0.0302  	-0.0223  	0.01519  	0.03307  	0.01417  	0.08731  	0.08131  	-0.0280  	-0.0119  	0.03665  	0.54833  	1.08884  	126.320  	105.636  	
-0.2371  	0.02689  	-0.4079  	-0.2236  	0.03106  	-0.1939  	0.24202  	0.11829  	0.18534  	0.25322  	-0.2234  	0.92785  	0.04807  	-0.1492  	-1.0007  	0.18460  	0.36599  	0.19739  	0.44966  	0.19199  	-0.1584  	0.44591  	0.25602  	-0.2267  	0.07912  	0.15946  	0.10993  	-0.1785  	-0.1388  	-0.0466  	0.04436  	0.01575  	0.18397  	-0.1288  	-0.1154  	0.01702  	-0.0190  	-0.0115  	-0.0970  	-0.0701  	0.20334  	0.01473  	0.04761  	0.29129  	0.07045  	-0.0534  	-0.0182  	0.06875  	0.04756  	-0.1595  	-0.0988  	-0.0216  	-0.0133  	-0.0063  	-0.0194  	-0.0065  	-0.0361  	0.00305  	0.00734  	-0.0288  	-0.0192  	0.01690  	0.03288  	0.01749  	0.08680  	0.07818  	-0.0290  	-0.0127  	0.03594  	0.55849  	1.08884  	126.320  	105.636  	
-0.0412  	0.12767  	-0.2508  	-0.1150  	0.03343  	-0.0966  	0.26856  	0.21929  	0.22120  	0.20066  	-0.1977  	0.94280  	0.09710  	-0.0038  	-0.8621  	0.25404  	0.34540  	0.18620  	0.45768  	0.16040  	0.00642  	0.46292  	0.22541  	-0.1873  	0.06628  	0.13312  	0.17775  	-0.2935  	-0.2410  	-0.0451  	0.04220  	0.03076  	0.20906  	-0.1248  	-0.0091  	-0.0371  	0.07982  	0.01289  	-0.1253  	-0.0912  	0.16809  	0.02690  	0.02670  	0.28461  	0.07280  	-0.0486  	-0.0210  	0.06837  	0.05109  	-0.1497  	-0.0941  	-0.0235  	0.00069  	-0.0032  	-0.0174  	0.00294  	-0.0358  	0.00827  	0.00880  	-0.0274  	-0.0102  	0.02803  	0.03044  	0.01936  	0.08688  	0.07387  	-0.0299  	-0.0135  	0.03523  	0.56497  	1.08884  	126.320  	105.636  	
-0.0014  	0.12457  	-0.2720  	-0.0651  	0.06448  	-0.0750  	0.27341  	0.21938  	0.22894  	0.17868  	-0.2156  	0.93639  	0.10042  	0.02410  	-0.8442  	0.23665  	0.33115  	0.19703  	0.45793  	0.16853  	0.00293  	0.44947  	0.18778  	-0.2012  	0.09395  	0.11001  	0.17208  	-0.2721  	-0.2241  	-0.0362  	0.01946  	0.03520  	0.20961  	-0.1286  	0.01276  	-0.0412  	0.06895  	0.00905  	-0.1181  	-0.0818  	0.15751  	0.03067  	0.02220  	0.27124  	0.07190  	-0.0466  	-0.0215  	0.07040  	0.05345  	-0.1449  	-0.0851  	-0.0243  	-0.0059  	-0.0060  	-0.0190  	0.00609  	-0.0296  	0.00892  	0.00950  	-0.0258  	-0.0132  	0.02208  	0.03637  	0.01806  	0.08719  	0.07136  	-0.0312  	-0.0140  	0.03471  	0.57087  	1.08884  	126.320  	105.636  	
0.12604  	0.13547  	-0.2416  	0.04274  	0.10809  	0.01437  	0.30441  	0.27613  	0.23204  	0.14461  	-0.2442  	0.91891  	0.11859  	0.12094  	-0.7285  	0.24802  	0.33524  	0.15602  	0.43501  	0.15558  	0.06637  	0.46867  	0.18590  	-0.1401  	0.11547  	0.11555  	0.23376  	-0.3659  	-0.2826  	-0.0348  	-0.0032  	0.05601  	0.19235  	-0.1323  	0.05950  	-0.0549  	0.10266  	0.02784  	-0.1346  	-0.1080  	0.13403  	0.04126  	0.02065  	0.27155  	0.06995  	-0.0444  	-0.0254  	0.07802  	0.06285  	-0.1408  	-0.0899  	-0.0235  	-0.0094  	-0.0012  	-0.0168  	0.00570  	-0.0306  	0.00832  	0.00902  	-0.0297  	-0.0173  	0.01498  	0.03219  	0.01424  	0.08747  	0.06883  	-0.0323  	-0.0146  	0.03452  	0.56806  	1.08884  	126.320  	105.636  	
0.26756  	0.14146  	-0.1423  	0.09112  	0.10702  	0.13850  	0.33357  	0.33033  	0.23684  	0.08022  	-0.2188  	0.91375  	0.12919  	0.15913  	-0.6557  	0.31586  	0.36269  	0.09882  	0.44377  	0.09810  	0.15751  	0.49131  	0.21583  	-0.0905  	0.15224  	0.10339  	0.34142  	-0.4666  	-0.3473  	-0.0223  	0.00447  	0.07774  	0.17901  	-0.1399  	0.09415  	-0.0679  	0.19706  	0.04047  	-0.1520  	-0.1273  	0.08367  	0.04170  	0.00844  	0.27727  	0.07472  	-0.0446  	-0.0303  	0.08534  	0.07145  	-0.1420  	-0.0878  	-0.0228  	-0.0044  	0.00192  	-0.0177  	0.01521  	-0.0393  	0.00659  	0.00987  	-0.0165  	-0.0169  	0.02344  	0.03780  	0.01470  	0.08748  	0.06775  	-0.0332  	-0.0150  	0.03391  	0.56680  	1.08884  	126.320  	105.636  	
0.26023  	0.13880  	-0.1356  	0.08324  	0.09929  	0.13523  	0.32545  	0.32871  	0.24819  	0.09409  	-0.2125  	0.91548  	0.12764  	0.16414  	-0.6664  	0.31682  	0.36624  	0.08491  	0.44992  	0.09716  	0.16452  	0.49570  	0.22683  	-0.0770  	0.15090  	0.10444  	0.33510  	-0.4831  	-0.3696  	-0.0282  	0.00012  	0.08001  	0.18037  	-0.1378  	0.09393  	-0.0774  	0.20082  	0.04993  	-0.1575  	-0.1255  	0.08342  	0.03735  	0.01565  	0.27845  	0.07394  	-0.0428  	-0.0286  	0.08482  	0.06737  	-0.1418  	-0.0873  	-0.0219  	-0.0062  	0.00242  	-0.0190  	0.01144  	-0.0375  	0.00774  	0.00809  	-0.0180  	-0.0202  	0.01979  	0.03909  	0.01447  	0.08686  	0.06624  	-0.0341  	-0.0155  	0.03312  	0.57346  	1.08884  	126.320  	105.636  	
0.29082  	0.13577  	-0.1114  	0.06444  	0.07799  	0.14759  	0.31911  	0.33936  	0.26978  	0.10138  	-0.2128  	0.90723  	0.13765  	0.18356  	-0.6507  	0.31801  	0.38120  	0.08038  	0.45218  	0.08445  	0.20454  	0.49369  	0.24061  	-0.0614  	0.14353  	0.09827  	0.36153  	-0.5020  	-0.4104  	-0.0171  	-0.0006  	0.08803  	0.17684  	-0.1372  	0.11935  	-0.0956  	0.23202  	0.04791  	-0.1720  	-0.1241  	0.07043  	0.04816  	0.01961  	0.27584  	0.07436  	-0.0471  	-0.0293  	0.08653  	0.07373  	-0.1511  	-0.0883  	-0.0224  	-0.0077  	0.00313  	-0.0156  	0.01665  	-0.0363  	0.00804  	0.00685  	-0.0159  	-0.0189  	0.02176  	0.03745  	0.01934  	0.08462  	0.06619  	-0.0349  	-0.0156  	0.03335  	0.56497  	1.08884  	126.320  	105.636  	
0.28009  	0.15075  	-0.1021  	0.05248  	0.06049  	0.14097  	0.30907  	0.35145  	0.28078  	0.10318  	-0.1976  	0.90928  	0.13702  	0.18823  	-0.6409  	0.32484  	0.37823  	0.07901  	0.46020  	0.08013  	0.23119  	0.48662  	0.25636  	-0.0571  	0.12869  	0.09585  	0.36694  	-0.5107  	-0.4321  	-0.0282  	-0.0071  	0.08946  	0.18314  	-0.1375  	0.12257  	-0.1049  	0.24446  	0.05655  	-0.1782  	-0.1324  	0.07293  	0.04971  	0.02257  	0.27472  	0.07413  	-0.0464  	-0.0294  	0.08553  	0.06923  	-0.1513  	-0.0919  	-0.0227  	-0.0079  	0.00352  	-0.0169  	0.01561  	-0.0364  	0.00957  	0.00546  	-0.0160  	-0.0168  	0.02053  	0.03557  	0.01920  	0.08233  	0.06517  	-0.0355  	-0.0158  	0.03412  	0.55209  	1.08884  	126.320  	105.636  	
0.25396  	0.15685  	-0.1189  	0.02943  	0.04739  	0.11956  	0.29695  	0.35771  	0.28945  	0.09936  	-0.1908  	0.91591  	0.13217  	0.18206  	-0.6384  	0.31892  	0.37919  	0.07865  	0.46136  	0.06804  	0.22322  	0.47900  	0.25700  	-0.0620  	0.11131  	0.09397  	0.36324  	-0.5154  	-0.4418  	-0.0352  	-0.0059  	0.09377  	0.19092  	-0.1382  	0.12712  	-0.1115  	0.24257  	0.06547  	-0.1775  	-0.1390  	0.08304  	0.04587  	0.02361  	0.27074  	0.07036  	-0.0445  	-0.0303  	0.07987  	0.06486  	-0.1504  	-0.0934  	-0.0225  	-0.0070  	0.00549  	-0.0197  	0.01416  	-0.0380  	0.00924  	0.00820  	-0.0151  	-0.0147  	0.01989  	0.03325  	0.01734  	0.07901  	0.06475  	-0.0360  	-0.0161  	0.03445  	0.55399  	1.08884  	126.320  	105.636  	
0.25218  	0.17652  	-0.1304  	0.02463  	0.04488  	0.09921  	0.28955  	0.35969  	0.30016  	0.07725  	-0.1626  	0.94102  	0.12020  	0.18648  	-0.6402  	0.32283  	0.37690  	0.07678  	0.45802  	0.04876  	0.23331  	0.48267  	0.27282  	-0.0548  	0.08317  	0.09515  	0.36490  	-0.5164  	-0.4662  	-0.0360  	-0.0018  	0.09320  	0.19624  	-0.1417  	0.14376  	-0.1258  	0.25997  	0.06803  	-0.1912  	-0.1442  	0.08668  	0.04330  	0.02021  	0.26994  	0.06843  	-0.0441  	-0.0298  	0.07506  	0.06297  	-0.1505  	-0.0970  	-0.0216  	-0.0080  	0.00619  	-0.0196  	0.01394  	-0.0397  	0.00893  	0.00903  	-0.0152  	-0.0152  	0.02308  	0.03167  	0.01581  	0.07624  	0.06375  	-0.0361  	-0.0163  	0.03459  	0.54850  	1.08884  	126.320  	105.636  	
0.25622  	0.17743  	-0.1403  	0.01503  	0.04330  	0.07658  	0.28609  	0.35157  	0.30000  	0.07511  	-0.1592  	0.95433  	0.11515  	0.17676  	-0.6377  	0.31707  	0.37920  	0.07915  	0.45617  	0.04562  	0.22923  	0.48142  	0.28806  	-0.0604  	0.07681  	0.09777  	0.36438  	-0.5103  	-0.4683  	-0.0345  	0.00152  	0.08841  	0.19679  	-0.1429  	0.14639  	-0.1335  	0.26199  	0.06820  	-0.1964  	-0.1477  	0.08487  	0.04393  	0.01916  	0.26956  	0.06731  	-0.0438  	-0.0294  	0.07409  	0.06210  	-0.1504  	-0.0987  	-0.0203  	-0.0094  	0.00562  	-0.0200  	0.01456  	-0.0397  	0.00906  	0.00875  	-0.0171  	-0.0152  	0.02436  	0.03013  	0.01577  	0.07356  	0.06442  	-0.0356  	-0.0163  	0.03509  	0.54315  	1.08884  	126.320  	105.636  	
0.25527  	0.17132  	-0.1427  	0.01846  	0.05460  	0.08115  	0.28704  	0.35031  	0.29625  	0.08149  	-0.1613  	0.95292  	0.11554  	0.17099  	-0.6422  	0.31707  	0.38369  	0.08027  	0.45352  	0.05099  	0.21682  	0.47151  	0.28699  	-0.0599  	0.07676  	0.09705  	0.36379  	-0.5030  	-0.4649  	-0.0331  	-0.0016  	0.08814  	0.19510  	-0.1432  	0.14522  	-0.1307  	0.25537  	0.06853  	-0.1919  	-0.1474  	0.07795  	0.04435  	0.01777  	0.27007  	0.06731  	-0.0426  	-0.0305  	0.07465  	0.06203  	-0.1518  	-0.0971  	-0.0195  	-0.0095  	0.00473  	-0.0193  	0.01396  	-0.0383  	0.00871  	0.00823  	-0.0186  	-0.0155  	0.02332  	0.03054  	0.01656  	0.07239  	0.06417  	-0.0351  	-0.0164  	0.03540  	0.54389  	1.08884  	126.320  	105.636  	
0.25458  	0.17058  	-0.1436  	0.01906  	0.05550  	0.08109  	0.28720  	0.34976  	0.29570  	0.08199  	-0.1610  	0.95245  	0.11485  	0.16946  	-0.6416  	0.31621  	0.38466  	0.08045  	0.45309  	0.05207  	0.21543  	0.47033  	0.28705  	-0.0599  	0.07694  	0.09714  	0.36356  	-0.5017  	-0.4643  	-0.0330  	-0.0020  	0.08803  	0.19462  	-0.1433  	0.14522  	-0.1306  	0.25449  	0.06860  	-0.1918  	-0.1475  	0.07713  	0.04431  	0.01756  	0.27007  	0.06730  	-0.0425  	-0.0305  	0.07453  	0.06185  	-0.1519  	-0.0969  	-0.0194  	-0.0095  	0.00455  	-0.0193  	0.01386  	-0.0381  	0.00870  	0.00817  	-0.0188  	-0.0156  	0.02327  	0.03048  	0.01659  	0.07325  	0.06478  	-0.0346  	-0.0164  	0.03435  	0.55320  	1.08884  	126.320  	105.636  	
0.25452  	0.16991  	-0.1439  	0.01946  	0.05621  	0.08152  	0.28743  	0.34973  	0.29538  	0.08235  	-0.1613  	0.95213  	0.11471  	0.16882  	-0.6414  	0.31601  	0.38527  	0.08056  	0.45291  	0.05259  	0.21473  	0.46968  	0.28715  	-0.0595  	0.07722  	0.09703  	0.36399  	-0.5014  	-0.4641  	-0.0329  	-0.0023  	0.08814  	0.19421  	-0.1434  	0.14521  	-0.1304  	0.25403  	0.06874  	-0.1917  	-0.1475  	0.07651  	0.04436  	0.01749  	0.27010  	0.06725  	-0.0424  	-0.0306  	0.07456  	0.06187  	-0.1521  	-0.0967  	-0.0193  	-0.0096  	0.00445  	-0.0192  	0.01382  	-0.0380  	0.00867  	0.00812  	-0.0190  	-0.0156  	0.02319  	0.03050  	0.01662  	0.07580  	0.06578  	-0.0339  	-0.0169  	0.03319  	0.56469  	1.08884  	126.320  	105.636  	
0.25452  	0.16991  	-0.1439  	0.01946  	0.05621  	0.08152  	0.28743  	0.34973  	0.29538  	0.08235  	-0.1613  	0.95213  	0.11471  	0.16882  	-0.6414  	0.31601  	0.38527  	0.08056  	0.45291  	0.05259  	0.21473  	0.46968  	0.28715  	-0.0595  	0.07722  	0.09703  	0.36399  	-0.5014  	-0.4641  	-0.0329  	-0.0023  	0.08814  	0.19421  	-0.1434  	0.14521  	-0.1304  	0.25403  	0.06874  	-0.1917  	-0.1475  	0.07651  	0.04436  	0.01749  	0.27010  	0.06725  	-0.0424  	-0.0306  	0.07456  	0.06187  	-0.1521  	-0.0967  	-0.0193  	-0.0096  	0.00445  	-0.0192  	0.01382  	-0.0380  	0.00867  	0.00812  	-0.0190  	-0.0156  	0.02319  	0.03050  	0.01662  	0.07903  	0.06920  	-0.0333  	-0.0170  	0.03260  	0.56019  	1.08884  	126.320  	105.636  	
0.25452  	0.16991  	-0.1439  	0.01946  	0.05621  	0.08152  	0.28743  	0.34973  	0.29538  	0.08235  	-0.1613  	0.95213  	0.11471  	0.16882  	-0.6414  	0.31601  	0.38527  	0.08056  	0.45291  	0.05259  	0.21473  	0.46968  	0.28715  	-0.0595  	0.07722  	0.09703  	0.36399  	-0.5014  	-0.4641  	-0.0329  	-0.0023  	0.08814  	0.19421  	-0.1434  	0.14521  	-0.1304  	0.25403  	0.06874  	-0.1917  	-0.1475  	0.07651  	0.04436  	0.01749  	0.27010  	0.06725  	-0.0424  	-0.0306  	0.07456  	0.06187  	-0.1521  	-0.0967  	-0.0193  	-0.0096  	0.00445  	-0.0192  	0.01382  	-0.0380  	0.00867  	0.00812  	-0.0190  	-0.0156  	0.02319  	0.03050  	0.01662  	0.08259  	0.07236  	-0.0325  	-0.0172  	0.03251  	0.54370  	1.08884  	126.320  	105.636  	
0.25452  	0.16991  	-0.1439  	0.01946  	0.05621  	0.08152  	0.28743  	0.34973  	0.29538  	0.08235  	-0.1613  	0.95213  	0.11471  	0.16882  	-0.6414  	0.31601  	0.38527  	0.08056  	0.45291  	0.05259  	0.21473  	0.46968  	0.28715  	-0.0595  	0.07722  	0.09703  	0.36399  	-0.5014  	-0.4641  	-0.0329  	-0.0023  	0.08814  	0.19421  	-0.1434  	0.14521  	-0.1304  	0.25403  	0.06874  	-0.1917  	-0.1475  	0.07651  	0.04436  	0.01749  	0.27010  	0.06725  	-0.0424  	-0.0306  	0.07456  	0.06187  	-0.1521  	-0.0967  	-0.0193  	-0.0096  	0.00445  	-0.0192  	0.01382  	-0.0380  	0.00867  	0.00812  	-0.0190  	-0.0156  	0.02319  	0.03050  	0.01662  	0.08494  	0.07596  	-0.0321  	-0.0171  	0.03213  	0.54250  	1.08884  	126.320  	105.636  	
0.25452  	0.16991  	-0.1439  	0.01946  	0.05621  	0.08152  	0.28743  	0.34973  	0.29538  	0.08235  	-0.1613  	0.95213  	0.11471  	0.16882  	-0.6414  	0.31601  	0.38527  	0.08056  	0.45291  	0.05259  	0.21473  	0.46968  	0.28715  	-0.0595  	0.07722  	0.09703  	0.36399  	-0.5014  	-0.4641  	-0.0329  	-0.0023  	0.08814  	0.19421  	-0.1434  	0.14521  	-0.1304  	0.25403  	0.06874  	-0.1917  	-0.1475  	0.07651  	0.04436  	0.01749  	0.27010  	0.06725  	-0.0424  	-0.0306  	0.07456  	0.06187  	-0.1521  	-0.0967  	-0.0193  	-0.0096  	0.00445  	-0.0192  	0.01382  	-0.0380  	0.00867  	0.00812  	-0.0190  	-0.0156  	0.02319  	0.03050  	0.01662  	0.08344  	0.07903  	-0.0322  	-0.0170  	0.03180  	0.54501  	1.08884  	126.320  	105.636  	
0.25455  	0.16991  	-0.1438  	0.01950  	0.05625  	0.08155  	0.28744  	0.34975  	0.29537  	0.08234  	-0.1614  	0.95215  	0.11472  	0.16886  	-0.6414  	0.31601  	0.38526  	0.08057  	0.45292  	0.05258  	0.21471  	0.46969  	0.28713  	-0.0595  	0.07723  	0.09703  	0.36402  	-0.5014  	-0.4641  	-0.0329  	-0.0023  	0.08814  	0.19421  	-0.1434  	0.14520  	-0.1304  	0.25402  	0.06874  	-0.1916  	-0.1475  	0.07650  	0.04436  	0.01749  	0.27010  	0.06725  	-0.0424  	-0.0306  	0.07457  	0.06188  	-0.1521  	-0.0967  	-0.0193  	-0.0096  	0.00445  	-0.0192  	0.01383  	-0.0380  	0.00867  	0.00812  	-0.0190  	-0.0156  	0.02319  	0.03050  	0.01662  	0.08053  	0.08257  	-0.0318  	-0.0162  	0.03252  	0.54918  	1.08884  	126.320  	105.636  	
0.25448  	0.16990  	-0.1439  	0.01947  	0.05616  	0.08149  	0.28743  	0.34971  	0.29536  	0.08233  	-0.1613  	0.95207  	0.11468  	0.16878  	-0.6414  	0.31598  	0.38529  	0.08059  	0.45290  	0.05260  	0.21470  	0.46966  	0.28711  	-0.0595  	0.07728  	0.09703  	0.36396  	-0.5013  	-0.4640  	-0.0329  	-0.0023  	0.08813  	0.19420  	-0.1434  	0.14520  	-0.1304  	0.25399  	0.06872  	-0.1916  	-0.1475  	0.07649  	0.04435  	0.01748  	0.27009  	0.06724  	-0.0424  	-0.0306  	0.07456  	0.06187  	-0.1521  	-0.0967  	-0.0193  	-0.0096  	0.00445  	-0.0192  	0.01383  	-0.0380  	0.00866  	0.00812  	-0.0190  	-0.0156  	0.02319  	0.03050  	0.01662  	0.07858  	0.08286  	-0.0314  	-0.0153  	0.03382  	0.54530  	1.08884  	126.320  	105.636  	
0.25448  	0.16988  	-0.1439  	0.01950  	0.05621  	0.08156  	0.28741  	0.34972  	0.29536  	0.08228  	-0.1614  	0.95210  	0.11474  	0.16883  	-0.6413  	0.31595  	0.38528  	0.08055  	0.45291  	0.05258  	0.21472  	0.46969  	0.28714  	-0.0595  	0.07721  	0.09703  	0.36397  	-0.5014  	-0.4641  	-0.0329  	-0.0023  	0.08814  	0.19419  	-0.1434  	0.14524  	-0.1304  	0.25403  	0.06873  	-0.1917  	-0.1475  	0.07651  	0.04436  	0.01747  	0.27009  	0.06725  	-0.0424  	-0.0306  	0.07454  	0.06187  	-0.1521  	-0.0967  	-0.0193  	-0.0096  	0.00445  	-0.0192  	0.01383  	-0.0380  	0.00867  	0.00812  	-0.0190  	-0.0156  	0.02320  	0.03049  	0.01662  	0.07762  	0.07984  	-0.0305  	-0.0143  	0.03483  	0.57127  	1.08884  	126.320  	105.636  	
0.25458  	0.16989  	-0.1438  	0.01952  	0.05625  	0.08162  	0.28746  	0.34978  	0.29540  	0.08239  	-0.1614  	0.95214  	0.11477  	0.16886  	-0.6413  	0.31602  	0.38526  	0.08054  	0.45290  	0.05261  	0.21473  	0.46974  	0.28720  	-0.0595  	0.07721  	0.09704  	0.36404  	-0.5014  	-0.4641  	-0.0328  	-0.0023  	0.08814  	0.19420  	-0.1434  	0.14518  	-0.1304  	0.25402  	0.06873  	-0.1916  	-0.1475  	0.07644  	0.04438  	0.01750  	0.27010  	0.06725  	-0.0424  	-0.0306  	0.07456  	0.06187  	-0.1521  	-0.0967  	-0.0193  	-0.0096  	0.00445  	-0.0192  	0.01382  	-0.0380  	0.00867  	0.00812  	-0.0190  	-0.0156  	0.02320  	0.03050  	0.01663  	0.07879  	0.07260  	-0.0297  	-0.0131  	0.03595  	0.58580  	1.08884  	126.320  	105.636  	
0.25450  	0.16990  	-0.1439  	0.01948  	0.05621  	0.08153  	0.28743  	0.34973  	0.29537  	0.08235  	-0.1613  	0.95211  	0.11469  	0.16879  	-0.6414  	0.31599  	0.38525  	0.08056  	0.45290  	0.05260  	0.21472  	0.46969  	0.28713  	-0.0596  	0.07721  	0.09703  	0.36396  	-0.5014  	-0.4641  	-0.0329  	-0.0023  	0.08815  	0.19422  	-0.1434  	0.14520  	-0.1304  	0.25403  	0.06874  	-0.1916  	-0.1476  	0.07653  	0.04435  	0.01749  	0.27010  	0.06724  	-0.0424  	-0.0307  	0.07456  	0.06187  	-0.1521  	-0.0967  	-0.0193  	-0.0096  	0.00445  	-0.0192  	0.01382  	-0.0380  	0.00866  	0.00812  	-0.0190  	-0.0156  	0.02319  	0.03049  	0.01662  	0.08142  	0.06458  	-0.0284  	-0.0117  	0.03691  	0.59751  	1.08884  	126.320  	105.636  	
0.25454  	0.17000  	-0.1438  	0.01941  	0.05605  	0.08149  	0.28739  	0.34979  	0.29546  	0.08229  	-0.1613  	0.95222  	0.11474  	0.16892  	-0.6414  	0.31610  	0.38517  	0.08055  	0.45296  	0.05250  	0.21491  	0.46981  	0.28712  	-0.0596  	0.07717  	0.09705  	0.36392  	-0.5015  	-0.4642  	-0.0329  	-0.0023  	0.08814  	0.19429  	-0.1434  	0.14518  	-0.1304  	0.25415  	0.06873  	-0.1917  	-0.1476  	0.07663  	0.04434  	0.01751  	0.27009  	0.06727  	-0.0424  	-0.0306  	0.07455  	0.06187  	-0.1520  	-0.0968  	-0.0193  	-0.0096  	0.00448  	-0.0192  	0.01383  	-0.0380  	0.00868  	0.00813  	-0.0190  	-0.0156  	0.02321  	0.03050  	0.01662  	0.08449  	0.05568  	-0.0274  	-0.0107  	0.03684  	0.61690  	1.08884  	126.320  	105.636  	
0.25452  	0.16991  	-0.1439  	0.01946  	0.05621  	0.08152  	0.28743  	0.34973  	0.29538  	0.08235  	-0.1613  	0.95213  	0.11471  	0.16882  	-0.6414  	0.31601  	0.38527  	0.08056  	0.45291  	0.05259  	0.21473  	0.46968  	0.28715  	-0.0595  	0.07722  	0.09703  	0.36399  	-0.5014  	-0.4641  	-0.0329  	-0.0023  	0.08814  	0.19421  	-0.1434  	0.14521  	-0.1304  	0.25403  	0.06874  	-0.1917  	-0.1475  	0.07651  	0.04436  	0.01749  	0.27010  	0.06725  	-0.0424  	-0.0306  	0.07456  	0.06187  	-0.1521  	-0.0967  	-0.0193  	-0.0096  	0.00445  	-0.0192  	0.01382  	-0.0380  	0.00867  	0.00812  	-0.0190  	-0.0156  	0.02319  	0.03050  	0.01662  	0.08799  	0.04916  	-0.0258  	-0.0097  	0.03543  	0.62185  	1.08884  	126.320  	105.636  	
0.25452  	0.16991  	-0.1439  	0.01946  	0.05621  	0.08152  	0.28743  	0.34973  	0.29538  	0.08235  	-0.1613  	0.95213  	0.11471  	0.16882  	-0.6414  	0.31601  	0.38527  	0.08056  	0.45291  	0.05259  	0.21473  	0.46968  	0.28715  	-0.0595  	0.07722  	0.09703  	0.36399  	-0.5014  	-0.4641  	-0.0329  	-0.0023  	0.08814  	0.19421  	-0.1434  	0.14521  	-0.1304  	0.25403  	0.06874  	-0.1917  	-0.1475  	0.07651  	0.04436  	0.01749  	0.27010  	0.06725  	-0.0424  	-0.0306  	0.07456  	0.06187  	-0.1521  	-0.0967  	-0.0193  	-0.0096  	0.00445  	-0.0192  	0.01382  	-0.0380  	0.00867  	0.00812  	-0.0190  	-0.0156  	0.02319  	0.03050  	0.01662  	0.09102  	0.04522  	-0.0242  	-0.0095  	0.03335  	0.62713  	1.08884  	126.320  	105.636  	
0.25452  	0.16991  	-0.1439  	0.01946  	0.05621  	0.08152  	0.28743  	0.34973  	0.29538  	0.08235  	-0.1613  	0.95213  	0.11471  	0.16882  	-0.6414  	0.31601  	0.38527  	0.08056  	0.45291  	0.05259  	0.21473  	0.46968  	0.28715  	-0.0595  	0.07722  	0.09703  	0.36399  	-0.5014  	-0.4641  	-0.0329  	-0.0023  	0.08814  	0.19421  	-0.1434  	0.14521  	-0.1304  	0.25403  	0.06874  	-0.1917  	-0.1475  	0.07651  	0.04436  	0.01749  	0.27010  	0.06725  	-0.0424  	-0.0306  	0.07456  	0.06187  	-0.1521  	-0.0967  	-0.0193  	-0.0096  	0.00445  	-0.0192  	0.01382  	-0.0380  	0.00867  	0.00812  	-0.0190  	-0.0156  	0.02319  	0.03050  	0.01662  	0.09237  	0.04614  	-0.0221  	-0.0093  	0.03150  	0.61301  	1.08884  	126.320  	105.636  	
0.25452  	0.16991  	-0.1439  	0.01946  	0.05621  	0.08152  	0.28743  	0.34973  	0.29538  	0.08235  	-0.1613  	0.95213  	0.11471  	0.16882  	-0.6414  	0.31601  	0.38527  	0.08056  	0.45291  	0.05259  	0.21473  	0.46968  	0.28715  	-0.0595  	0.07722  	0.09703  	0.36399  	-0.5014  	-0.4641  	-0.0329  	-0.0023  	0.08814  	0.19421  	-0.1434  	0.14521  	-0.1304  	0.25403  	0.06874  	-0.1917  	-0.1475  	0.07651  	0.04436  	0.01749  	0.27010  	0.06725  	-0.0424  	-0.0306  	0.07456  	0.06187  	-0.1521  	-0.0967  	-0.0193  	-0.0096  	0.00445  	-0.0192  	0.01382  	-0.0380  	0.00867  	0.00812  	-0.0190  	-0.0156  	0.02319  	0.03050  	0.01662  	0.09008  	0.05255  	-0.0203  	-0.0100  	0.02948  	0.60401  	1.08884  	126.320  	105.636  	
0.25452  	0.16991  	-0.1439  	0.01946  	0.05621  	0.08152  	0.28743  	0.34973  	0.29538  	0.08235  	-0.1613  	0.95213  	0.11471  	0.16882  	-0.6414  	0.31601  	0.38527  	0.08056  	0.45291  	0.05259  	0.21473  	0.46968  	0.28715  	-0.0595  	0.07722  	0.09703  	0.36399  	-0.5014  	-0.4641  	-0.0329  	-0.0023  	0.08814  	0.19421  	-0.1434  	0.14521  	-0.1304  	0.25403  	0.06874  	-0.1917  	-0.1475  	0.07651  	0.04436  	0.01749  	0.27010  	0.06725  	-0.0424  	-0.0306  	0.07456  	0.06187  	-0.1521  	-0.0967  	-0.0193  	-0.0096  	0.00445  	-0.0192  	0.01382  	-0.0380  	0.00867  	0.00812  	-0.0190  	-0.0156  	0.02319  	0.03050  	0.01662  	0.08270  	0.06429  	-0.0188  	-0.0101  	0.02745  	0.59678  	1.08884  	126.320  	105.636  	
0.25452  	0.16991  	-0.1439  	0.01946  	0.05621  	0.08152  	0.28743  	0.34973  	0.29538  	0.08235  	-0.1613  	0.95213  	0.11471  	0.16882  	-0.6414  	0.31601  	0.38527  	0.08056  	0.45291  	0.05259  	0.21473  	0.46968  	0.28715  	-0.0595  	0.07722  	0.09703  	0.36399  	-0.5014  	-0.4641  	-0.0329  	-0.0023  	0.08814  	0.19421  	-0.1434  	0.14521  	-0.1304  	0.25403  	0.06874  	-0.1917  	-0.1475  	0.07651  	0.04436  	0.01749  	0.27010  	0.06725  	-0.0424  	-0.0306  	0.07456  	0.06187  	-0.1521  	-0.0967  	-0.0193  	-0.0096  	0.00445  	-0.0192  	0.01382  	-0.0380  	0.00867  	0.00812  	-0.0190  	-0.0156  	0.02319  	0.03050  	0.01662  	0.06996  	0.08014  	-0.0180  	-0.0110  	0.02558  	0.59448  	1.08884  	126.320  	105.636  	
0.25452  	0.16991  	-0.1439  	0.01946  	0.05621  	0.08152  	0.28743  	0.34973  	0.29538  	0.08235  	-0.1613  	0.95213  	0.11471  	0.16882  	-0.6414  	0.31601  	0.38527  	0.08056  	0.45291  	0.05259  	0.21473  	0.46968  	0.28715  	-0.0595  	0.07722  	0.09703  	0.36399  	-0.5014  	-0.4641  	-0.0329  	-0.0023  	0.08814  	0.19421  	-0.1434  	0.14521  	-0.1304  	0.25403  	0.06874  	-0.1917  	-0.1475  	0.07651  	0.04436  	0.01749  	0.27010  	0.06725  	-0.0424  	-0.0306  	0.07456  	0.06187  	-0.1521  	-0.0967  	-0.0193  	-0.0096  	0.00445  	-0.0192  	0.01382  	-0.0380  	0.00867  	0.00812  	-0.0190  	-0.0156  	0.02319  	0.03050  	0.01662  	0.05621  	0.09723  	-0.0173  	-0.0116  	0.02446  	0.61445  	1.08884  	126.320  	105.636  	
0.25452  	0.16991  	-0.1439  	0.01946  	0.05621  	0.08152  	0.28743  	0.34973  	0.29538  	0.08235  	-0.1613  	0.95213  	0.11471  	0.16882  	-0.6414  	0.31601  	0.38527  	0.08056  	0.45291  	0.05259  	0.21473  	0.46968  	0.28715  	-0.0595  	0.07722  	0.09703  	0.36399  	-0.5014  	-0.4641  	-0.0329  	-0.0023  	0.08814  	0.19421  	-0.1434  	0.14521  	-0.1304  	0.25403  	0.06874  	-0.1917  	-0.1475  	0.07651  	0.04436  	0.01749  	0.27010  	0.06725  	-0.0424  	-0.0306  	0.07456  	0.06187  	-0.1521  	-0.0967  	-0.0193  	-0.0096  	0.00445  	-0.0192  	0.01382  	-0.0380  	0.00867  	0.00812  	-0.0190  	-0.0156  	0.02319  	0.03050  	0.01662  	0.04157  	0.11186  	-0.0178  	-0.0125  	0.02398  	0.63233  	1.08884  	126.320  	105.636  	
0.25452  	0.16991  	-0.1439  	0.01946  	0.05621  	0.08152  	0.28743  	0.34973  	0.29538  	0.08235  	-0.1613  	0.95213  	0.11471  	0.16882  	-0.6414  	0.31601  	0.38527  	0.08056  	0.45291  	0.05259  	0.21473  	0.46968  	0.28715  	-0.0595  	0.07722  	0.09703  	0.36399  	-0.5014  	-0.4641  	-0.0329  	-0.0023  	0.08814  	0.19421  	-0.1434  	0.14521  	-0.1304  	0.25403  	0.06874  	-0.1917  	-0.1475  	0.07651  	0.04436  	0.01749  	0.27010  	0.06725  	-0.0424  	-0.0306  	0.07456  	0.06187  	-0.1521  	-0.0967  	-0.0193  	-0.0096  	0.00445  	-0.0192  	0.01382  	-0.0380  	0.00867  	0.00812  	-0.0190  	-0.0156  	0.02319  	0.03050  	0.01662  	0.02818  	0.12196  	-0.0179  	-0.0131  	0.02431  	0.66100  	1.08884  	126.320  	105.636  	
0.25452  	0.16991  	-0.1439  	0.01946  	0.05621  	0.08152  	0.28743  	0.34973  	0.29538  	0.08235  	-0.1613  	0.95213  	0.11471  	0.16882  	-0.6414  	0.31601  	0.38527  	0.08056  	0.45291  	0.05259  	0.21473  	0.46968  	0.28715  	-0.0595  	0.07722  	0.09703  	0.36399  	-0.5014  	-0.4641  	-0.0329  	-0.0023  	0.08814  	0.19421  	-0.1434  	0.14521  	-0.1304  	0.25403  	0.06874  	-0.1917  	-0.1475  	0.07651  	0.04436  	0.01749  	0.27010  	0.06725  	-0.0424  	-0.0306  	0.07456  	0.06187  	-0.1521  	-0.0967  	-0.0193  	-0.0096  	0.00445  	-0.0192  	0.01382  	-0.0380  	0.00867  	0.00812  	-0.0190  	-0.0156  	0.02319  	0.03050  	0.01662  	0.01600  	0.12739  	-0.0198  	-0.0136  	0.02525  	0.67756  	1.08884  	126.320  	105.636  	
0.25452  	0.16991  	-0.1439  	0.01946  	0.05621  	0.08152  	0.28743  	0.34973  	0.29538  	0.08235  	-0.1613  	0.95213  	0.11471  	0.16882  	-0.6414  	0.31601  	0.38527  	0.08056  	0.45291  	0.05259  	0.21473  	0.46968  	0.28715  	-0.0595  	0.07722  	0.09703  	0.36399  	-0.5014  	-0.4641  	-0.0329  	-0.0023  	0.08814  	0.19421  	-0.1434  	0.14521  	-0.1304  	0.25403  	0.06874  	-0.1917  	-0.1475  	0.07651  	0.04436  	0.01749  	0.27010  	0.06725  	-0.0424  	-0.0306  	0.07456  	0.06187  	-0.1521  	-0.0967  	-0.0193  	-0.0096  	0.00445  	-0.0192  	0.01382  	-0.0380  	0.00867  	0.00812  	-0.0190  	-0.0156  	0.02319  	0.03050  	0.01662  	0.00702  	0.12935  	-0.0216  	-0.0131  	0.02604  	0.68792  	1.08884  	126.320  	105.636  	
0.25452  	0.16991  	-0.1439  	0.01946  	0.05621  	0.08152  	0.28743  	0.34973  	0.29538  	0.08235  	-0.1613  	0.95213  	0.11471  	0.16882  	-0.6414  	0.31601  	0.38527  	0.08056  	0.45291  	0.05259  	0.21473  	0.46968  	0.28715  	-0.0595  	0.07722  	0.09703  	0.36399  	-0.5014  	-0.4641  	-0.0329  	-0.0023  	0.08814  	0.19421  	-0.1434  	0.14521  	-0.1304  	0.25403  	0.06874  	-0.1917  	-0.1475  	0.07651  	0.04436  	0.01749  	0.27010  	0.06725  	-0.0424  	-0.0306  	0.07456  	0.06187  	-0.1521  	-0.0967  	-0.0193  	-0.0096  	0.00445  	-0.0192  	0.01382  	-0.0380  	0.00867  	0.00812  	-0.0190  	-0.0156  	0.02319  	0.03050  	0.01662  	-0.0008  	0.13049  	-0.0246  	-0.0128  	0.02667  	0.68100  	1.08884  	126.320  	105.636  	
0.25452  	0.16991  	-0.1439  	0.01946  	0.05621  	0.08152  	0.28743  	0.34973  	0.29538  	0.08235  	-0.1613  	0.95213  	0.11471  	0.16882  	-0.6414  	0.31601  	0.38527  	0.08056  	0.45291  	0.05259  	0.21473  	0.46968  	0.28715  	-0.0595  	0.07722  	0.09703  	0.36399  	-0.5014  	-0.4641  	-0.0329  	-0.0023  	0.08814  	0.19421  	-0.1434  	0.14521  	-0.1304  	0.25403  	0.06874  	-0.1917  	-0.1475  	0.07651  	0.04436  	0.01749  	0.27010  	0.06725  	-0.0424  	-0.0306  	0.07456  	0.06187  	-0.1521  	-0.0967  	-0.0193  	-0.0096  	0.00445  	-0.0192  	0.01382  	-0.0380  	0.00867  	0.00812  	-0.0190  	-0.0156  	0.02319  	0.03050  	0.01662  	-0.0052  	0.13166  	-0.0267  	-0.0119  	0.02719  	0.65728  	1.08884  	126.320  	105.636  	
0.25452  	0.16991  	-0.1439  	0.01946  	0.05621  	0.08152  	0.28743  	0.34973  	0.29538  	0.08235  	-0.1613  	0.95213  	0.11471  	0.16882  	-0.6414  	0.31601  	0.38527  	0.08056  	0.45291  	0.05259  	0.21473  	0.46968  	0.28715  	-0.0595  	0.07722  	0.09703  	0.36399  	-0.5014  	-0.4641  	-0.0329  	-0.0023  	0.08814  	0.19421  	-0.1434  	0.14521  	-0.1304  	0.25403  	0.06874  	-0.1917  	-0.1475  	0.07651  	0.04436  	0.01749  	0.27010  	0.06725  	-0.0424  	-0.0306  	0.07456  	0.06187  	-0.1521  	-0.0967  	-0.0193  	-0.0096  	0.00445  	-0.0192  	0.01382  	-0.0380  	0.00867  	0.00812  	-0.0190  	-0.0156  	0.02319  	0.03050  	0.01662  	-0.0060  	0.13258  	-0.0305  	-0.0112  	0.02636  	0.64403  	1.08884  	126.320  	105.636  	
0.25452  	0.16991  	-0.1439  	0.01946  	0.05621  	0.08152  	0.28743  	0.34973  	0.29538  	0.08235  	-0.1613  	0.95213  	0.11471  	0.16882  	-0.6414  	0.31601  	0.38527  	0.08056  	0.45291  	0.05259  	0.21473  	0.46968  	0.28715  	-0.0595  	0.07722  	0.09703  	0.36399  	-0.5014  	-0.4641  	-0.0329  	-0.0023  	0.08814  	0.19421  	-0.1434  	0.14521  	-0.1304  	0.25403  	0.06874  	-0.1917  	-0.1475  	0.07651  	0.04436  	0.01749  	0.27010  	0.06725  	-0.0424  	-0.0306  	0.07456  	0.06187  	-0.1521  	-0.0967  	-0.0193  	-0.0096  	0.00445  	-0.0192  	0.01382  	-0.0380  	0.00867  	0.00812  	-0.0190  	-0.0156  	0.02319  	0.03050  	0.01662  	-0.0042  	0.13393  	-0.0342  	-0.0104  	0.02503  	0.64548  	1.08884  	126.320  	105.636  	
0.25452  	0.16991  	-0.1439  	0.01946  	0.05621  	0.08152  	0.28743  	0.34973  	0.29538  	0.08235  	-0.1613  	0.95213  	0.11471  	0.16882  	-0.6414  	0.31601  	0.38527  	0.08056  	0.45291  	0.05259  	0.21473  	0.46968  	0.28715  	-0.0595  	0.07722  	0.09703  	0.36399  	-0.5014  	-0.4641  	-0.0329  	-0.0023  	0.08814  	0.19421  	-0.1434  	0.14521  	-0.1304  	0.25403  	0.06874  	-0.1917  	-0.1475  	0.07651  	0.04436  	0.01749  	0.27010  	0.06725  	-0.0424  	-0.0306  	0.07456  	0.06187  	-0.1521  	-0.0967  	-0.0193  	-0.0096  	0.00445  	-0.0192  	0.01382  	-0.0380  	0.00867  	0.00812  	-0.0190  	-0.0156  	0.02319  	0.03050  	0.01662  	-0.0037  	0.13803  	-0.0391  	-0.0104  	0.02335  	0.64355  	1.08884  	126.320  	105.636  	
0.25452  	0.16991  	-0.1439  	0.01946  	0.05621  	0.08152  	0.28743  	0.34973  	0.29538  	0.08235  	-0.1613  	0.95213  	0.11471  	0.16882  	-0.6414  	0.31601  	0.38527  	0.08056  	0.45291  	0.05259  	0.21473  	0.46968  	0.28715  	-0.0595  	0.07722  	0.09703  	0.36399  	-0.5014  	-0.4641  	-0.0329  	-0.0023  	0.08814  	0.19421  	-0.1434  	0.14521  	-0.1304  	0.25403  	0.06874  	-0.1917  	-0.1475  	0.07651  	0.04436  	0.01749  	0.27010  	0.06725  	-0.0424  	-0.0306  	0.07456  	0.06187  	-0.1521  	-0.0967  	-0.0193  	-0.0096  	0.00445  	-0.0192  	0.01382  	-0.0380  	0.00867  	0.00812  	-0.0190  	-0.0156  	0.02319  	0.03050  	0.01662  	-0.0034  	0.14310  	-0.0426  	-0.0096  	0.02240  	0.61234  	1.08884  	126.320  	105.636  	
0.25738  	0.18578  	-0.1031  	0.04098  	0.06425  	0.05364  	0.25280  	0.41004  	0.27446  	0.05583  	-0.1450  	0.96986  	0.16375  	0.11649  	-0.5809  	0.25507  	0.47883  	-0.0871  	0.52564  	-0.2132  	0.28717  	0.24037  	0.03228  	-0.0569  	0.00809  	0.19891  	0.36069  	-0.5955  	-0.3832  	-0.0533  	0.11553  	0.03884  	0.09897  	-0.3086  	0.07987  	-0.1590  	0.16609  	0.06685  	-0.3088  	-0.2322  	0.15230  	0.17679  	-0.1007  	0.34959  	0.00778  	-0.0219  	-0.0547  	0.09355  	0.04619  	-0.1641  	-0.0905  	-0.0144  	-0.0083  	0.02129  	-0.0130  	0.01240  	-0.0405  	-0.0027  	0.00876  	-0.0102  	-0.0109  	0.01997  	0.01413  	0.01715  	-0.0049  	0.14971  	-0.0477  	-0.0096  	0.02106  	0.60531  	1.08884  	126.320  	105.636  	
0.25967  	0.19848  	-0.0706  	0.05819  	0.07069  	0.03133  	0.22510  	0.45829  	0.25772  	0.03462  	-0.1320  	0.98405  	0.20299  	0.07464  	-0.5325  	0.20632  	0.55368  	-0.2214  	0.58383  	-0.4260  	0.34512  	0.05691  	-0.1716  	-0.0549  	-0.0472  	0.28042  	0.35805  	-0.6708  	-0.3185  	-0.0697  	0.20986  	-0.0005  	0.02277  	-0.4408  	0.02760  	-0.1818  	0.09574  	0.06533  	-0.4026  	-0.2999  	0.21294  	0.28273  	-0.1953  	0.41318  	-0.0397  	-0.0054  	-0.0740  	0.10873  	0.03364  	-0.1737  	-0.0855  	-0.0105  	-0.0072  	0.03477  	-0.0079  	0.01127  	-0.0426  	-0.0118  	0.00926  	-0.0032  	-0.0071  	0.01738  	0.00104  	0.01757  	-0.0076  	0.15546  	-0.0523  	-0.0094  	0.02035  	0.60247  	1.08884  	126.320  	105.636  	
0.26024  	0.20165  	-0.0624  	0.06249  	0.07230  	0.02575  	0.21817  	0.47035  	0.25353  	0.02932  	-0.1288  	0.98760  	0.21280  	0.06417  	-0.5204  	0.19413  	0.57240  	-0.2549  	0.59837  	-0.4791  	0.35960  	0.01105  	-0.2225  	-0.0543  	-0.0610  	0.30080  	0.35739  	-0.6896  	-0.3023  	-0.0738  	0.23344  	-0.0104  	0.00372  	-0.4738  	0.01453  	-0.1875  	0.07815  	0.06495  	-0.4260  	-0.3169  	0.22810  	0.30922  	-0.2189  	0.42908  	-0.0516  	-0.0013  	-0.0788  	0.11253  	0.03051  	-0.1761  	-0.0843  	-0.0095  	-0.0070  	0.03813  	-0.0067  	0.01098  	-0.0431  	-0.0141  	0.00939  	-0.0014  	-0.0062  	0.01674  	-0.0022  	0.01768  	-0.0135  	0.16159  	-0.0583  	-0.0098  	0.02035  	0.60326  	1.08884  	126.320  	105.636  	
0.25967  	0.19848  	-0.0706  	0.05819  	0.07069  	0.03133  	0.22510  	0.45829  	0.25772  	0.03462  	-0.1320  	0.98405  	0.20299  	0.07464  	-0.5325  	0.20632  	0.55368  	-0.2214  	0.58383  	-0.4260  	0.34512  	0.05691  	-0.1716  	-0.0549  	-0.0472  	0.28042  	0.35805  	-0.6708  	-0.3185  	-0.0697  	0.20986  	-0.0005  	0.02277  	-0.4408  	0.02760  	-0.1818  	0.09574  	0.06533  	-0.4026  	-0.2999  	0.21294  	0.28273  	-0.1953  	0.41318  	-0.0397  	-0.0054  	-0.0740  	0.10873  	0.03364  	-0.1737  	-0.0855  	-0.0105  	-0.0072  	0.03477  	-0.0079  	0.01127  	-0.0426  	-0.0118  	0.00926  	-0.0032  	-0.0071  	0.01738  	0.00104  	0.01757  	-0.0204  	0.16670  	-0.0638  	-0.0098  	0.02104  	0.59487  	1.08884  	126.320  	105.636  	
0.25738  	0.18578  	-0.1031  	0.04098  	0.06425  	0.05364  	0.25280  	0.41004  	0.27446  	0.05583  	-0.1450  	0.96986  	0.16375  	0.11649  	-0.5809  	0.25507  	0.47883  	-0.0871  	0.52564  	-0.2132  	0.28717  	0.24037  	0.03228  	-0.0569  	0.00809  	0.19891  	0.36069  	-0.5955  	-0.3832  	-0.0533  	0.11553  	0.03884  	0.09897  	-0.3086  	0.07987  	-0.1590  	0.16609  	0.06685  	-0.3088  	-0.2322  	0.15230  	0.17679  	-0.1007  	0.34959  	0.00778  	-0.0219  	-0.0547  	0.09355  	0.04619  	-0.1641  	-0.0905  	-0.0144  	-0.0083  	0.02129  	-0.0130  	0.01240  	-0.0405  	-0.0027  	0.00876  	-0.0102  	-0.0109  	0.01997  	0.01413  	0.01715  	-0.0292  	0.17161  	-0.0708  	-0.0100  	0.02194  	0.59768  	1.08884  	126.320  	105.636  	
0.25452  	0.16991  	-0.1439  	0.01946  	0.05621  	0.08152  	0.28743  	0.34973  	0.29538  	0.08235  	-0.1613  	0.95213  	0.11471  	0.16882  	-0.6414  	0.31601  	0.38527  	0.08056  	0.45291  	0.05259  	0.21473  	0.46968  	0.28715  	-0.0595  	0.07722  	0.09703  	0.36399  	-0.5014  	-0.4641  	-0.0329  	-0.0023  	0.08814  	0.19421  	-0.1434  	0.14521  	-0.1304  	0.25403  	0.06874  	-0.1917  	-0.1475  	0.07651  	0.04436  	0.01749  	0.27010  	0.06725  	-0.0424  	-0.0306  	0.07456  	0.06187  	-0.1521  	-0.0967  	-0.0193  	-0.0096  	0.00445  	-0.0192  	0.01382  	-0.0380  	0.00867  	0.00812  	-0.0190  	-0.0156  	0.02319  	0.03050  	0.01662  	-0.0378  	0.17446  	-0.0772  	-0.0098  	0.02336  	0.60313  	1.08884  	126.320  	105.636  	
0.25452  	0.16991  	-0.1439  	0.01946  	0.05621  	0.08152  	0.28743  	0.34973  	0.29538  	0.08235  	-0.1613  	0.95213  	0.11471  	0.16882  	-0.6414  	0.31601  	0.38527  	0.08056  	0.45291  	0.05259  	0.21473  	0.46968  	0.28715  	-0.0595  	0.07722  	0.09703  	0.36399  	-0.5014  	-0.4641  	-0.0329  	-0.0023  	0.08814  	0.19421  	-0.1434  	0.14521  	-0.1304  	0.25403  	0.06874  	-0.1917  	-0.1475  	0.07651  	0.04436  	0.01749  	0.27010  	0.06725  	-0.0424  	-0.0306  	0.07456  	0.06187  	-0.1521  	-0.0967  	-0.0193  	-0.0096  	0.00445  	-0.0192  	0.01382  	-0.0380  	0.00867  	0.00812  	-0.0190  	-0.0156  	0.02319  	0.03050  	0.01662  	-0.0476  	0.17697  	-0.0838  	-0.0095  	0.02499  	0.59135  	1.08884  	126.320  	105.636  	
0.25452  	0.16991  	-0.1439  	0.01946  	0.05621  	0.08152  	0.28743  	0.34973  	0.29538  	0.08235  	-0.1613  	0.95213  	0.11471  	0.16882  	-0.6414  	0.31601  	0.38527  	0.08056  	0.45291  	0.05259  	0.21473  	0.46968  	0.28715  	-0.0595  	0.07722  	0.09703  	0.36399  	-0.5014  	-0.4641  	-0.0329  	-0.0023  	0.08814  	0.19421  	-0.1434  	0.14521  	-0.1304  	0.25403  	0.06874  	-0.1917  	-0.1475  	0.07651  	0.04436  	0.01749  	0.27010  	0.06725  	-0.0424  	-0.0306  	0.07456  	0.06187  	-0.1521  	-0.0967  	-0.0193  	-0.0096  	0.00445  	-0.0192  	0.01382  	-0.0380  	0.00867  	0.00812  	-0.0190  	-0.0156  	0.02319  	0.03050  	0.01662  	-0.0560  	0.17691  	-0.0890  	-0.0080  	0.02622  	0.59576  	1.08884  	126.320  	105.636  	
0.25452  	0.16991  	-0.1439  	0.01946  	0.05621  	0.08152  	0.28743  	0.34973  	0.29538  	0.08235  	-0.1613  	0.95213  	0.11471  	0.16882  	-0.6414  	0.31601  	0.38527  	0.08056  	0.45291  	0.05259  	0.21473  	0.46968  	0.28715  	-0.0595  	0.07722  	0.09703  	0.36399  	-0.5014  	-0.4641  	-0.0329  	-0.0023  	0.08814  	0.19421  	-0.1434  	0.14521  	-0.1304  	0.25403  	0.06874  	-0.1917  	-0.1475  	0.07651  	0.04436  	0.01749  	0.27010  	0.06725  	-0.0424  	-0.0306  	0.07456  	0.06187  	-0.1521  	-0.0967  	-0.0193  	-0.0096  	0.00445  	-0.0192  	0.01382  	-0.0380  	0.00867  	0.00812  	-0.0190  	-0.0156  	0.02319  	0.03050  	0.01662  	-0.0791  	0.17736  	-0.0985  	-0.0074  	0.02823  	0.61266  	1.08884  	126.320  	105.636  	
0.25452  	0.16991  	-0.1439  	0.01946  	0.05621  	0.08152  	0.28743  	0.34973  	0.29538  	0.08235  	-0.1613  	0.95213  	0.11471  	0.16882  	-0.6414  	0.31601  	0.38527  	0.08056  	0.45291  	0.05259  	0.21473  	0.46968  	0.28715  	-0.0595  	0.07722  	0.09703  	0.36399  	-0.5014  	-0.4641  	-0.0329  	-0.0023  	0.08814  	0.19421  	-0.1434  	0.14521  	-0.1304  	0.25403  	0.06874  	-0.1917  	-0.1475  	0.07651  	0.04436  	0.01749  	0.27010  	0.06725  	-0.0424  	-0.0306  	0.07456  	0.06187  	-0.1521  	-0.0967  	-0.0193  	-0.0096  	0.00445  	-0.0192  	0.01382  	-0.0380  	0.00867  	0.00812  	-0.0190  	-0.0156  	0.02319  	0.03050  	0.01662  	-0.0865  	0.17022  	-0.1021  	-0.0073  	0.02961  	0.63649  	1.08884  	126.320  	105.636  	
0.25452  	0.16991  	-0.1439  	0.01946  	0.05621  	0.08152  	0.28743  	0.34973  	0.29538  	0.08235  	-0.1613  	0.95213  	0.11471  	0.16882  	-0.6414  	0.31601  	0.38527  	0.08056  	0.45291  	0.05259  	0.21473  	0.46968  	0.28715  	-0.0595  	0.07722  	0.09703  	0.36399  	-0.5014  	-0.4641  	-0.0329  	-0.0023  	0.08814  	0.19421  	-0.1434  	0.14521  	-0.1304  	0.25403  	0.06874  	-0.1917  	-0.1475  	0.07651  	0.04436  	0.01749  	0.27010  	0.06725  	-0.0424  	-0.0306  	0.07456  	0.06187  	-0.1521  	-0.0967  	-0.0193  	-0.0096  	0.00445  	-0.0192  	0.01382  	-0.0380  	0.00867  	0.00812  	-0.0190  	-0.0156  	0.02319  	0.03050  	0.01662  	-0.0813  	0.15843  	-0.1010  	-0.0075  	0.03074  	0.63118  	1.08884  	126.320  	105.636  	
0.25452  	0.16991  	-0.1439  	0.01946  	0.05621  	0.08152  	0.28743  	0.34973  	0.29538  	0.08235  	-0.1613  	0.95213  	0.11471  	0.16882  	-0.6414  	0.31601  	0.38527  	0.08056  	0.45291  	0.05259  	0.21473  	0.46968  	0.28715  	-0.0595  	0.07722  	0.09703  	0.36399  	-0.5014  	-0.4641  	-0.0329  	-0.0023  	0.08814  	0.19421  	-0.1434  	0.14521  	-0.1304  	0.25403  	0.06874  	-0.1917  	-0.1475  	0.07651  	0.04436  	0.01749  	0.27010  	0.06725  	-0.0424  	-0.0306  	0.07456  	0.06187  	-0.1521  	-0.0967  	-0.0193  	-0.0096  	0.00445  	-0.0192  	0.01382  	-0.0380  	0.00867  	0.00812  	-0.0190  	-0.0156  	0.02319  	0.03050  	0.01662  	-0.0658  	0.14344  	-0.0945  	-0.0075  	0.03169  	0.61773  	1.08884  	126.320  	105.636  	
0.25452  	0.16991  	-0.1439  	0.01946  	0.05621  	0.08152  	0.28743  	0.34973  	0.29538  	0.08235  	-0.1613  	0.95213  	0.11471  	0.16882  	-0.6414  	0.31601  	0.38527  	0.08056  	0.45291  	0.05259  	0.21473  	0.46968  	0.28715  	-0.0595  	0.07722  	0.09703  	0.36399  	-0.5014  	-0.4641  	-0.0329  	-0.0023  	0.08814  	0.19421  	-0.1434  	0.14521  	-0.1304  	0.25403  	0.06874  	-0.1917  	-0.1475  	0.07651  	0.04436  	0.01749  	0.27010  	0.06725  	-0.0424  	-0.0306  	0.07456  	0.06187  	-0.1521  	-0.0967  	-0.0193  	-0.0096  	0.00445  	-0.0192  	0.01382  	-0.0380  	0.00867  	0.00812  	-0.0190  	-0.0156  	0.02319  	0.03050  	0.01662  	-0.0425  	0.12688  	-0.0862  	-0.0080  	0.03169  	0.61971  	1.08884  	126.320  	105.636  	
0.25452  	0.16991  	-0.1439  	0.01946  	0.05621  	0.08152  	0.28743  	0.34973  	0.29538  	0.08235  	-0.1613  	0.95213  	0.11471  	0.16882  	-0.6414  	0.31601  	0.38527  	0.08056  	0.45291  	0.05259  	0.21473  	0.46968  	0.28715  	-0.0595  	0.07722  	0.09703  	0.36399  	-0.5014  	-0.4641  	-0.0329  	-0.0023  	0.08814  	0.19421  	-0.1434  	0.14521  	-0.1304  	0.25403  	0.06874  	-0.1917  	-0.1475  	0.07651  	0.04436  	0.01749  	0.27010  	0.06725  	-0.0424  	-0.0306  	0.07456  	0.06187  	-0.1521  	-0.0967  	-0.0193  	-0.0096  	0.00445  	-0.0192  	0.01382  	-0.0380  	0.00867  	0.00812  	-0.0190  	-0.0156  	0.02319  	0.03050  	0.01662  	-0.0135  	0.10991  	-0.0755  	-0.0087  	0.03114  	0.62179  	1.08884  	126.320  	105.636  	
0.25452  	0.16991  	-0.1439  	0.01946  	0.05621  	0.08152  	0.28743  	0.34973  	0.29538  	0.08235  	-0.1613  	0.95213  	0.11471  	0.16882  	-0.6414  	0.31601  	0.38527  	0.08056  	0.45291  	0.05259  	0.21473  	0.46968  	0.28715  	-0.0595  	0.07722  	0.09703  	0.36399  	-0.5014  	-0.4641  	-0.0329  	-0.0023  	0.08814  	0.19421  	-0.1434  	0.14521  	-0.1304  	0.25403  	0.06874  	-0.1917  	-0.1475  	0.07651  	0.04436  	0.01749  	0.27010  	0.06725  	-0.0424  	-0.0306  	0.07456  	0.06187  	-0.1521  	-0.0967  	-0.0193  	-0.0096  	0.00445  	-0.0192  	0.01382  	-0.0380  	0.00867  	0.00812  	-0.0190  	-0.0156  	0.02319  	0.03050  	0.01662  	0.01746  	0.09528  	-0.0650  	-0.0100  	0.03001  	0.63340  	1.08884  	126.320  	105.636  	
0.25452  	0.16991  	-0.1439  	0.01946  	0.05621  	0.08152  	0.28743  	0.34973  	0.29538  	0.08235  	-0.1613  	0.95213  	0.11471  	0.16882  	-0.6414  	0.31601  	0.38527  	0.08056  	0.45291  	0.05259  	0.21473  	0.46968  	0.28715  	-0.0595  	0.07722  	0.09703  	0.36399  	-0.5014  	-0.4641  	-0.0329  	-0.0023  	0.08814  	0.19421  	-0.1434  	0.14521  	-0.1304  	0.25403  	0.06874  	-0.1917  	-0.1475  	0.07651  	0.04436  	0.01749  	0.27010  	0.06725  	-0.0424  	-0.0306  	0.07456  	0.06187  	-0.1521  	-0.0967  	-0.0193  	-0.0096  	0.00445  	-0.0192  	0.01382  	-0.0380  	0.00867  	0.00812  	-0.0190  	-0.0156  	0.02319  	0.03050  	0.01662  	0.04907  	0.08397  	-0.0546  	-0.0110  	0.02846  	0.63542  	1.08884  	126.320  	105.636  	
0.25452  	0.16991  	-0.1439  	0.01946  	0.05621  	0.08152  	0.28743  	0.34973  	0.29538  	0.08235  	-0.1613  	0.95213  	0.11471  	0.16882  	-0.6414  	0.31601  	0.38527  	0.08056  	0.45291  	0.05259  	0.21473  	0.46968  	0.28715  	-0.0595  	0.07722  	0.09703  	0.36399  	-0.5014  	-0.4641  	-0.0329  	-0.0023  	0.08814  	0.19421  	-0.1434  	0.14521  	-0.1304  	0.25403  	0.06874  	-0.1917  	-0.1475  	0.07651  	0.04436  	0.01749  	0.27010  	0.06725  	-0.0424  	-0.0306  	0.07456  	0.06187  	-0.1521  	-0.0967  	-0.0193  	-0.0096  	0.00445  	-0.0192  	0.01382  	-0.0380  	0.00867  	0.00812  	-0.0190  	-0.0156  	0.02319  	0.03050  	0.01662  	0.07754  	0.07644  	-0.0461  	-0.0123  	0.02693  	0.64538  	1.08884  	126.320  	105.636  	
0.25452  	0.16991  	-0.1439  	0.01946  	0.05621  	0.08152  	0.28743  	0.34973  	0.29538  	0.08235  	-0.1613  	0.95213  	0.11471  	0.16882  	-0.6414  	0.31601  	0.38527  	0.08056  	0.45291  	0.05259  	0.21473  	0.46968  	0.28715  	-0.0595  	0.07722  	0.09703  	0.36399  	-0.5014  	-0.4641  	-0.0329  	-0.0023  	0.08814  	0.19421  	-0.1434  	0.14521  	-0.1304  	0.25403  	0.06874  	-0.1917  	-0.1475  	0.07651  	0.04436  	0.01749  	0.27010  	0.06725  	-0.0424  	-0.0306  	0.07456  	0.06187  	-0.1521  	-0.0967  	-0.0193  	-0.0096  	0.00445  	-0.0192  	0.01382  	-0.0380  	0.00867  	0.00812  	-0.0190  	-0.0156  	0.02319  	0.03050  	0.01662  	0.10029  	0.07193  	-0.0395  	-0.0133  	0.02526  	0.65367  	1.08884  	126.320  	105.636  	
0.25452  	0.16991  	-0.1439  	0.01946  	0.05621  	0.08152  	0.28743  	0.34973  	0.29538  	0.08235  	-0.1613  	0.95213  	0.11471  	0.16882  	-0.6414  	0.31601  	0.38527  	0.08056  	0.45291  	0.05259  	0.21473  	0.46968  	0.28715  	-0.0595  	0.07722  	0.09703  	0.36399  	-0.5014  	-0.4641  	-0.0329  	-0.0023  	0.08814  	0.19421  	-0.1434  	0.14521  	-0.1304  	0.25403  	0.06874  	-0.1917  	-0.1475  	0.07651  	0.04436  	0.01749  	0.27010  	0.06725  	-0.0424  	-0.0306  	0.07456  	0.06187  	-0.1521  	-0.0967  	-0.0193  	-0.0096  	0.00445  	-0.0192  	0.01382  	-0.0380  	0.00867  	0.00812  	-0.0190  	-0.0156  	0.02319  	0.03050  	0.01662  	0.11396  	0.07072  	-0.0361  	-0.0137  	0.02332  	0.65613  	1.08884  	126.320  	105.636  	
0.25452  	0.16991  	-0.1439  	0.01946  	0.05621  	0.08152  	0.28743  	0.34973  	0.29538  	0.08235  	-0.1613  	0.95213  	0.11471  	0.16882  	-0.6414  	0.31601  	0.38527  	0.08056  	0.45291  	0.05259  	0.21473  	0.46968  	0.28715  	-0.0595  	0.07722  	0.09703  	0.36399  	-0.5014  	-0.4641  	-0.0329  	-0.0023  	0.08814  	0.19421  	-0.1434  	0.14521  	-0.1304  	0.25403  	0.06874  	-0.1917  	-0.1475  	0.07651  	0.04436  	0.01749  	0.27010  	0.06725  	-0.0424  	-0.0306  	0.07456  	0.06187  	-0.1521  	-0.0967  	-0.0193  	-0.0096  	0.00445  	-0.0192  	0.01382  	-0.0380  	0.00867  	0.00812  	-0.0190  	-0.0156  	0.02319  	0.03050  	0.01662  	0.11379  	0.07291  	-0.0358  	-0.0134  	0.02246  	0.66268  	1.08884  	126.320  	105.636  	
0.25452  	0.16991  	-0.1439  	0.01946  	0.05621  	0.08152  	0.28743  	0.34973  	0.29538  	0.08235  	-0.1613  	0.95213  	0.11471  	0.16882  	-0.6414  	0.31601  	0.38527  	0.08056  	0.45291  	0.05259  	0.21473  	0.46968  	0.28715  	-0.0595  	0.07722  	0.09703  	0.36399  	-0.5014  	-0.4641  	-0.0329  	-0.0023  	0.08814  	0.19421  	-0.1434  	0.14521  	-0.1304  	0.25403  	0.06874  	-0.1917  	-0.1475  	0.07651  	0.04436  	0.01749  	0.27010  	0.06725  	-0.0424  	-0.0306  	0.07456  	0.06187  	-0.1521  	-0.0967  	-0.0193  	-0.0096  	0.00445  	-0.0192  	0.01382  	-0.0380  	0.00867  	0.00812  	-0.0190  	-0.0156  	0.02319  	0.03050  	0.01662  	0.09687  	0.07788  	-0.0398  	-0.0142  	0.02399  	0.65672  	1.08884  	126.320  	105.636  	
0.25452  	0.16991  	-0.1439  	0.01946  	0.05621  	0.08152  	0.28743  	0.34973  	0.29538  	0.08235  	-0.1613  	0.95213  	0.11471  	0.16882  	-0.6414  	0.31601  	0.38527  	0.08056  	0.45291  	0.05259  	0.21473  	0.46968  	0.28715  	-0.0595  	0.07722  	0.09703  	0.36399  	-0.5014  	-0.4641  	-0.0329  	-0.0023  	0.08814  	0.19421  	-0.1434  	0.14521  	-0.1304  	0.25403  	0.06874  	-0.1917  	-0.1475  	0.07651  	0.04436  	0.01749  	0.27010  	0.06725  	-0.0424  	-0.0306  	0.07456  	0.06187  	-0.1521  	-0.0967  	-0.0193  	-0.0096  	0.00445  	-0.0192  	0.01382  	-0.0380  	0.00867  	0.00812  	-0.0190  	-0.0156  	0.02319  	0.03050  	0.01662  	0.09434  	0.07769  	-0.0400  	-0.0145  	0.02427  	0.65360  	1.08884  	126.320  	105.636  	
0.25452  	0.16991  	-0.1439  	0.01946  	0.05621  	0.08152  	0.28743  	0.34973  	0.29538  	0.08235  	-0.1613  	0.95213  	0.11471  	0.16882  	-0.6414  	0.31601  	0.38527  	0.08056  	0.45291  	0.05259  	0.21473  	0.46968  	0.28715  	-0.0595  	0.07722  	0.09703  	0.36399  	-0.5014  	-0.4641  	-0.0329  	-0.0023  	0.08814  	0.19421  	-0.1434  	0.14521  	-0.1304  	0.25403  	0.06874  	-0.1917  	-0.1475  	0.07651  	0.04436  	0.01749  	0.27010  	0.06725  	-0.0424  	-0.0306  	0.07456  	0.06187  	-0.1521  	-0.0967  	-0.0193  	-0.0096  	0.00445  	-0.0192  	0.01382  	-0.0380  	0.00867  	0.00812  	-0.0190  	-0.0156  	0.02319  	0.03050  	0.01662  	0.09250  	0.07625  	-0.0400  	-0.0145  	0.02448  	0.63611  	1.08884  	126.320  	105.636  	
0.25452  	0.16991  	-0.1439  	0.01946  	0.05621  	0.08152  	0.28743  	0.34973  	0.29538  	0.08235  	-0.1613  	0.95213  	0.11471  	0.16882  	-0.6414  	0.31601  	0.38527  	0.08056  	0.45291  	0.05259  	0.21473  	0.46968  	0.28715  	-0.0595  	0.07722  	0.09703  	0.36399  	-0.5014  	-0.4641  	-0.0329  	-0.0023  	0.08814  	0.19421  	-0.1434  	0.14521  	-0.1304  	0.25403  	0.06874  	-0.1917  	-0.1475  	0.07651  	0.04436  	0.01749  	0.27010  	0.06725  	-0.0424  	-0.0306  	0.07456  	0.06187  	-0.1521  	-0.0967  	-0.0193  	-0.0096  	0.00445  	-0.0192  	0.01382  	-0.0380  	0.00867  	0.00812  	-0.0190  	-0.0156  	0.02319  	0.03050  	0.01662  	0.08988  	0.07497  	-0.0396  	-0.0142  	0.02501  	0.62247  	1.08884  	126.320  	105.636  	
0.25452  	0.16991  	-0.1439  	0.01946  	0.05621  	0.08152  	0.28743  	0.34973  	0.29538  	0.08235  	-0.1613  	0.95213  	0.11471  	0.16882  	-0.6414  	0.31601  	0.38527  	0.08056  	0.45291  	0.05259  	0.21473  	0.46968  	0.28715  	-0.0595  	0.07722  	0.09703  	0.36399  	-0.5014  	-0.4641  	-0.0329  	-0.0023  	0.08814  	0.19421  	-0.1434  	0.14521  	-0.1304  	0.25403  	0.06874  	-0.1917  	-0.1475  	0.07651  	0.04436  	0.01749  	0.27010  	0.06725  	-0.0424  	-0.0306  	0.07456  	0.06187  	-0.1521  	-0.0967  	-0.0193  	-0.0096  	0.00445  	-0.0192  	0.01382  	-0.0380  	0.00867  	0.00812  	-0.0190  	-0.0156  	0.02319  	0.03050  	0.01662  	0.08813  	0.07279  	-0.0398  	-0.0140  	0.02575  	0.61978  	1.08884  	126.320  	105.636  	
0.25452  	0.16991  	-0.1439  	0.01946  	0.05621  	0.08152  	0.28743  	0.34973  	0.29538  	0.08235  	-0.1613  	0.95213  	0.11471  	0.16882  	-0.6414  	0.31601  	0.38527  	0.08056  	0.45291  	0.05259  	0.21473  	0.46968  	0.28715  	-0.0595  	0.07722  	0.09703  	0.36399  	-0.5014  	-0.4641  	-0.0329  	-0.0023  	0.08814  	0.19421  	-0.1434  	0.14521  	-0.1304  	0.25403  	0.06874  	-0.1917  	-0.1475  	0.07651  	0.04436  	0.01749  	0.27010  	0.06725  	-0.0424  	-0.0306  	0.07456  	0.06187  	-0.1521  	-0.0967  	-0.0193  	-0.0096  	0.00445  	-0.0192  	0.01382  	-0.0380  	0.00867  	0.00812  	-0.0190  	-0.0156  	0.02319  	0.03050  	0.01662  	0.08766  	0.07118  	-0.0407  	-0.0137  	0.02534  	0.61859  	1.08884  	126.320  	105.636  	
0.25452  	0.16991  	-0.1439  	0.01946  	0.05621  	0.08152  	0.28743  	0.34973  	0.29538  	0.08235  	-0.1613  	0.95213  	0.11471  	0.16882  	-0.6414  	0.31601  	0.38527  	0.08056  	0.45291  	0.05259  	0.21473  	0.46968  	0.28715  	-0.0595  	0.07722  	0.09703  	0.36399  	-0.5014  	-0.4641  	-0.0329  	-0.0023  	0.08814  	0.19421  	-0.1434  	0.14521  	-0.1304  	0.25403  	0.06874  	-0.1917  	-0.1475  	0.07651  	0.04436  	0.01749  	0.27010  	0.06725  	-0.0424  	-0.0306  	0.07456  	0.06187  	-0.1521  	-0.0967  	-0.0193  	-0.0096  	0.00445  	-0.0192  	0.01382  	-0.0380  	0.00867  	0.00812  	-0.0190  	-0.0156  	0.02319  	0.03050  	0.01662  	0.08859  	0.07006  	-0.0413  	-0.0137  	0.02496  	0.62064  	1.08884  	126.320  	105.636  	
0.25452  	0.16991  	-0.1439  	0.01946  	0.05621  	0.08152  	0.28743  	0.34973  	0.29538  	0.08235  	-0.1613  	0.95213  	0.11471  	0.16882  	-0.6414  	0.31601  	0.38527  	0.08056  	0.45291  	0.05259  	0.21473  	0.46968  	0.28715  	-0.0595  	0.07722  	0.09703  	0.36399  	-0.5014  	-0.4641  	-0.0329  	-0.0023  	0.08814  	0.19421  	-0.1434  	0.14521  	-0.1304  	0.25403  	0.06874  	-0.1917  	-0.1475  	0.07651  	0.04436  	0.01749  	0.27010  	0.06725  	-0.0424  	-0.0306  	0.07456  	0.06187  	-0.1521  	-0.0967  	-0.0193  	-0.0096  	0.00445  	-0.0192  	0.01382  	-0.0380  	0.00867  	0.00812  	-0.0190  	-0.0156  	0.02319  	0.03050  	0.01662  	0.08996  	0.07090  	-0.0415  	-0.0136  	0.02497  	0.61460  	1.08884  	126.320  	105.636  	
0.25452  	0.16991  	-0.1439  	0.01946  	0.05621  	0.08152  	0.28743  	0.34973  	0.29538  	0.08235  	-0.1613  	0.95213  	0.11471  	0.16882  	-0.6414  	0.31601  	0.38527  	0.08056  	0.45291  	0.05259  	0.21473  	0.46968  	0.28715  	-0.0595  	0.07722  	0.09703  	0.36399  	-0.5014  	-0.4641  	-0.0329  	-0.0023  	0.08814  	0.19421  	-0.1434  	0.14521  	-0.1304  	0.25403  	0.06874  	-0.1917  	-0.1475  	0.07651  	0.04436  	0.01749  	0.27010  	0.06725  	-0.0424  	-0.0306  	0.07456  	0.06187  	-0.1521  	-0.0967  	-0.0193  	-0.0096  	0.00445  	-0.0192  	0.01382  	-0.0380  	0.00867  	0.00812  	-0.0190  	-0.0156  	0.02319  	0.03050  	0.01662  	0.09130  	0.07244  	-0.0405  	-0.0135  	0.02566  	0.59449  	1.08884  	126.320  	105.636  	
0.25452  	0.16991  	-0.1439  	0.01946  	0.05621  	0.08152  	0.28743  	0.34973  	0.29538  	0.08235  	-0.1613  	0.95213  	0.11471  	0.16882  	-0.6414  	0.31601  	0.38527  	0.08056  	0.45291  	0.05259  	0.21473  	0.46968  	0.28715  	-0.0595  	0.07722  	0.09703  	0.36399  	-0.5014  	-0.4641  	-0.0329  	-0.0023  	0.08814  	0.19421  	-0.1434  	0.14521  	-0.1304  	0.25403  	0.06874  	-0.1917  	-0.1475  	0.07651  	0.04436  	0.01749  	0.27010  	0.06725  	-0.0424  	-0.0306  	0.07456  	0.06187  	-0.1521  	-0.0967  	-0.0193  	-0.0096  	0.00445  	-0.0192  	0.01382  	-0.0380  	0.00867  	0.00812  	-0.0190  	-0.0156  	0.02319  	0.03050  	0.01662  	0.09094  	0.07468  	-0.0398  	-0.0129  	0.02575  	0.59018  	1.08884  	126.320  	105.636  	
0.25452  	0.16991  	-0.1439  	0.01946  	0.05621  	0.08152  	0.28743  	0.34973  	0.29538  	0.08235  	-0.1613  	0.95213  	0.11471  	0.16882  	-0.6414  	0.31601  	0.38527  	0.08056  	0.45291  	0.05259  	0.21473  	0.46968  	0.28715  	-0.0595  	0.07722  	0.09703  	0.36399  	-0.5014  	-0.4641  	-0.0329  	-0.0023  	0.08814  	0.19421  	-0.1434  	0.14521  	-0.1304  	0.25403  	0.06874  	-0.1917  	-0.1475  	0.07651  	0.04436  	0.01749  	0.27010  	0.06725  	-0.0424  	-0.0306  	0.07456  	0.06187  	-0.1521  	-0.0967  	-0.0193  	-0.0096  	0.00445  	-0.0192  	0.01382  	-0.0380  	0.00867  	0.00812  	-0.0190  	-0.0156  	0.02319  	0.03050  	0.01662  	0.08931  	0.07526  	-0.0389  	-0.0122  	0.02594  	0.59192  	1.08884  	126.320  	105.636  	
0.25452  	0.16991  	-0.1439  	0.01946  	0.05621  	0.08152  	0.28743  	0.34973  	0.29538  	0.08235  	-0.1613  	0.95213  	0.11471  	0.16882  	-0.6414  	0.31601  	0.38527  	0.08056  	0.45291  	0.05259  	0.21473  	0.46968  	0.28715  	-0.0595  	0.07722  	0.09703  	0.36399  	-0.5014  	-0.4641  	-0.0329  	-0.0023  	0.08814  	0.19421  	-0.1434  	0.14521  	-0.1304  	0.25403  	0.06874  	-0.1917  	-0.1475  	0.07651  	0.04436  	0.01749  	0.27010  	0.06725  	-0.0424  	-0.0306  	0.07456  	0.06187  	-0.1521  	-0.0967  	-0.0193  	-0.0096  	0.00445  	-0.0192  	0.01382  	-0.0380  	0.00867  	0.00812  	-0.0190  	-0.0156  	0.02319  	0.03050  	0.01662  	0.08673  	0.07579  	-0.0378  	-0.0113  	0.02621  	0.59673  	1.08884  	126.320  	105.636  	
0.25452  	0.16991  	-0.1439  	0.01946  	0.05621  	0.08152  	0.28743  	0.34973  	0.29538  	0.08235  	-0.1613  	0.95213  	0.11471  	0.16882  	-0.6414  	0.31601  	0.38527  	0.08056  	0.45291  	0.05259  	0.21473  	0.46968  	0.28715  	-0.0595  	0.07722  	0.09703  	0.36399  	-0.5014  	-0.4641  	-0.0329  	-0.0023  	0.08814  	0.19421  	-0.1434  	0.14521  	-0.1304  	0.25403  	0.06874  	-0.1917  	-0.1475  	0.07651  	0.04436  	0.01749  	0.27010  	0.06725  	-0.0424  	-0.0306  	0.07456  	0.06187  	-0.1521  	-0.0967  	-0.0193  	-0.0096  	0.00445  	-0.0192  	0.01382  	-0.0380  	0.00867  	0.00812  	-0.0190  	-0.0156  	0.02319  	0.03050  	0.01662  	0.08323  	0.07627  	-0.0365  	-0.0103  	0.02657  	0.60462  	1.08884  	126.320  	105.636  	
0.25452  	0.16991  	-0.1439  	0.01946  	0.05621  	0.08152  	0.28743  	0.34973  	0.29538  	0.08235  	-0.1613  	0.95213  	0.11471  	0.16882  	-0.6414  	0.31601  	0.38527  	0.08056  	0.45291  	0.05259  	0.21473  	0.46968  	0.28715  	-0.0595  	0.07722  	0.09703  	0.36399  	-0.5014  	-0.4641  	-0.0329  	-0.0023  	0.08814  	0.19421  	-0.1434  	0.14521  	-0.1304  	0.25403  	0.06874  	-0.1917  	-0.1475  	0.07651  	0.04436  	0.01749  	0.27010  	0.06725  	-0.0424  	-0.0306  	0.07456  	0.06187  	-0.1521  	-0.0967  	-0.0193  	-0.0096  	0.00445  	-0.0192  	0.01382  	-0.0380  	0.00867  	0.00812  	-0.0190  	-0.0156  	0.02319  	0.03050  	0.01662  	0.07879  	0.07669  	-0.0350  	-0.0091  	0.02702  	0.61558  	1.08884  	126.320  	105.636  	
0.25452  	0.16991  	-0.1439  	0.01946  	0.05621  	0.08152  	0.28743  	0.34973  	0.29538  	0.08235  	-0.1613  	0.95213  	0.11471  	0.16882  	-0.6414  	0.31601  	0.38527  	0.08056  	0.45291  	0.05259  	0.21473  	0.46968  	0.28715  	-0.0595  	0.07722  	0.09703  	0.36399  	-0.5014  	-0.4641  	-0.0329  	-0.0023  	0.08814  	0.19421  	-0.1434  	0.14521  	-0.1304  	0.25403  	0.06874  	-0.1917  	-0.1475  	0.07651  	0.04436  	0.01749  	0.27010  	0.06725  	-0.0424  	-0.0306  	0.07456  	0.06187  	-0.1521  	-0.0967  	-0.0193  	-0.0096  	0.00445  	-0.0192  	0.01382  	-0.0380  	0.00867  	0.00812  	-0.0190  	-0.0156  	0.02319  	0.03050  	0.01662  	0.07342  	0.07705  	-0.0332  	-0.0078  	0.02756  	0.62961  	1.08884  	126.320  	105.636  	
0.25452  	0.16991  	-0.1439  	0.01946  	0.05621  	0.08152  	0.28743  	0.34973  	0.29538  	0.08235  	-0.1613  	0.95213  	0.11471  	0.16882  	-0.6414  	0.31601  	0.38527  	0.08056  	0.45291  	0.05259  	0.21473  	0.46968  	0.28715  	-0.0595  	0.07722  	0.09703  	0.36399  	-0.5014  	-0.4641  	-0.0329  	-0.0023  	0.08814  	0.19421  	-0.1434  	0.14521  	-0.1304  	0.25403  	0.06874  	-0.1917  	-0.1475  	0.07651  	0.04436  	0.01749  	0.27010  	0.06725  	-0.0424  	-0.0306  	0.07456  	0.06187  	-0.1521  	-0.0967  	-0.0193  	-0.0096  	0.00445  	-0.0192  	0.01382  	-0.0380  	0.00867  	0.00812  	-0.0190  	-0.0156  	0.02319  	0.03050  	0.01662  	0.06711  	0.07737  	-0.0311  	-0.0063  	0.02819  	0.64671  	1.08884  	126.320  	105.636  	
