0.10539  	0.03872  	-0.0233  	-0.0136  	0.07265  	0.02820  	0.17076  	0.21452  	0.16463  	0.13594  	-0.2134  	0.64838  	0.15325  	0.24271  	-0.6344  	0.16709  	0.37637  	0.02259  	0.39650  	0.13523  	0.08286  	0.39327  	0.24849  	0.13796  	0.14717  	0.09487  	0.38467  	-0.4773  	-0.3671  	-0.0606  	0.00209  	0.05973  	0.14193  	-0.1598  	0.08575  	-0.0471  	0.20132  	0.00674  	-0.1703  	-0.1124  	0.13105  	0.02479  	0.02565  	0.23077  	0.04789  	-0.0416  	-0.0424  	0.09165  	0.07904  	-0.1266  	-0.0687  	-0.0219  	-0.0128  	-0.0102  	-0.0185  	0.01017  	-0.0293  	0.00107  	0.01070  	-0.0174  	-0.0077  	0.02341  	0.03502  	0.00508  	0.07026  	0.09067  	-0.0576  	-0.0013  	0.01945  	0.68231  	0.55195  	249.634  	214.622  	
0.12940  	0.06582  	-0.0482  	0.01562  	0.10169  	0.06017  	0.15422  	0.21739  	0.16949  	0.11344  	-0.1994  	0.70941  	0.13985  	0.23229  	-0.6140  	0.19563  	0.37362  	0.02190  	0.39814  	0.11331  	0.07556  	0.38819  	0.25688  	0.13206  	0.09859  	0.09929  	0.36969  	-0.4958  	-0.4007  	-0.0645  	0.00337  	0.05662  	0.15275  	-0.1560  	0.09909  	-0.0618  	0.20477  	0.01339  	-0.1841  	-0.1101  	0.11394  	0.02102  	0.02202  	0.22646  	0.04510  	-0.0382  	-0.0422  	0.08756  	0.07682  	-0.1305  	-0.0705  	-0.0238  	-0.0129  	-0.0120  	-0.0194  	0.01350  	-0.0290  	0.00292  	0.00599  	-0.0210  	-0.0077  	0.02751  	0.03393  	0.00642  	0.08253  	0.08732  	-0.0581  	-0.0015  	0.01678  	0.67375  	0.55195  	249.634  	214.622  	
0.12756  	0.06740  	-0.0100  	0.01447  	0.09260  	0.08014  	0.15933  	0.24534  	0.18302  	0.09559  	-0.1578  	0.74248  	0.12891  	0.24098  	-0.6142  	0.22977  	0.38020  	0.03585  	0.40048  	0.12661  	0.11202  	0.38309  	0.26827  	0.13016  	0.07842  	0.10281  	0.35087  	-0.4908  	-0.4172  	-0.0802  	0.00511  	0.05470  	0.16935  	-0.1526  	0.09725  	-0.0643  	0.21733  	0.02445  	-0.1860  	-0.1175  	0.11849  	0.01795  	0.02534  	0.22129  	0.04521  	-0.0361  	-0.0404  	0.08608  	0.07158  	-0.1278  	-0.0723  	-0.0227  	-0.0130  	-0.0116  	-0.0201  	0.00999  	-0.0276  	0.00569  	0.00436  	-0.0208  	-0.0106  	0.02610  	0.03576  	0.00684  	0.09340  	0.08604  	-0.0589  	-0.0018  	0.01420  	0.66518  	0.55195  	249.634  	214.622  	
0.11810  	0.07344  	0.01009  	0.00979  	0.06831  	0.09443  	0.17264  	0.24953  	0.17840  	0.09120  	-0.1284  	0.72876  	0.11913  	0.24762  	-0.6123  	0.23286  	0.36811  	0.03289  	0.40310  	0.13501  	0.13283  	0.38822  	0.25451  	0.12484  	0.07391  	0.10058  	0.33968  	-0.4948  	-0.4215  	-0.0863  	0.00089  	0.05949  	0.17406  	-0.1523  	0.09924  	-0.0601  	0.23424  	0.03247  	-0.1906  	-0.1208  	0.13823  	0.01843  	0.02389  	0.22147  	0.04773  	-0.0381  	-0.0374  	0.08671  	0.07047  	-0.1251  	-0.0723  	-0.0223  	-0.0102  	-0.0084  	-0.0204  	0.00945  	-0.0286  	0.00595  	0.00472  	-0.0170  	-0.0109  	0.02434  	0.03493  	0.00557  	0.10287  	0.08683  	-0.0599  	-0.0019  	0.01171  	0.65659  	0.55195  	249.634  	214.622  	
0.12593  	0.06996  	0.01303  	0.00515  	0.05548  	0.07394  	0.16684  	0.25480  	0.19617  	0.09066  	-0.1130  	0.74295  	0.12267  	0.24218  	-0.6371  	0.24867  	0.36776  	0.04293  	0.40296  	0.12958  	0.12992  	0.38070  	0.26294  	0.12403  	0.06000  	0.10021  	0.33520  	-0.4854  	-0.4247  	-0.0808  	0.00439  	0.05750  	0.17869  	-0.1521  	0.10422  	-0.0676  	0.23226  	0.03229  	-0.1916  	-0.1236  	0.13490  	0.01517  	0.02406  	0.21731  	0.04782  	-0.0394  	-0.0388  	0.08400  	0.06996  	-0.1257  	-0.0716  	-0.0225  	-0.0101  	-0.0095  	-0.0205  	0.01111  	-0.0300  	0.00572  	0.00670  	-0.0165  	-0.0106  	0.02400  	0.03527  	0.00597  	0.11094  	0.08968  	-0.0613  	-0.0020  	0.00931  	0.64798  	0.55195  	249.634  	214.622  	
0.12551  	0.06710  	0.01192  	0.00829  	0.06807  	0.06715  	0.16047  	0.25901  	0.19817  	0.10080  	-0.1147  	0.75461  	0.12447  	0.23616  	-0.6446  	0.24843  	0.37114  	0.04827  	0.39929  	0.13566  	0.10984  	0.37356  	0.26547  	0.11426  	0.04835  	0.10312  	0.32448  	-0.4684  	-0.4156  	-0.0783  	0.00503  	0.05748  	0.18235  	-0.1507  	0.09709  	-0.0662  	0.22306  	0.03341  	-0.1856  	-0.1239  	0.13371  	0.01264  	0.02598  	0.21836  	0.04673  	-0.0386  	-0.0388  	0.08406  	0.06925  	-0.1282  	-0.0723  	-0.0218  	-0.0106  	-0.0102  	-0.0196  	0.00983  	-0.0300  	0.00497  	0.00765  	-0.0168  	-0.0099  	0.02391  	0.03440  	0.00611  	0.11762  	0.09460  	-0.0629  	-0.0021  	0.00699  	0.63934  	0.55195  	249.634  	214.622  	
0.11888  	0.07049  	-0.0084  	-0.0042  	0.06822  	0.07016  	0.15673  	0.25395  	0.19664  	0.09376  	-0.1133  	0.74400  	0.11583  	0.21313  	-0.6357  	0.23530  	0.38098  	0.03727  	0.39801  	0.13123  	0.11432  	0.37221  	0.27260  	0.12226  	0.03626  	0.10562  	0.33733  	-0.4861  	-0.4397  	-0.0856  	0.00540  	0.05954  	0.18068  	-0.1539  	0.10483  	-0.0707  	0.23209  	0.03861  	-0.1900  	-0.1294  	0.12876  	0.01344  	0.02451  	0.21809  	0.04450  	-0.0365  	-0.0390  	0.07849  	0.06876  	-0.1285  	-0.0711  	-0.0220  	-0.0109  	-0.0106  	-0.0198  	0.00963  	-0.0286  	0.00544  	0.00877  	-0.0177  	-0.0102  	0.02300  	0.03322  	0.00669  	0.12289  	0.10159  	-0.0648  	-0.0021  	0.00476  	0.63070  	0.55195  	249.634  	214.622  	
0.12580  	0.07636  	-0.0120  	0.00124  	0.06730  	0.07851  	0.16077  	0.25316  	0.20015  	0.08986  	-0.1127  	0.73982  	0.11546  	0.20966  	-0.6332  	0.24083  	0.38326  	0.03006  	0.39700  	0.13330  	0.12719  	0.37559  	0.27744  	0.12967  	0.03631  	0.10934  	0.33854  	-0.4866  	-0.4463  	-0.0883  	0.00635  	0.05698  	0.18256  	-0.1540  	0.10363  	-0.0702  	0.23320  	0.03640  	-0.1949  	-0.1282  	0.12589  	0.01492  	0.02297  	0.21970  	0.04663  	-0.0380  	-0.0380  	0.07723  	0.06830  	-0.1281  	-0.0713  	-0.0219  	-0.0110  	-0.0113  	-0.0187  	0.00843  	-0.0279  	0.00545  	0.00804  	-0.0192  	-0.0096  	0.02331  	0.03341  	0.00656  	0.12530  	0.11702  	-0.0678  	-0.0014  	0.00146  	0.60868  	0.55195  	249.634  	214.622  	
0.09962  	0.07085  	-0.0237  	-0.0216  	0.08013  	0.04792  	0.18081  	0.22675  	0.18470  	0.11925  	-0.1144  	0.74257  	0.12186  	0.20712  	-0.6752  	0.22905  	0.35823  	0.06446  	0.39641  	0.17441  	0.07715  	0.36286  	0.24063  	0.10706  	0.06866  	0.11176  	0.29656  	-0.4175  	-0.3698  	-0.0842  	0.01201  	0.04389  	0.19469  	-0.1508  	0.07788  	-0.0398  	0.19121  	0.02271  	-0.1717  	-0.1119  	0.14617  	0.01277  	0.03273  	0.21928  	0.04450  	-0.0389  	-0.0372  	0.08239  	0.06521  	-0.1319  	-0.0703  	-0.0219  	-0.0132  	-0.0142  	-0.0179  	0.00543  	-0.0244  	0.00231  	0.00605  	-0.0208  	-0.0110  	0.02074  	0.03569  	0.00462  	0.12597  	0.13382  	-0.0697  	-0.0014  	-0.0006  	0.60292  	0.55195  	249.634  	214.622  	
0.12763  	0.04211  	-0.0333  	-0.0277  	0.05156  	-0.0147  	0.15512  	0.19645  	0.18085  	0.12625  	-0.1383  	0.67605  	0.12961  	0.20018  	-0.6512  	0.21464  	0.37320  	0.03275  	0.39280  	0.13690  	0.09081  	0.37600  	0.24059  	0.15860  	0.12990  	0.09223  	0.34837  	-0.4966  	-0.4044  	-0.0709  	0.01534  	0.05903  	0.15859  	-0.1613  	0.10719  	-0.0479  	0.22016  	0.01209  	-0.1977  	-0.1051  	0.12311  	0.02488  	0.01809  	0.21607  	0.04466  	-0.0427  	-0.0410  	0.07746  	0.07395  	-0.1258  	-0.0702  	-0.0233  	-0.0118  	-0.0129  	-0.0235  	0.00869  	-0.0275  	0.00165  	0.01035  	-0.0190  	-0.0108  	0.02305  	0.03329  	0.00499  	0.12637  	0.14806  	-0.0722  	-0.0015  	-0.0022  	0.58933  	0.55195  	249.634  	214.622  	
0.13187  	0.06726  	-0.0450  	0.03384  	0.08014  	0.06211  	0.15815  	0.23148  	0.17243  	0.07443  	-0.1872  	0.67738  	0.13127  	0.22465  	-0.5913  	0.22005  	0.37078  	0.01786  	0.40383  	0.10978  	0.11388  	0.40274  	0.26083  	0.15168  	0.12320  	0.10019  	0.37567  	-0.5173  	-0.4112  	-0.0766  	-0.0020  	0.05182  	0.15635  	-0.1568  	0.10678  	-0.0619  	0.22518  	0.02533  	-0.2034  	-0.1124  	0.11285  	0.02031  	0.02057  	0.22306  	0.04599  	-0.0436  	-0.0391  	0.07822  	0.07304  	-0.1293  	-0.0723  	-0.0251  	-0.0137  	-0.0107  	-0.0192  	0.01210  	-0.0280  	0.00454  	0.00622  	-0.0211  	-0.0109  	0.02534  	0.03624  	0.00501  	0.12809  	0.15745  	-0.0743  	-0.0015  	-0.0035  	0.59462  	0.55195  	249.634  	214.622  	
0.12699  	0.07010  	-0.0081  	0.01725  	0.07551  	0.07981  	0.17214  	0.24451  	0.17697  	0.09541  	-0.1461  	0.71345  	0.11206  	0.23257  	-0.5994  	0.23765  	0.38104  	0.02732  	0.40371  	0.12314  	0.13366  	0.39745  	0.26415  	0.14986  	0.09642  	0.10281  	0.36902  	-0.5134  	-0.4267  	-0.0815  	0.00505  	0.06147  	0.16724  	-0.1545  	0.10100  	-0.0653  	0.23380  	0.03135  	-0.1994  	-0.1182  	0.12184  	0.01786  	0.02789  	0.22277  	0.04500  	-0.0395  	-0.0393  	0.08416  	0.07115  	-0.1289  	-0.0751  	-0.0222  	-0.0142  	-0.0108  	-0.0194  	0.00992  	-0.0285  	0.00489  	0.00439  	-0.0198  	-0.0109  	0.02463  	0.03563  	0.00636  	0.13061  	0.16242  	-0.0779  	-0.0013  	-0.0045  	0.59008  	0.55195  	249.634  	214.622  	
0.11128  	0.07920  	-0.0053  	-0.0141  	0.03394  	0.08430  	0.16191  	0.25697  	0.19859  	0.08330  	-0.1191  	0.72752  	0.11922  	0.22505  	-0.6126  	0.23609  	0.37788  	0.02287  	0.40387  	0.12715  	0.15910  	0.38360  	0.27445  	0.13604  	0.05140  	0.10281  	0.35042  	-0.5097  	-0.4530  	-0.0910  	0.00550  	0.06550  	0.17864  	-0.1532  	0.10696  	-0.0790  	0.25140  	0.03952  	-0.1985  	-0.1302  	0.14095  	0.01627  	0.02376  	0.21965  	0.04724  	-0.0399  	-0.0378  	0.07968  	0.06816  	-0.1258  	-0.0742  	-0.0230  	-0.0105  	-0.0082  	-0.0211  	0.01006  	-0.0299  	0.00564  	0.00616  	-0.0177  	-0.0077  	0.02368  	0.03305  	0.00703  	0.13526  	0.16543  	-0.0811  	-0.0006  	-0.0052  	0.58253  	0.55195  	249.634  	214.622  	
0.12002  	0.09044  	0.01667  	0.00244  	0.04241  	0.04953  	0.13152  	0.30099  	0.18217  	0.05177  	-0.0922  	0.74262  	0.15224  	0.17693  	-0.5578  	0.19111  	0.45699  	-0.1095  	0.46338  	-0.0943  	0.22329  	0.20505  	0.07810  	0.15309  	-0.0014  	0.18486  	0.34953  	-0.6039  	-0.4050  	-0.1132  	0.10131  	0.01917  	0.09889  	-0.2875  	0.06048  	-0.1020  	0.18612  	0.03987  	-0.2980  	-0.1976  	0.18846  	0.12358  	-0.0721  	0.28054  	-0.0002  	-0.0226  	-0.0573  	0.09223  	0.05445  	-0.1347  	-0.0688  	-0.0191  	-0.0101  	0.00383  	-0.0170  	0.00929  	-0.0312  	-0.0025  	0.00598  	-0.0120  	-0.0061  	0.02222  	0.01998  	0.00703  	0.14215  	0.16611  	-0.0853  	4.69634  	-0.0064  	0.57046  	0.55195  	249.634  	214.622  	
0.11136  	0.09982  	0.05127  	0.00745  	0.04353  	0.03037  	0.10612  	0.34784  	0.17109  	0.04078  	-0.0777  	0.76745  	0.18008  	0.15018  	-0.5283  	0.15258  	0.51418  	-0.2103  	0.51095  	-0.2634  	0.26229  	0.04861  	-0.0890  	0.13627  	-0.0543  	0.25070  	0.33651  	-0.6506  	-0.3422  	-0.1257  	0.17709  	-0.0102  	0.03856  	-0.3905  	0.01049  	-0.1170  	0.12824  	0.04180  	-0.3697  	-0.2537  	0.24922  	0.20335  	-0.1437  	0.33166  	-0.0388  	-0.0091  	-0.0716  	0.10474  	0.04530  	-0.1413  	-0.0656  	-0.0163  	-0.0079  	0.01666  	-0.0128  	0.00826  	-0.0342  	-0.0095  	0.00836  	-0.0039  	-0.0025  	0.01938  	0.00859  	0.00613  	0.15356  	0.16759  	-0.0883  	0.00107  	-0.0078  	0.55606  	0.55195  	249.634  	214.622  	
0.11775  	0.10360  	0.06306  	0.01369  	0.04822  	0.02680  	0.09969  	0.35977  	0.16852  	0.03466  	-0.0819  	0.76959  	0.19278  	0.14430  	-0.5157  	0.14048  	0.52607  	-0.2361  	0.52056  	-0.3080  	0.27090  	0.01273  	-0.1247  	0.13461  	-0.0707  	0.26720  	0.33803  	-0.6584  	-0.3247  	-0.1266  	0.19613  	-0.0199  	0.02436  	-0.4189  	0.00343  	-0.1244  	0.11356  	0.04001  	-0.3909  	-0.2654  	0.25950  	0.22598  	-0.1644  	0.34491  	-0.0483  	-0.0061  	-0.0755  	0.10644  	0.04249  	-0.1426  	-0.0644  	-0.0157  	-0.0078  	0.01877  	-0.0106  	0.00863  	-0.0343  	-0.0114  	0.00911  	-0.0015  	-0.0021  	0.02010  	0.00596  	0.00707  	0.16697  	0.16735  	-0.0919  	0.00205  	-0.0104  	0.55510  	0.55195  	249.634  	214.622  	
0.11685  	0.10822  	0.04987  	0.01905  	0.05504  	0.01995  	0.10715  	0.34086  	0.16986  	0.03481  	-0.0804  	0.76725  	0.18220  	0.15142  	-0.5278  	0.14822  	0.50507  	-0.2078  	0.50842  	-0.2582  	0.25233  	0.04871  	-0.0948  	0.12971  	-0.0549  	0.25215  	0.33031  	-0.6319  	-0.3291  	-0.1219  	0.17597  	-0.0154  	0.04325  	-0.3909  	0.01537  	-0.1158  	0.12440  	0.03783  	-0.3696  	-0.2519  	0.24798  	0.20515  	-0.1453  	0.33279  	-0.0390  	-0.0094  	-0.0713  	0.10412  	0.04387  	-0.1406  	-0.0653  	-0.0166  	-0.0084  	0.01597  	-0.0117  	0.00868  	-0.0331  	-0.0097  	0.00779  	-0.0036  	-0.0040  	0.02030  	0.00746  	0.00641  	0.17990  	0.16797  	-0.0942  	0.00288  	-0.0124  	0.55904  	0.55195  	249.634  	214.622  	
0.11662  	0.09676  	0.02247  	-0.0068  	0.04622  	0.02489  	0.12599  	0.30264  	0.18450  	0.05641  	-0.0773  	0.76415  	0.14135  	0.17322  	-0.5730  	0.18816  	0.45065  	-0.0987  	0.46020  	-0.0965  	0.20337  	0.19184  	0.07922  	0.13290  	-0.0224  	0.18607  	0.33883  	-0.5843  	-0.3995  	-0.1102  	0.10479  	0.02269  	0.10268  	-0.2873  	0.05834  	-0.1036  	0.18865  	0.04484  	-0.3018  	-0.1998  	0.19479  	0.11808  	-0.0704  	0.28147  	-0.0037  	-0.0217  	-0.0560  	0.09179  	0.05323  	-0.1345  	-0.0713  	-0.0183  	-0.0103  	0.00564  	-0.0156  	0.00882  	-0.0310  	-0.0028  	0.00813  	-0.0107  	-0.0065  	0.02283  	0.01825  	0.00557  	0.19008  	0.16945  	-0.0974  	0.00306  	-0.0150  	0.57534  	0.55195  	249.634  	214.622  	
0.11883  	0.07616  	-0.0048  	-0.0196  	0.05051  	0.04898  	0.15494  	0.25597  	0.20238  	0.09019  	-0.0891  	0.75884  	0.09956  	0.20837  	-0.6350  	0.24106  	0.38196  	0.03695  	0.40034  	0.12119  	0.13206  	0.36548  	0.28106  	0.12669  	0.02939  	0.10422  	0.34035  	-0.5016  	-0.4618  	-0.0926  	0.00813  	0.06521  	0.17704  	-0.1548  	0.10570  	-0.0787  	0.25297  	0.04874  	-0.2029  	-0.1329  	0.13351  	0.01021  	0.02600  	0.21806  	0.04347  	-0.0371  	-0.0378  	0.07821  	0.06725  	-0.1267  	-0.0757  	-0.0211  	-0.0116  	-0.0080  	-0.0202  	0.00865  	-0.0285  	0.00602  	0.00828  	-0.0188  	-0.0103  	0.02427  	0.03191  	0.00533  	0.19863  	0.17293  	-0.0986  	0.00341  	-0.0169  	0.57676  	0.55195  	249.634  	214.622  	
0.11635  	0.08127  	-0.0082  	-0.0257  	0.04516  	0.04747  	0.15342  	0.25426  	0.20087  	0.08320  	-0.0943  	0.75724  	0.10057  	0.21577  	-0.6282  	0.23860  	0.38067  	0.03706  	0.40155  	0.11398  	0.13549  	0.36924  	0.28182  	0.12890  	0.03442  	0.10440  	0.34078  	-0.5064  	-0.4610  	-0.0934  	0.01122  	0.06246  	0.17654  	-0.1562  	0.10799  	-0.0782  	0.25235  	0.04581  	-0.2064  	-0.1322  	0.13715  	0.01055  	0.02532  	0.21736  	0.04306  	-0.0377  	-0.0373  	0.07815  	0.06708  	-0.1249  	-0.0760  	-0.0215  	-0.0113  	-0.0076  	-0.0207  	0.00948  	-0.0292  	0.00600  	0.00871  	-0.0180  	-0.0100  	0.02492  	0.03162  	0.00437  	0.20520  	0.17798  	-0.0986  	0.00314  	-0.0185  	0.58726  	0.55195  	249.634  	214.622  	
0.11542  	0.08628  	-0.0134  	-0.0275  	0.04533  	0.04512  	0.15220  	0.25216  	0.20042  	0.07777  	-0.0971  	0.75770  	0.10136  	0.21919  	-0.6227  	0.23572  	0.37755  	0.03647  	0.40115  	0.11292  	0.13704  	0.37041  	0.28307  	0.12739  	0.03382  	0.10483  	0.33823  	-0.5056  	-0.4593  	-0.0928  	0.01362  	0.05911  	0.17738  	-0.1569  	0.10866  	-0.0800  	0.25283  	0.04375  	-0.2092  	-0.1319  	0.13950  	0.01109  	0.02447  	0.21702  	0.04275  	-0.0380  	-0.0366  	0.07801  	0.06695  	-0.1242  	-0.0765  	-0.0219  	-0.0115  	-0.0076  	-0.0208  	0.01003  	-0.0293  	0.00600  	0.00842  	-0.0179  	-0.0100  	0.02591  	0.03104  	0.00427  	0.20831  	0.18555  	-0.0953  	0.00267  	-0.0185  	0.58589  	0.55195  	249.634  	214.622  	
0.11494  	0.08450  	-0.0158  	-0.0292  	0.04093  	0.04332  	0.15475  	0.25289  	0.20241  	0.07779  	-0.0934  	0.75880  	0.10115  	0.21722  	-0.6184  	0.23465  	0.37943  	0.03423  	0.39934  	0.11264  	0.14144  	0.37211  	0.28851  	0.12987  	0.03140  	0.10566  	0.34242  	-0.5081  	-0.4635  	-0.0932  	0.01349  	0.05951  	0.17715  	-0.1568  	0.10898  	-0.0835  	0.25677  	0.04578  	-0.2115  	-0.1323  	0.13749  	0.01221  	0.02511  	0.21708  	0.04272  	-0.0382  	-0.0362  	0.07706  	0.06620  	-0.1245  	-0.0773  	-0.0216  	-0.0120  	-0.0075  	-0.0209  	0.01021  	-0.0295  	0.00620  	0.00761  	-0.0183  	-0.0099  	0.02627  	0.03069  	0.00512  	0.20910  	0.19452  	-0.0911  	0.00175  	-0.0177  	0.58198  	0.55195  	249.634  	214.622  	
0.11753  	0.07954  	-0.0170  	-0.0253  	0.04434  	0.04513  	0.15617  	0.25543  	0.20364  	0.08136  	-0.0895  	0.76255  	0.10099  	0.21259  	-0.6182  	0.23815  	0.38384  	0.03387  	0.39727  	0.11639  	0.14041  	0.36989  	0.29358  	0.13255  	0.02833  	0.10606  	0.34564  	-0.5067  	-0.4673  	-0.0918  	0.01231  	0.06038  	0.17664  	-0.1563  	0.10871  	-0.0866  	0.25818  	0.04820  	-0.2108  	-0.1340  	0.13218  	0.01262  	0.02454  	0.21721  	0.04287  	-0.0377  	-0.0364  	0.07652  	0.06607  	-0.1260  	-0.0776  	-0.0210  	-0.0125  	-0.0080  	-0.0206  	0.00965  	-0.0295  	0.00648  	0.00689  	-0.0194  	-0.0097  	0.02625  	0.03100  	0.00611  	0.20742  	0.20515  	-0.0847  	0.00101  	-0.0161  	0.56021  	0.55195  	249.634  	214.622  	
0.11730  	0.07753  	-0.0185  	-0.0233  	0.04724  	0.04682  	0.15606  	0.25566  	0.20262  	0.08274  	-0.0903  	0.76242  	0.10075  	0.21090  	-0.6172  	0.23823  	0.38529  	0.03422  	0.39692  	0.11802  	0.13736  	0.36838  	0.29378  	0.13269  	0.02821  	0.10604  	0.34484  	-0.5057  	-0.4667  	-0.0915  	0.01193  	0.06067  	0.17629  	-0.1562  	0.10798  	-0.0865  	0.25678  	0.04852  	-0.2097  	-0.1344  	0.13106  	0.01227  	0.02469  	0.21745  	0.04294  	-0.0374  	-0.0366  	0.07643  	0.06609  	-0.1265  	-0.0776  	-0.0208  	-0.0126  	-0.0083  	-0.0204  	0.00933  	-0.0292  	0.00653  	0.00669  	-0.0199  	-0.0098  	0.02619  	0.03109  	0.00622  	0.20420  	0.21631  	-0.0771  	0.00028  	-0.0135  	0.51802  	0.55195  	249.634  	214.622  	
0.11067  	0.07720  	-0.0157  	-0.0249  	0.05130  	0.03824  	0.15593  	0.25531  	0.20273  	0.09692  	-0.0762  	0.77551  	0.09460  	0.20394  	-0.6379  	0.24096  	0.38308  	0.03884  	0.39545  	0.12702  	0.13225  	0.36245  	0.29121  	0.11913  	0.02397  	0.10896  	0.33330  	-0.4856  	-0.4595  	-0.0972  	0.01193  	0.05834  	0.18099  	-0.1562  	0.09672  	-0.0808  	0.25432  	0.04767  	-0.2089  	-0.1369  	0.13820  	0.00971  	0.02871  	0.21875  	0.04528  	-0.0372  	-0.0353  	0.07640  	0.06490  	-0.1243  	-0.0786  	-0.0208  	-0.0124  	-0.0083  	-0.0196  	0.00780  	-0.0289  	0.00648  	0.00808  	-0.0204  	-0.0095  	0.02560  	0.02998  	0.00541  	0.20016  	0.22783  	-0.0672  	-0.0002  	-0.0098  	0.47695  	0.55195  	249.634  	214.622  	
0.05194  	0.06387  	-0.0498  	-0.0862  	0.05565  	-0.0105  	0.16182  	0.21310  	0.18008  	0.14682  	-0.1149  	0.79010  	0.12333  	0.22172  	-0.6905  	0.22379  	0.38074  	0.08105  	0.38755  	0.18655  	0.04176  	0.34322  	0.24855  	0.07498  	0.05804  	0.11950  	0.27316  	-0.3721  	-0.3599  	-0.0856  	0.03356  	0.02947  	0.18611  	-0.1585  	0.03019  	-0.0516  	0.17928  	0.01794  	-0.1677  	-0.1255  	0.17465  	-1.5661  	0.03705  	0.21869  	0.03938  	-0.0356  	-0.0353  	0.08630  	0.06537  	-0.1199  	-0.0776  	-0.0229  	-0.0146  	-0.0141  	-0.0193  	0.00234  	-0.0273  	0.00220  	0.00785  	-0.0207  	-0.0082  	0.02743  	0.03372  	0.00615  	0.19394  	0.23945  	-0.0572  	-0.0010  	-0.0059  	0.42472  	0.55195  	249.634  	214.622  	
-0.0405  	0.05609  	-0.1862  	-0.0627  	0.10671  	-0.1330  	0.15389  	0.17774  	0.16008  	0.18857  	-0.1299  	0.77332  	0.11618  	0.20623  	-0.7469  	0.20123  	0.34483  	0.12441  	0.37311  	0.23252  	-0.0213  	0.33057  	0.18511  	0.05843  	0.06045  	0.13125  	0.23738  	-0.3080  	-0.2999  	-0.0774  	0.01641  	0.01777  	0.19371  	-0.1462  	0.04053  	-0.0265  	0.11660  	-0.0075  	-0.1411  	-0.0846  	0.15574  	0.01712  	0.02534  	0.21511  	0.04620  	-0.0336  	-0.0307  	0.07798  	0.05560  	-0.1213  	-0.0666  	-0.0264  	-0.0166  	-0.0154  	-0.0206  	0.00299  	-0.0288  	0.00497  	0.01266  	-0.0277  	-0.0088  	0.02481  	0.03086  	0.00639  	0.18595  	0.24985  	-0.0467  	-0.0010  	-0.0030  	0.39539  	0.55195  	249.634  	214.622  	
-0.3959  	-0.0996  	-0.3951  	-0.3404  	0.00771  	-0.3786  	0.14982  	0.03230  	0.10606  	0.28963  	0.02160  	0.73426  	0.04671  	-0.0464  	-1.0456  	0.06144  	0.32246  	0.15968  	0.39391  	0.30900  	-0.1657  	0.33698  	0.19020  	0.02145  	0.02259  	0.14883  	0.11329  	-0.2145  	-0.2585  	-0.1198  	0.02626  	-0.0027  	0.15995  	-0.1481  	-0.0673  	0.05487  	0.03283  	-0.0313  	-0.1219  	-0.0732  	0.19583  	0.00698  	0.02217  	0.22000  	0.04748  	-0.0416  	-0.0296  	0.08916  	0.06415  	-0.1273  	-0.0694  	-0.0273  	-0.0205  	-0.0125  	-0.0159  	-0.0021  	-0.0186  	0.00835  	0.01234  	-0.0207  	-0.0111  	0.01154  	0.03536  	0.00355  	0.17867  	0.26938  	-0.0348  	-0.0011  	-0.0013  	0.35814  	0.55195  	249.634  	214.622  	
-0.5781  	-0.1607  	-0.4518  	-0.3888  	0.01067  	-0.4241  	0.14610  	0.00146  	0.07908  	0.32145  	0.01941  	0.71327  	0.03645  	-0.0858  	-1.1034  	0.04190  	0.32609  	0.18503  	0.40261  	0.30434  	-0.2218  	0.32282  	0.18056  	0.00539  	0.03959  	0.16667  	0.09043  	-0.1722  	-0.2084  	-0.1165  	0.05047  	-0.0146  	0.15973  	-0.1459  	-0.0905  	0.06026  	-0.0126  	-0.0543  	-0.1024  	-0.0773  	0.20189  	0.01878  	0.01720  	0.22565  	0.05154  	-0.0383  	-0.0354  	0.09320  	0.05685  	-0.1231  	-0.0715  	-0.0259  	-0.0185  	-0.0177  	-0.0205  	-0.0069  	-0.0185  	0.00849  	0.00930  	-0.0256  	-0.0078  	0.01331  	0.03488  	0.00530  	0.16579  	0.27551  	-0.0273  	-0.0012  	0.00136  	0.35248  	0.55195  	249.634  	214.622  	
-0.5993  	-0.1266  	-0.4156  	-0.4867  	-0.0195  	-0.4676  	0.14027  	0.01536  	0.05852  	0.35054  	0.01969  	0.68204  	0.01711  	-0.0887  	-1.0897  	-0.0120  	0.35495  	0.16296  	0.40206  	0.25155  	-0.1564  	0.35041  	0.21477  	0.03229  	0.04954  	0.14935  	0.14475  	-0.2391  	-0.2121  	-0.1063  	0.04909  	-0.0215  	0.14066  	-0.1504  	-0.1114  	0.06515  	0.01728  	-0.0511  	-0.1198  	-0.0745  	0.18998  	0.01868  	0.00024  	0.20351  	0.05797  	-0.0420  	-0.0295  	0.07280  	0.05217  	-0.1262  	-0.0734  	-0.0250  	-0.0169  	-0.0141  	-0.0216  	-0.0118  	-0.0172  	0.00422  	0.01482  	-0.0245  	-0.0121  	0.02461  	0.03228  	0.00336  	0.15063  	0.26837  	-0.0246  	-0.0016  	0.00399  	0.36542  	0.55195  	249.634  	214.622  	
-0.4724  	-0.0882  	-0.2936  	-0.4697  	-0.0564  	-0.3675  	0.13592  	0.02527  	0.09192  	0.31604  	-0.0630  	0.65616  	0.03799  	-0.0522  	-1.0647  	0.01808  	0.36716  	0.13720  	0.41558  	0.21232  	-0.1527  	0.34162  	0.27528  	0.04518  	0.07527  	0.14713  	0.21114  	-0.2672  	-0.1970  	-0.0819  	0.04225  	-0.0097  	0.12880  	-0.1496  	-0.1119  	0.05963  	0.03720  	-0.0420  	-0.1254  	-0.0635  	0.22107  	0.00091  	0.02979  	0.23569  	0.05914  	-0.0465  	-0.0347  	0.07428  	0.06065  	-0.1317  	-0.0707  	-0.0254  	-0.0203  	-0.0126  	-0.0209  	-0.0106  	-0.0190  	0.00711  	0.01439  	-0.0242  	-0.0121  	0.02220  	0.03697  	0.00697  	0.13524  	0.25079  	-0.0247  	-0.0020  	0.00680  	0.40554  	0.55195  	249.634  	214.622  	
-0.3423  	-0.0535  	-0.2608  	-0.3450  	-0.0143  	-0.2490  	0.13664  	0.08458  	0.11765  	0.25487  	-0.1673  	0.71264  	0.04078  	-0.0316  	-0.9644  	0.09028  	0.38440  	0.16761  	0.42425  	0.21223  	-0.1825  	0.37365  	0.26285  	-0.0003  	0.06018  	0.14274  	0.17698  	-0.2344  	-0.1890  	-0.0723  	0.03378  	0.00905  	0.13314  	-0.1520  	-0.1381  	0.03948  	0.03485  	-0.0283  	-0.1142  	-0.0700  	0.25114  	-0.0165  	0.04184  	0.23803  	0.04921  	-0.0453  	-0.0298  	0.07654  	0.06155  	-0.1313  	-0.0748  	-0.0267  	-0.0149  	-0.0213  	-0.0202  	-0.0067  	-0.0233  	0.00569  	0.01406  	-0.0251  	-0.0099  	0.02555  	0.03529  	0.00684  	0.12110  	0.22338  	-0.0281  	-0.0024  	0.00929  	0.45497  	0.55195  	249.634  	214.622  	
-0.2797  	-0.0371  	-0.2606  	-0.1923  	0.06405  	-0.1920  	0.10808  	0.05290  	0.09709  	0.23819  	-0.2271  	0.77604  	0.06935  	-0.0265  	-0.9057  	0.09658  	0.38415  	0.17219  	0.41637  	0.24656  	-0.2251  	0.35933  	0.22754  	-0.0368  	0.06089  	0.15167  	0.10008  	-0.1416  	-0.1130  	-0.0831  	0.03625  	-0.0037  	0.14927  	-0.1331  	-0.1454  	0.05833  	-0.0350  	-0.0412  	-0.0775  	-0.0342  	0.24926  	-0.0227  	0.05757  	0.23227  	0.03656  	-0.0438  	-0.0339  	0.07749  	0.05887  	-0.1356  	-0.0681  	-0.0243  	-0.0212  	-0.0191  	-0.0194  	-0.0064  	-0.0235  	0.00235  	0.01315  	-0.0267  	-0.0102  	0.02037  	0.03194  	0.00420  	0.10790  	0.19157  	-0.0324  	-0.0027  	0.01185  	0.50421  	0.55195  	249.634  	214.622  	
-0.2075  	-0.0354  	-0.2304  	-0.0444  	0.18392  	-0.1098  	0.11372  	0.08969  	0.11943  	0.19538  	-0.2156  	0.78115  	0.05910  	-0.0076  	-0.8266  	0.18788  	0.34943  	0.15041  	0.41259  	0.26930  	-0.1832  	0.33450  	0.13488  	0.02252  	0.07023  	0.13591  	0.15871  	-0.1587  	-0.1947  	-0.0649  	0.00783  	0.01888  	0.15553  	-0.1401  	-0.0305  	0.07155  	0.01297  	-0.0444  	-0.1258  	-0.0550  	0.19222  	0.00381  	0.03239  	0.22241  	0.04836  	-0.0433  	-0.0331  	0.07351  	0.06371  	-0.1282  	-0.0594  	-0.0296  	-0.0138  	-0.0166  	-0.0223  	-0.0016  	-0.0156  	0.00674  	0.01536  	-0.0214  	-0.0210  	0.01545  	0.03367  	0.00746  	0.09646  	0.15890  	-0.0383  	-0.0034  	0.01359  	0.56342  	0.55195  	249.634  	214.622  	
-0.0806  	0.01221  	-0.1931  	0.15104  	0.30371  	-0.0257  	0.14198  	0.12295  	0.12055  	0.15641  	-0.3295  	0.82193  	0.11818  	0.11488  	-0.6668  	0.20929  	0.33992  	0.12286  	0.39711  	0.27942  	-0.1924  	0.33638  	0.08769  	0.04872  	0.12979  	0.10515  	0.22022  	-0.1954  	-0.1824  	-0.0267  	-0.0022  	0.00933  	0.15600  	-0.1286  	0.01768  	0.04476  	-0.0143  	-0.0391  	-0.1112  	-0.0300  	0.13439  	0.02789  	0.02063  	0.20388  	0.05434  	-0.0347  	-0.0392  	0.09020  	0.07489  	-0.1374  	-0.0532  	-0.0262  	-0.0159  	-0.0224  	-0.0254  	0.00838  	-0.0135  	0.00763  	0.01343  	-0.0204  	-0.0176  	0.01485  	0.03092  	0.00333  	0.08606  	0.12956  	-0.0429  	-0.0038  	0.01483  	0.58908  	0.55195  	249.634  	214.622  	
-0.0019  	0.03096  	-0.1769  	0.17699  	0.27449  	-0.0147  	0.14047  	0.13033  	0.11613  	0.14230  	-0.3593  	0.80263  	0.12419  	0.15972  	-0.6225  	0.16896  	0.36605  	0.13528  	0.39429  	0.24774  	-0.1469  	0.34273  	0.11772  	0.01175  	0.14622  	0.10224  	0.24614  	-0.2261  	-0.2023  	-0.0048  	-0.0024  	0.01996  	0.15730  	-0.1383  	-0.0056  	0.02520  	0.02360  	-0.0254  	-0.1093  	-0.0479  	0.13551  	0.01420  	0.03194  	0.21175  	0.05670  	-0.0372  	-0.0398  	0.08614  	0.07362  	-0.1334  	-0.0544  	-0.0279  	-0.0185  	-0.0193  	-0.0234  	0.00838  	-0.0157  	0.00612  	0.00919  	-0.0268  	-0.0208  	0.01895  	0.03434  	0.00097  	0.07817  	0.10569  	-0.0461  	-0.0042  	0.01509  	0.61538  	0.55195  	249.634  	214.622  	
0.00874  	0.03496  	-0.2130  	0.25416  	0.30057  	0.01798  	0.14913  	0.14017  	0.13651  	0.12545  	-0.4169  	0.79559  	0.14949  	0.21910  	-0.5224  	0.13404  	0.35582  	0.12361  	0.39072  	0.23868  	-0.1537  	0.39094  	0.11964  	0.00289  	0.14578  	0.09973  	0.25322  	-0.1968  	-0.1501  	0.02100  	-0.0135  	0.00658  	0.16194  	-0.1277  	-0.0019  	0.01773  	0.00553  	-0.0404  	-0.0908  	-0.0416  	0.13585  	0.02023  	0.01907  	0.21332  	0.05608  	-0.0401  	-0.0382  	0.09110  	0.07418  	-0.1392  	-0.0587  	-0.0251  	-0.0183  	-0.0157  	-0.0239  	0.00762  	-0.0178  	0.00633  	0.01145  	-0.0276  	-0.0186  	0.01843  	0.02975  	0.00086  	0.07013  	0.09121  	-0.0471  	-0.0046  	0.01477  	0.64192  	0.55195  	249.634  	214.622  	
0.00306  	0.02713  	-0.2153  	0.23257  	0.29004  	0.01675  	0.15145  	0.12751  	0.14143  	0.10060  	-0.4204  	0.78438  	0.14733  	0.21832  	-0.5142  	0.11972  	0.34922  	0.10113  	0.36551  	0.23757  	-0.1281  	0.38251  	0.12262  	0.00863  	0.13362  	0.10856  	0.25444  	-0.2046  	-0.1538  	0.01383  	-0.0172  	0.00262  	0.16596  	-0.1251  	0.01136  	0.01309  	0.02720  	-0.0479  	-0.0902  	-0.0488  	0.12251  	0.03546  	0.01416  	0.21882  	0.05524  	-0.0380  	-0.0366  	0.09076  	0.06902  	-0.1360  	-0.0602  	-0.0269  	-0.0193  	-0.0154  	-0.0226  	0.00921  	-0.0148  	0.00687  	0.01180  	-0.0305  	-0.0170  	0.02285  	0.02852  	0.00428  	0.06065  	0.08903  	-0.0465  	-0.0051  	0.01343  	0.66370  	0.55195  	249.634  	214.622  	
-0.0215  	0.03374  	-0.1813  	0.21071  	0.28434  	-0.0305  	0.13374  	0.17214  	0.11856  	0.08792  	-0.3844  	0.79626  	0.17686  	0.15142  	-0.4959  	0.06304  	0.41500  	-0.0167  	0.40573  	0.02911  	-0.0763  	0.18682  	-0.0781  	-0.0018  	0.07550  	0.19822  	0.22174  	-0.2626  	-0.0910  	-0.0319  	0.07567  	-0.0416  	0.08675  	-0.2608  	-0.0479  	-0.0007  	-0.0461  	-0.0522  	-0.1872  	-0.1163  	0.19740  	0.13638  	-0.0817  	0.28375  	0.00485  	-0.0217  	-0.0546  	0.10178  	0.05235  	-0.1371  	-0.0554  	-0.0246  	-0.0156  	-0.0034  	-0.0188  	0.00809  	-0.0174  	-0.0051  	0.01454  	-0.0250  	-0.0118  	0.02364  	0.01625  	0.00070  	0.04987  	0.09963  	-0.0433  	-0.0049  	0.01112  	0.67652  	0.55195  	249.634  	214.622  	
0.01328  	0.05658  	-0.1196  	0.20217  	0.26265  	-0.0490  	0.10270  	0.23933  	0.11009  	0.07544  	-0.3443  	0.80448  	0.20527  	0.11954  	-0.4647  	0.04766  	0.47440  	-0.1372  	0.46297  	-0.1661  	0.00926  	0.03752  	-0.2174  	0.02034  	0.01207  	0.26248  	0.23619  	-0.3899  	-0.0858  	-0.0576  	0.15264  	-0.0620  	0.02414  	-0.3734  	-0.0759  	-0.0358  	-0.0678  	-0.0356  	-0.2872  	-0.1822  	0.25196  	0.21989  	-0.1563  	0.33343  	-0.0339  	-0.0092  	-0.0706  	0.11270  	0.04599  	-0.1432  	-0.0560  	-0.0195  	-0.0137  	0.00782  	-0.0144  	0.00510  	-0.0225  	-0.0116  	0.01449  	-0.0184  	-0.0099  	0.02404  	0.00673  	0.00042  	0.03992  	0.12469  	-0.0380  	-0.0052  	0.00925  	0.66745  	0.55195  	249.634  	214.622  	
0.07264  	0.05828  	-0.0749  	0.21682  	0.25081  	-0.0269  	0.09496  	0.26657  	0.11972  	0.05529  	-0.3352  	0.78255  	0.22629  	0.13679  	-0.4092  	0.04676  	0.49289  	-0.1823  	0.50483  	-0.2224  	0.05461  	0.01105  	-0.2337  	0.05214  	0.01970  	0.27423  	0.26543  	-0.4736  	-0.0985  	-0.0490  	0.17167  	-0.0564  	0.00557  	-0.4056  	-0.0703  	-0.0600  	-0.0403  	-0.0198  	-0.3253  	-0.2058  	0.25379  	0.24183  	-0.1727  	0.34162  	-0.0404  	-0.0040  	-0.0778  	0.11980  	0.04433  	-0.1514  	-0.0566  	-0.0164  	-0.0127  	0.01091  	-0.0096  	0.00240  	-0.0231  	-0.0108  	0.01359  	-0.0125  	-0.0122  	0.01789  	-3.8748  	0.00527  	0.02551  	0.13804  	-0.0360  	-0.0057  	0.00875  	0.69648  	0.55195  	249.634  	214.622  	
0.10654  	0.06113  	-0.0442  	0.18295  	0.22427  	-0.0039  	0.10918  	0.28767  	0.13596  	0.05830  	-0.2863  	0.76982  	0.21254  	0.15825  	-0.4196  	0.08390  	0.48436  	-0.1779  	0.50963  	-0.1933  	0.08759  	0.05001  	-0.1763  	0.06893  	0.02181  	0.24903  	0.29281  	-0.5143  	-0.1591  	-0.0579  	0.15140  	-0.0372  	0.02399  	-0.3802  	-0.0333  	-0.0671  	0.01047  	-0.0036  	-0.3208  	-0.2022  	0.22862  	0.21944  	-0.1557  	0.33286  	-0.0276  	-0.0082  	-0.0739  	0.11739  	0.04592  	-0.1499  	-0.0612  	-0.0156  	-0.0128  	0.00843  	-0.0090  	0.00363  	-0.0247  	-0.0090  	0.01097  	-0.0117  	-0.0106  	0.01563  	0.00397  	0.00538  	0.01138  	0.14954  	-0.0347  	-0.0066  	0.00897  	0.72310  	0.55195  	249.634  	214.622  	
0.12538  	0.07352  	-0.0279  	0.12760  	0.20030  	0.02749  	0.13183  	0.26300  	0.16060  	0.08554  	-0.2699  	0.78865  	0.18333  	0.18558  	-0.5445  	0.15874  	0.41113  	-0.0612  	0.45690  	-0.0025  	0.05828  	0.18625  	-0.0126  	0.05488  	0.06086  	0.18589  	0.27926  	-0.4279  	-0.1875  	-0.0525  	0.08632  	-0.0182  	0.10157  	-0.2691  	-0.0097  	-0.0389  	0.06401  	-0.0022  	-0.2372  	-0.1580  	0.20357  	0.13159  	-0.0729  	0.28992  	0.00994  	-0.0246  	-0.0563  	0.10440  	0.05835  	-0.1448  	-0.0658  	-0.0215  	-0.0140  	-0.0034  	-0.0130  	0.00856  	-0.0236  	-0.0024  	0.01184  	-0.0175  	-0.0120  	0.01796  	0.01561  	0.00457  	-0.0012  	0.15797  	-0.0332  	-0.0073  	0.00960  	0.75943  	0.55195  	249.634  	214.622  	
0.07010  	0.05510  	-0.0986  	0.09279  	0.18359  	0.04281  	0.15018  	0.21482  	0.17347  	0.08982  	-0.2536  	0.78969  	0.13397  	0.20164  	-0.5929  	0.20678  	0.33995  	0.07950  	0.38650  	0.20484  	0.02631  	0.36516  	0.20420  	0.07240  	0.09451  	0.10465  	0.29677  	-0.3512  	-0.2953  	-0.0549  	-0.0084  	0.02813  	0.18140  	-0.1404  	0.05581  	-0.0335  	0.15048  	0.00504  	-0.1587  	-0.0956  	0.14974  	0.02690  	0.01396  	0.22221  	0.05539  	-0.0398  	-0.0377  	0.08324  	0.06968  	-0.1342  	-0.0727  	-0.0253  	-0.0150  	-0.0163  	-0.0205  	0.00709  	-0.0199  	0.00731  	0.01401  	-0.0256  	-0.0135  	0.02272  	0.03055  	0.00449  	-0.0119  	0.16281  	-0.0320  	-0.0079  	0.01113  	0.77940  	0.55195  	249.634  	214.622  	
0.02896  	0.04103  	-0.1245  	0.07688  	0.15995  	0.04325  	0.14133  	0.22380  	0.16764  	0.07107  	-0.2024  	0.76428  	0.10353  	0.17079  	-0.5924  	0.18975  	0.36608  	0.07488  	0.39368  	0.18587  	0.04282  	0.35575  	0.23409  	0.09003  	0.06292  	0.09987  	0.31540  	-0.3720  	-0.3390  	-0.0716  	-0.0070  	0.04294  	0.17584  	-0.1454  	0.07135  	-0.0603  	0.17281  	0.01196  	-0.1797  	-0.0961  	0.14025  	0.02290  	0.01536  	0.22445  	0.05125  	-0.0401  	-0.0342  	0.07732  	0.06616  	-0.1291  	-0.0755  	-0.0266  	-0.0163  	-0.0161  	-0.0207  	0.00891  	-0.0226  	0.00706  	0.01115  	-0.0236  	-0.0110  	0.02544  	0.03252  	0.00508  	-0.0197  	0.16548  	-0.0295  	-0.0079  	0.01253  	0.79300  	0.55195  	249.634  	214.622  	
0.01671  	0.04151  	-0.1263  	0.04731  	0.11887  	0.00576  	0.13060  	0.21518  	0.16566  	0.09286  	-0.1818  	0.74070  	0.09693  	0.17515  	-0.5760  	0.18119  	0.36761  	0.06224  	0.38723  	0.18070  	0.06316  	0.36810  	0.23486  	0.08916  	0.05577  	0.10556  	0.30659  	-0.4095  	-0.3696  	-0.0786  	0.00222  	0.04481  	0.17103  	-0.1467  	0.07325  	-0.0731  	0.19738  	0.02139  	-0.1895  	-0.1040  	0.14136  	0.01504  	0.01294  	0.22157  	0.04949  	-0.0379  	-0.0319  	0.06989  	0.06201  	-0.1263  	-0.0767  	-0.0243  	-0.0150  	-0.0125  	-0.0214  	0.00822  	-0.0273  	0.00558  	0.01054  	-0.0223  	-0.0108  	0.02844  	0.02996  	0.00433  	-0.0267  	0.16890  	-0.0263  	-0.0082  	0.01376  	0.78063  	0.55195  	249.634  	214.622  	
0.08198  	0.07461  	-0.0597  	0.01913  	0.07188  	0.02802  	0.14118  	0.23740  	0.19823  	0.07584  	-0.1385  	0.74794  	0.10287  	0.20587  	-0.5831  	0.21395  	0.37218  	0.04632  	0.39745  	0.14719  	0.12684  	0.37709  	0.25909  	0.11336  	0.05337  	0.10415  	0.32043  	-0.4846  	-0.4282  	-0.0890  	0.00846  	0.05151  	0.17375  	-0.1519  	0.10282  	-0.0769  	0.24030  	0.04108  	-0.2102  	-0.1257  	0.13931  	0.00957  	0.01514  	0.21732  	0.04916  	-0.0371  	-0.0358  	0.07198  	0.06159  	-0.1206  	-0.0768  	-0.0241  	-0.0133  	-0.0106  	-0.0217  	0.00980  	-0.0277  	0.00651  	0.00924  	-0.0214  	-0.0098  	0.02719  	0.02566  	0.00309  	-0.0304  	0.17351  	-0.0210  	-0.0082  	0.01492  	0.74893  	0.55195  	249.634  	214.622  	
0.12150  	0.08697  	-0.0152  	-0.0077  	0.04912  	0.05965  	0.15561  	0.26389  	0.20117  	0.06669  	-0.1131  	0.76344  	0.10912  	0.23084  	-0.5934  	0.24422  	0.37529  	0.03539  	0.40729  	0.12064  	0.15115  	0.38395  	0.28353  	0.13372  	0.04579  	0.10408  	0.34106  	-0.5153  	-0.4578  	-0.0908  	0.01091  	0.05762  	0.17749  	-0.1540  	0.10656  	-0.0832  	0.25414  	0.04394  	-0.2049  	-0.1327  	0.13259  	0.01421  	0.02300  	0.21810  	0.04534  	-0.0374  	-0.0365  	0.08137  	0.06746  	-0.1246  	-0.0776  	-0.0224  	-0.0116  	-0.0072  	-0.0219  	0.01044  	-0.0319  	0.00725  	0.00586  	-0.0191  	-0.0098  	0.02642  	0.03091  	0.00516  	-0.0312  	0.17812  	-0.0167  	-0.0085  	0.01473  	0.72632  	0.55195  	249.634  	214.622  	
0.12033  	0.08253  	-0.0127  	-0.0235  	0.04183  	0.04916  	0.15631  	0.25783  	0.20629  	0.07704  	-0.0940  	0.76257  	0.10584  	0.22221  	-0.6166  	0.23937  	0.37922  	0.03365  	0.39924  	0.11377  	0.14484  	0.37705  	0.29058  	0.13210  	0.03011  	0.10596  	0.34603  	-0.5098  	-0.4645  	-0.0905  	0.01339  	0.06002  	0.17710  	-0.1557  	0.10875  	-0.0852  	0.25900  	0.04622  	-0.2101  	-0.1316  	0.13538  	0.01257  	0.02512  	0.21677  	0.04350  	-0.0384  	-0.0361  	0.07729  	0.06727  	-0.1255  	-0.0777  	-0.0217  	-0.0121  	-0.0074  	-0.0207  	0.01033  	-0.0307  	0.00673  	0.00720  	-0.0179  	-0.0098  	0.02674  	0.03156  	0.00576  	-0.0299  	0.18280  	-0.0132  	-0.0085  	0.01425  	0.71301  	0.55195  	249.634  	214.622  	
0.13215  	0.08084  	-0.0175  	-0.0037  	0.06227  	0.05736  	0.16033  	0.25244  	0.19929  	0.07376  	-0.1215  	0.75033  	0.11705  	0.22491  	-0.6112  	0.24015  	0.38355  	0.03791  	0.39993  	0.11862  	0.12749  	0.38091  	0.28406  	0.14338  	0.04590  	0.10604  	0.35723  	-0.5088  	-0.4502  	-0.0866  	0.00928  	0.05465  	0.17436  	-0.1571  	0.11526  	-0.0787  	0.23887  	0.03642  	-0.2014  	-0.1257  	0.12036  	0.01508  	0.02200  	0.21686  	0.04383  	-0.0380  	-0.0367  	0.07924  	0.06898  	-0.1252  	-0.0722  	-0.0219  	-0.0126  	-0.0105  	-0.0203  	0.00969  	-0.0300  	0.00746  	0.00613  	-0.0205  	-0.0118  	0.02715  	0.03410  	0.00513  	-0.0297  	0.18919  	-0.0119  	-0.0090  	0.01329  	0.70184  	0.55195  	249.634  	214.622  	
0.16007  	0.06696  	-0.0061  	0.07407  	0.14657  	0.09853  	0.16471  	0.23259  	0.15804  	0.09355  	-0.2492  	0.71754  	0.16511  	0.29870  	-0.5786  	0.20652  	0.37561  	0.04914  	0.38860  	0.11398  	0.05425  	0.39034  	0.23336  	0.14593  	0.12276  	0.08899  	0.36768  	-0.4564  	-0.3717  	-0.0542  	0.00765  	0.04337  	0.15739  	-0.1635  	0.10964  	-0.0431  	0.17739  	-0.0096  	-0.1863  	-0.1051  	0.10540  	0.03031  	0.00523  	0.21570  	0.04667  	-0.0354  	-0.0428  	0.08430  	0.07297  	-0.1216  	-0.0631  	-0.0237  	-0.0117  	-0.0166  	-0.0206  	0.01241  	-0.0286  	0.00809  	0.00999  	-0.0240  	-0.0133  	0.02972  	0.03885  	0.00212  	-0.0301  	0.19533  	-0.0111  	-0.0086  	0.01282  	0.66072  	0.55195  	249.634  	214.622  	
0.17599  	0.05628  	-0.0174  	0.18504  	0.21995  	0.12127  	0.19672  	0.23472  	0.17307  	0.12595  	-0.4015  	0.68619  	0.22157  	0.35451  	-0.5509  	0.15095  	0.37624  	0.06157  	0.37957  	0.14676  	-0.0748  	0.41493  	0.16350  	0.07378  	0.18813  	0.08912  	0.33523  	-0.3673  	-0.2353  	-0.0072  	-0.0110  	0.02317  	0.14945  	-0.1546  	0.03901  	-0.0078  	0.08346  	-0.0417  	-0.1059  	-0.0620  	0.12080  	0.03594  	0.02017  	0.22783  	0.04944  	-0.0328  	-0.0529  	0.10752  	0.08340  	-0.1269  	-0.0559  	-0.0238  	-0.0132  	-0.0192  	-0.0177  	0.01791  	-0.0250  	0.00346  	0.01338  	-0.0232  	-0.0151  	0.02611  	0.03035  	0.00332  	-0.0321  	0.20176  	-0.0126  	-0.0088  	0.01240  	0.64043  	0.55195  	249.634  	214.622  	
0.13778  	0.06680  	-0.1640  	0.35480  	0.33600  	0.07500  	0.21304  	0.19464  	0.15651  	0.14715  	-0.5213  	0.70452  	0.25917  	0.47782  	-0.4346  	0.06823  	0.35808  	0.07430  	0.36944  	0.15243  	-0.1507  	0.45662  	0.12409  	0.07075  	0.23343  	0.06676  	0.36719  	-0.3428  	-0.1537  	0.04192  	-0.0051  	0.00208  	0.16073  	-0.1431  	0.05772  	5.11407  	0.03421  	-0.0591  	-0.1048  	-0.0248  	0.09826  	0.04729  	0.00958  	0.22459  	0.05276  	-0.0324  	-0.0469  	0.09650  	0.08070  	-0.1331  	-0.0611  	-0.0272  	-0.0200  	-0.0208  	-0.0189  	0.02243  	-0.0244  	0.00290  	0.01243  	-0.0185  	-0.0149  	0.02980  	0.02088  	-0.0022  	-0.0359  	0.20641  	-0.0153  	-0.0089  	0.01224  	0.63182  	0.55195  	249.634  	214.622  	
-0.1031  	-0.0456  	-0.3225  	0.19308  	0.29420  	-0.1930  	0.20726  	0.15049  	0.12632  	0.19283  	-0.3054  	0.74858  	0.21029  	0.36644  	-0.5243  	0.03906  	0.32963  	0.07665  	0.37294  	0.22755  	-0.1251  	0.39373  	0.07700  	0.08405  	0.15313  	0.09553  	0.29700  	-0.2778  	-0.2211  	-0.0086  	0.03250  	0.00536  	0.16983  	-0.1461  	0.08181  	0.01921  	0.03281  	-0.0803  	-0.1382  	-0.0312  	0.10305  	0.04183  	-0.0017  	0.22434  	0.05282  	-0.0392  	-0.0307  	0.08245  	0.06999  	-0.1283  	-0.0647  	-0.0255  	-0.0296  	-0.0219  	-0.0245  	0.00679  	-0.0227  	-0.0005  	0.01010  	-0.0200  	-0.0056  	0.02373  	0.01178  	0.00123  	-0.0427  	0.21119  	-0.0197  	-0.0093  	0.01263  	0.63023  	0.55195  	249.634  	214.622  	
-0.4128  	-0.1039  	-0.3944  	-0.1793  	0.14485  	-0.3851  	0.15305  	0.04612  	0.09688  	0.26318  	-0.0829  	0.80253  	0.08029  	0.05086  	-0.8587  	0.06107  	0.30602  	0.16734  	0.40489  	0.31037  	-0.1174  	0.33601  	0.13158  	0.08257  	0.01970  	0.12885  	0.14407  	-0.2185  	-0.2299  	-0.0922  	0.05398  	0.00281  	0.17057  	-0.1410  	0.00922  	0.04246  	0.02325  	-0.0588  	-0.1304  	-0.0290  	0.14347  	0.04672  	-0.0126  	0.20654  	0.05458  	-0.0406  	-0.0267  	0.07047  	0.05071  	-0.1240  	-0.0680  	-0.0277  	-0.0214  	-0.0121  	-0.0233  	-0.0080  	-0.0050  	0.00462  	0.00743  	-0.0200  	-0.0101  	0.01964  	0.02079  	0.00438  	-0.0509  	0.21457  	-0.0243  	-0.0094  	0.01349  	0.62639  	0.55195  	249.634  	214.622  	
-0.4092  	-0.1052  	-0.3321  	-0.2780  	0.04898  	-0.2758  	0.12507  	0.05651  	0.07265  	0.24819  	-0.0618  	0.71301  	0.04319  	-0.0446  	-0.9130  	0.05929  	0.35207  	0.14995  	0.40647  	0.25535  	-0.1362  	0.34500  	0.21197  	0.03319  	0.09460  	0.12357  	0.18395  	-0.2539  	-0.2197  	-0.0774  	0.02977  	0.01443  	0.13618  	-0.1479  	-0.0476  	0.05233  	0.05228  	-0.0446  	-0.1311  	-0.0602  	0.17987  	0.01118  	-0.0001  	0.21539  	0.06375  	-0.0393  	-0.0327  	0.04965  	0.05524  	-0.1246  	-0.0648  	-0.0258  	-0.0209  	-0.0138  	-0.0227  	-0.0042  	-0.0173  	0.00656  	0.01167  	-0.0218  	-0.0108  	0.01960  	0.03078  	0.00526  	-0.0602  	0.21724  	-0.0297  	-0.0097  	0.01483  	0.63171  	0.55195  	249.634  	214.622  	
-0.2024  	-0.0318  	-0.1883  	-0.1626  	0.05738  	-0.1396  	0.14013  	0.09963  	0.12421  	0.15964  	-0.2081  	0.73098  	0.08858  	0.05378  	-0.7829  	0.07281  	0.37294  	0.13328  	0.39366  	0.21770  	-0.1168  	0.35151  	0.22099  	0.03110  	0.06155  	0.14675  	0.16746  	-0.2522  	-0.2130  	-0.0755  	0.03708  	0.00039  	0.15982  	-0.1517  	-0.0508  	0.01052  	0.05486  	-0.0401  	-0.1255  	-0.0567  	0.19702  	0.00893  	0.03025  	0.22369  	0.04503  	-0.0375  	-0.0272  	0.07486  	0.06026  	-0.1246  	-0.0572  	-0.0253  	-0.0176  	-0.0202  	-0.0243  	-0.0020  	-0.0191  	0.00021  	0.01402  	-0.0246  	-0.0139  	0.02816  	0.02502  	0.01095  	-0.0692  	0.21739  	-0.0348  	-0.0095  	0.01614  	0.64313  	0.55195  	249.634  	214.622  	
0.07929  	0.03851  	-0.0676  	0.08905  	0.18436  	0.02806  	0.15831  	0.19295  	0.16016  	0.15347  	-0.3119  	0.74904  	0.14691  	0.21435  	-0.5643  	0.16302  	0.36069  	0.08927  	0.40028  	0.20101  	-0.0280  	0.37858  	0.19696  	0.06659  	0.09722  	0.11517  	0.26011  	-0.3798  	-0.2739  	-0.0529  	0.01600  	0.03208  	0.17543  	-0.1502  	0.02445  	-0.0130  	0.11137  	-0.0102  	-0.1433  	-0.0767  	0.14954  	0.01613  	0.02252  	0.22472  	0.05273  	-0.0369  	-0.0346  	0.09208  	0.06642  	-0.1229  	-0.0690  	-0.0231  	-0.0140  	-0.0192  	-0.0225  	0.00850  	-0.0212  	0.00454  	0.00760  	-0.0243  	-0.0133  	0.02432  	0.03253  	0.00467  	-0.0794  	0.21777  	-0.0389  	-0.0092  	0.01745  	0.63477  	0.55195  	249.634  	214.622  	
0.14862  	0.04293  	-0.0313  	0.12457  	0.17503  	0.06064  	0.17250  	0.19768  	0.16093  	0.14901  	-0.3047  	0.70046  	0.15028  	0.25041  	-0.5718  	0.19363  	0.35787  	0.05953  	0.39780  	0.16863  	-0.0244  	0.38139  	0.18361  	0.06336  	0.15576  	0.09941  	0.32218  	-0.4167  	-0.3011  	-0.0335  	-0.0066  	0.04106  	0.15657  	-0.1502  	0.07278  	-0.0097  	0.12914  	-0.0091  	-0.1467  	-0.0805  	0.13564  	0.01643  	0.03353  	0.22679  	0.04479  	-0.0378  	-0.0396  	0.10036  	0.07931  	-0.1275  	-0.0688  	-0.0278  	-0.0132  	-0.0137  	-0.0160  	0.01085  	-0.0230  	0.00079  	0.00501  	-0.0170  	-0.0156  	0.02563  	0.03157  	0.00417  	-0.0878  	0.21625  	-0.0414  	-0.0082  	0.01830  	0.64590  	0.55195  	249.634  	214.622  	
0.09663  	0.05101  	-0.0420  	-0.0052  	0.12571  	0.02474  	0.19358  	0.20245  	0.15036  	0.19344  	-0.2723  	0.71024  	0.13634  	0.20016  	-0.6924  	0.20541  	0.33502  	0.11091  	0.41174  	0.20719  	-0.0426  	0.36169  	0.16958  	0.03204  	0.15719  	0.09216  	0.27742  	-0.3325  	-0.2253  	-0.0531  	0.00313  	0.02230  	0.16526  	-0.1514  	0.02601  	0.01794  	0.10873  	-0.0152  	-0.1313  	-0.0739  	0.16021  	0.00444  	0.03550  	0.22908  	0.04796  	-0.0391  	-0.0389  	0.09499  	0.07336  	-0.1328  	-0.0612  	-0.0257  	-0.0142  	-0.0156  	-0.0190  	0.00506  	-0.0261  	0.00383  	0.00952  	-0.0213  	-0.0189  	0.01887  	0.03881  	0.00389  	-0.1101  	0.21400  	-0.0429  	-0.0084  	0.01888  	0.67261  	0.55195  	249.634  	214.622  	
-0.0505  	0.00828  	-0.1699  	0.00306  	0.12909  	-0.0751  	0.15263  	0.10617  	0.11988  	0.19323  	-0.2004  	0.70510  	0.11937  	0.16619  	-0.7105  	0.17248  	0.33457  	0.08775  	0.40504  	0.20996  	-0.0642  	0.36729  	0.12607  	0.12957  	0.18148  	0.10198  	0.32913  	-0.3572  	-0.3035  	-0.0527  	0.00195  	0.04367  	0.13871  	-0.1431  	0.08934  	0.03915  	0.12361  	-0.0291  	-0.1590  	-0.0531  	0.09297  	0.03878  	0.00038  	0.22958  	0.04762  	-0.0375  	-0.0460  	0.06885  	0.06186  	-0.1271  	-0.0596  	-0.0271  	-0.0146  	-0.0122  	-0.0196  	0.00739  	-0.0181  	0.00480  	0.01727  	-0.0238  	-0.0205  	0.02177  	0.03037  	0.00422  	-0.1173  	0.20479  	-0.0447  	-0.0083  	0.01974  	0.69287  	0.55195  	249.634  	214.622  	
0.03344  	0.00184  	-0.1784  	0.19211  	0.25893  	-0.0149  	0.13117  	0.13562  	0.09626  	0.11155  	-0.4121  	0.77513  	0.18333  	0.26340  	-0.4786  	0.11733  	0.35726  	0.01798  	0.39417  	0.16715  	-0.0839  	0.42719  	0.20266  	0.11233  	0.10182  	0.10312  	0.35697  	-0.3506  	-0.2985  	-0.0137  	-0.0030  	0.02774  	0.14168  	-0.1558  	0.05950  	-0.0056  	0.10887  	-0.0425  	-0.1694  	-0.0582  	0.08937  	0.03936  	0.00118  	0.22883  	0.05066  	-0.0411  	-0.0412  	0.09143  	0.07769  	-0.1312  	-0.0755  	-0.0282  	-0.0221  	-0.0187  	-0.0217  	0.00909  	-0.0105  	-0.0005  	0.01215  	-0.0272  	-0.0190  	0.02212  	0.02495  	0.00192  	-0.1119  	0.19238  	-0.0470  	-0.0083  	0.02058  	0.68932  	0.55195  	249.634  	214.622  	
0.14268  	0.06472  	-0.0526  	0.11257  	0.17501  	0.07791  	0.18231  	0.20272  	0.14709  	0.13702  	-0.3080  	0.70772  	0.14247  	0.31204  	-0.4637  	0.13817  	0.35719  	0.03817  	0.39350  	0.11824  	0.02002  	0.44034  	0.22138  	0.12746  	0.13198  	0.08690  	0.38895  	-0.4684  	-0.3449  	-0.0388  	0.00041  	0.05315  	0.16394  	-0.1595  	0.11820  	-0.0224  	0.15778  	-0.0078  	-0.1746  	-0.0766  	0.10890  	0.03099  	0.01578  	0.22359  	0.04928  	-0.0394  	-0.0451  	0.09874  	0.08130  	-0.1261  	-0.0641  	-0.0234  	-0.0137  	-0.0157  	-0.0179  	0.01515  	-0.0256  	0.00462  	0.00555  	-0.0191  	-0.0164  	0.02579  	0.03131  	0.00079  	-0.0948  	0.17815  	-0.0486  	-0.0077  	0.02137  	0.66891  	0.55195  	249.634  	214.622  	
0.16756  	0.07616  	-0.0146  	0.07514  	0.12894  	0.10357  	0.15764  	0.24410  	0.16020  	0.08705  	-0.2221  	0.72946  	0.13363  	0.27092  	-0.5454  	0.21676  	0.36688  	0.02735  	0.39916  	0.12488  	0.11722  	0.42985  	0.25548  	0.13769  	0.11697  	0.08416  	0.36263  	-0.4851  	-0.3969  	-0.0511  	-0.0008  	0.05028  	0.15260  	-0.1575  	0.11480  	-0.0402  	0.20398  	-0.0015  	-0.1867  	-0.1050  	0.11395  	0.02873  	0.00623  	0.21273  	0.04493  	-0.0339  	-0.0451  	0.09221  	0.07474  	-0.1220  	-0.0656  	-0.0243  	-0.0104  	-0.0151  	-0.0238  	0.01458  	-0.0254  	0.00539  	0.00863  	-0.0190  	-0.0165  	0.02636  	0.03403  	0.00012  	-0.0696  	0.16326  	-0.0507  	-0.0071  	0.02165  	0.65247  	0.55195  	249.634  	214.622  	
0.18771  	0.07623  	-0.0208  	0.08929  	0.13802  	0.10233  	0.15926  	0.23452  	0.16669  	0.07524  	-0.2274  	0.73306  	0.14467  	0.26461  	-0.5613  	0.21709  	0.36230  	0.00703  	0.40321  	0.11645  	0.10656  	0.41095  	0.25252  	0.14148  	0.11523  	0.08187  	0.37346  	-0.4914  	-0.3926  	-0.0520  	-0.0119  	0.05675  	0.14869  	-0.1588  	0.11775  	-0.0464  	0.20621  	0.00592  	-0.1936  	-0.1022  	0.11229  	0.02998  	0.00766  	0.21213  	0.04449  	-0.0333  	-0.0439  	0.09178  	0.07860  	-0.1249  	-0.0675  	-0.0244  	-0.0129  	-0.0151  	-0.0218  	0.01515  	-0.0292  	0.00515  	0.00955  	-0.0204  	-0.0146  	0.02333  	0.03164  	-0.0008  	-0.0389  	0.14909  	-0.0522  	-0.0064  	0.02178  	0.63282  	0.55195  	249.634  	214.622  	
0.17750  	0.05890  	0.02767  	0.09028  	0.15449  	0.10341  	0.17548  	0.22583  	0.16316  	0.13650  	-0.2804  	0.68829  	0.16199  	0.27447  	-0.6185  	0.20943  	0.35322  	0.05880  	0.39556  	0.14231  	0.01998  	0.38639  	0.20424  	0.07361  	0.13173  	0.08951  	0.33361  	-0.4196  	-0.3219  	-0.0395  	0.00517  	0.05114  	0.15468  	-0.1535  	0.06730  	-0.0246  	0.16171  	-0.0038  	-0.1586  	-0.0925  	0.13042  	0.01340  	0.03698  	0.22619  	0.05145  	-0.0370  	-0.0435  	0.09596  	0.07980  	-0.1316  	-0.0640  	-0.0259  	-0.0105  	-0.0182  	-0.0171  	0.01027  	-0.0265  	0.00368  	0.01042  	-0.0182  	-0.0132  	0.01903  	0.03365  	0.00319  	-0.0060  	0.13760  	-0.0540  	-0.0060  	0.02173  	0.61189  	0.55195  	249.634  	214.622  	
0.14696  	0.05695  	-0.0579  	0.08685  	0.18560  	0.02404  	0.20261  	0.16622  	0.14656  	0.17897  	-0.3663  	0.63007  	0.18194  	0.31031  	-0.5384  	0.08181  	0.35966  	0.04536  	0.38413  	0.12631  	-0.0482  	0.43397  	0.19729  	0.08927  	0.22020  	0.07429  	0.38399  	-0.4407  	-0.2744  	-0.0143  	-0.0012  	0.02805  	0.13861  	-0.1576  	0.07291  	-0.0052  	0.13898  	-0.0273  	-0.1487  	-0.0589  	0.12726  	0.02488  	0.01909  	0.22885  	0.04796  	-0.0376  	-0.0475  	0.09736  	0.08076  	-0.1311  	-0.0631  	-0.0276  	-0.0144  	-0.0182  	-0.0206  	0.01303  	-0.0217  	0.00336  	0.01034  	-0.0187  	-0.0163  	0.02244  	0.03208  	0.00245  	0.02724  	0.12919  	-0.0548  	-0.0057  	0.02142  	0.58499  	0.55195  	249.634  	214.622  	
0.03482  	0.01548  	-0.2191  	0.20762  	0.26550  	-0.0121  	0.14838  	0.15089  	0.11542  	0.12662  	-0.3815  	0.75882  	0.17448  	0.23100  	-0.5234  	0.10226  	0.37544  	0.07532  	0.38728  	0.15411  	-0.0887  	0.43344  	0.17286  	0.08386  	0.15325  	0.09620  	0.33569  	-0.3295  	-0.2302  	0.00738  	-0.0147  	0.02374  	0.13958  	-0.1483  	0.04916  	-0.0004  	0.05909  	-0.0429  	-0.1146  	-0.0531  	0.11462  	0.02996  	0.01308  	0.22062  	0.05006  	-0.0378  	-0.0428  	0.08717  	0.07578  	-0.1323  	-0.0613  	-0.0275  	-0.0177  	-0.0219  	-0.0189  	0.00708  	-0.0200  	0.00349  	0.01470  	-0.0225  	-0.0160  	0.01761  	0.02610  	0.00341  	0.05775  	0.12325  	-0.0560  	-0.0055  	0.02071  	0.57638  	0.55195  	249.634  	214.622  	
-0.0414  	0.02503  	-0.2111  	0.05994  	0.18553  	-0.0613  	0.15077  	0.12938  	0.13955  	0.13792  	-0.3056  	0.78426  	0.12276  	0.14161  	-0.5877  	0.09814  	0.37909  	0.09450  	0.36599  	0.22432  	-0.0917  	0.38277  	0.17664  	0.01751  	0.11227  	0.12430  	0.25550  	-0.2875  	-0.2201  	-0.0390  	0.00682  	0.00628  	0.16428  	-0.1366  	-0.0060  	0.00111  	0.06931  	-0.0146  	-0.1287  	-0.0526  	0.16222  	0.01009  	0.02797  	0.22303  	0.04937  	-0.0435  	-0.0304  	0.08200  	0.06799  	-0.1251  	-0.0620  	-0.0252  	-0.0180  	-0.0122  	-0.0218  	0.00913  	-0.0172  	0.00323  	0.01501  	-0.0223  	-0.0119  	0.01990  	0.02669  	0.00385  	0.08156  	0.11975  	-0.0570  	-0.0050  	0.02043  	0.55805  	0.55195  	249.634  	214.622  	
-0.2028  	-0.0219  	-0.2285  	-0.1347  	0.09039  	-0.1350  	0.15975  	0.07163  	0.11198  	0.17821  	-0.2058  	0.72503  	0.05945  	-0.0136  	-0.7785  	0.10087  	0.35955  	0.15840  	0.39123  	0.23360  	-0.1433  	0.36075  	0.20841  	-0.0100  	0.11255  	0.12520  	0.21811  	-0.2507  	-0.1900  	-0.0728  	0.01020  	0.00322  	0.15231  	-0.1425  	-0.0511  	0.04661  	0.06665  	-0.0097  	-0.1304  	-0.0419  	0.20560  	0.00610  	0.04068  	0.23511  	0.04587  	-0.0398  	-0.0307  	0.07486  	0.06084  	-0.1292  	-0.0647  	-0.0235  	-0.0161  	-0.0108  	-0.0152  	-1.5234  	-0.0211  	0.00895  	0.01675  	-0.0217  	-0.0175  	0.01499  	0.02820  	0.00612  	0.09590  	0.11881  	-0.0574  	-0.0045  	0.01997  	0.53804  	0.55195  	249.634  	214.622  	
-0.3516  	-0.0786  	-0.2822  	-0.2726  	0.00765  	-0.2158  	0.15521  	0.02630  	0.08759  	0.21076  	-0.1424  	0.67677  	0.02867  	-0.0997  	-0.9061  	0.08149  	0.37482  	0.16703  	0.39057  	0.24830  	-0.1898  	0.35315  	0.22052  	-0.0160  	0.09499  	0.14063  	0.18365  	-0.2225  	-0.1751  	-0.0812  	0.02478  	0.00643  	0.12562  	-0.1418  	-0.1022  	0.07150  	0.03413  	-0.0131  	-0.1359  	-0.0701  	0.23215  	0.00116  	0.03000  	0.23577  	0.04866  	-0.0445  	-0.0279  	0.06335  	0.05510  	-0.1321  	-0.0696  	-0.0230  	-0.0134  	-0.0133  	-0.0168  	-0.0053  	-0.0195  	0.00725  	0.01126  	-0.0254  	-0.0141  	0.02217  	0.03068  	0.00561  	0.09736  	0.11999  	-0.0571  	-0.0043  	0.01918  	0.54237  	0.55195  	249.634  	214.622  	
-0.4205  	-0.0883  	-0.3116  	-0.3099  	0.01603  	-0.2850  	0.14376  	0.01548  	0.08736  	0.26511  	-0.1121  	0.68542  	0.02183  	-0.1235  	-0.9742  	0.08613  	0.36726  	0.16492  	0.39536  	0.24223  	-0.2354  	0.33984  	0.21381  	-0.0360  	0.09328  	0.14386  	0.15695  	-0.1840  	-0.1449  	-0.0742  	0.03436  	0.00037  	0.13019  	-0.1385  	-0.1239  	0.08732  	0.00741  	-0.0262  	-0.1175  	-0.0674  	0.23761  	0.00376  	0.03388  	0.23606  	0.04421  	-0.0413  	-0.0279  	0.06803  	0.05909  	-0.1328  	-0.0668  	-0.0218  	-0.0167  	-0.0120  	-0.0161  	-0.0064  	-0.0217  	0.00573  	0.01236  	-0.0236  	-0.0092  	0.02269  	0.03182  	0.00756  	0.08285  	0.12197  	-0.0560  	-0.0056  	0.01876  	0.54808  	0.55195  	249.634  	214.622  	
-0.4299  	-0.0984  	-0.3083  	-0.3076  	-0.0002  	-0.2663  	0.15125  	0.00933  	0.09346  	0.27053  	-0.1455  	0.70184  	0.02517  	-0.1361  	-0.9763  	0.10085  	0.36751  	0.17232  	0.39447  	0.24593  	-0.2550  	0.33740  	0.22184  	-0.0511  	0.06497  	0.15604  	0.11593  	-0.1604  	-0.1244  	-0.0881  	0.04405  	-0.0011  	0.13036  	-0.1329  	-0.1555  	0.08142  	-0.0184  	-0.0254  	-0.0986  	-0.0586  	0.24405  	0.00148  	0.04449  	0.23566  	0.04254  	-0.0399  	-0.0304  	0.07240  	0.06090  	-0.1325  	-0.0681  	-0.0212  	-0.0175  	-0.0163  	-0.0141  	-0.0097  	-0.0224  	0.00721  	0.01093  	-0.0252  	-0.0110  	0.02303  	0.03330  	0.00880  	0.08168  	0.12005  	-0.0563  	-0.0062  	0.01863  	0.54936  	0.55195  	249.634  	214.622  	
-0.4328  	-0.1008  	-0.2829  	-0.3329  	-0.0194  	-0.2337  	0.14152  	0.01381  	0.09149  	0.25979  	-0.1380  	0.68799  	0.01701  	-0.1353  	-0.9812  	0.10530  	0.38302  	0.15692  	0.39461  	0.21634  	-0.2371  	0.35188  	0.26013  	-0.0269  	0.07098  	0.16111  	0.13484  	-0.1998  	-0.1597  	-0.0844  	0.04910  	0.00394  	0.13572  	-0.1443  	-0.1484  	0.06234  	0.01180  	-0.0275  	-0.1061  	-0.0611  	0.24769  	0.00608  	0.04562  	0.23861  	0.04780  	-0.0415  	-0.0319  	0.07024  	0.06233  	-0.1291  	-0.0697  	-0.0214  	-0.0180  	-0.0148  	-0.0161  	-0.0090  	-0.0217  	0.00745  	0.01143  	-0.0244  	-0.0117  	0.02540  	0.03338  	0.00897  	0.08134  	0.11692  	-0.0567  	-0.0070  	0.01863  	0.54694  	0.55195  	249.634  	214.622  	
-0.2302  	-0.0674  	-0.2725  	-0.1178  	0.12353  	-0.1407  	0.14745  	0.12043  	0.11600  	0.21464  	-0.2064  	0.81532  	0.09525  	0.00580  	-0.7948  	0.11502  	0.36722  	0.14853  	0.39060  	0.27594  	-0.1593  	0.35529  	0.17879  	0.02859  	0.03273  	0.14814  	0.16254  	-0.2111  	-0.2133  	-0.0971  	0.02391  	0.00479  	0.17157  	-0.1436  	-0.0665  	0.01574  	0.00491  	-0.0364  	-0.1045  	-0.0308  	0.19737  	0.01103  	0.01562  	0.22273  	0.04987  	-0.0379  	-0.0325  	0.07561  	0.04712  	-0.1214  	-0.0689  	-0.0241  	-0.0224  	-0.0206  	-0.0268  	-0.0083  	-0.0201  	0.00609  	0.00545  	-0.0279  	-0.0164  	0.02442  	0.02793  	0.00664  	0.08102  	0.11349  	-0.0573  	-0.0077  	0.01812  	0.55181  	0.55195  	249.634  	214.622  	
0.09047  	0.03240  	-0.0702  	0.14233  	0.23321  	0.04328  	0.19592  	0.17884  	0.15453  	0.15686  	-0.4082  	0.76894  	0.17970  	0.29025  	-0.4674  	0.14028  	0.34472  	0.13225  	0.37104  	0.21362  	-0.0927  	0.41034  	0.16151  	0.07010  	0.12141  	0.11260  	0.24605  	-0.3036  	-0.2139  	-0.0443  	0.03122  	0.03355  	0.18744  	-0.1451  	0.01037  	-0.0188  	0.05296  	-0.0406  	-0.1048  	-0.0113  	0.14578  	0.02287  	0.02050  	0.22605  	0.05000  	-0.0433  	-0.0371  	0.10681  	0.07753  	-0.1316  	-0.0612  	-0.0280  	-0.0198  	-0.0212  	-0.0201  	0.00885  	-0.0173  	5.37738  	0.00594  	-0.0194  	-0.0152  	0.02854  	0.02335  	0.00619  	0.08104  	0.10861  	-0.0579  	-0.0085  	0.01767  	0.55588  	0.55195  	249.634  	214.622  	
0.15740  	0.05858  	-0.0853  	0.28619  	0.28184  	0.12870  	0.22223  	0.17755  	0.14391  	0.13551  	-0.4801  	0.70985  	0.21979  	0.38788  	-0.4233  	0.12022  	0.36310  	0.09642  	0.37024  	0.19880  	-0.1363  	0.44890  	0.12102  	0.05513  	0.20838  	0.08286  	0.28795  	-0.3012  	-0.1501  	0.01496  	-0.0082  	0.00971  	0.15137  	-0.1365  	0.02737  	0.00420  	0.03446  	-0.0601  	-0.0865  	-0.0231  	0.13237  	0.03630  	0.01203  	0.21955  	0.04813  	-0.0341  	-0.0470  	0.10690  	0.08673  	-0.1341  	-0.0596  	-0.0246  	-0.0161  	-0.0194  	-0.0169  	0.01462  	-0.0249  	0.00465  	0.01019  	-0.0222  	-0.0212  	0.02973  	0.02930  	-0.0019  	0.08137  	0.10558  	-0.0591  	-0.0090  	0.01734  	0.55824  	0.55195  	249.634  	214.622  	
0.10585  	0.03271  	-0.2104  	0.34350  	0.30397  	0.05414  	0.17959  	0.18025  	0.13139  	0.10720  	-0.4805  	0.75128  	0.20314  	0.34101  	-0.4198  	0.07644  	0.36302  	0.06009  	0.37076  	0.17400  	-0.1162  	0.44199  	0.15951  	0.04797  	0.21435  	0.08353  	0.33369  	-0.2871  	-0.1635  	0.03526  	-0.0279  	0.01154  	0.15011  	-0.1336  	0.03552  	0.00548  	0.01892  	-0.0642  	-0.0868  	-0.0389  	0.09066  	0.04406  	0.00377  	0.21976  	0.05480  	-0.0341  	-0.0482  	0.09638  	0.07983  	-0.1333  	-0.0604  	-0.0254  	-0.0181  	-0.0218  	-0.0205  	0.01199  	-0.0176  	0.00197  	0.01743  	-0.0234  	-0.0192  	0.01802  	0.02245  	-0.0011  	0.08161  	0.10221  	-0.0604  	-0.0097  	0.01728  	0.55275  	0.55195  	249.634  	214.622  	
0.00215  	0.03125  	-0.2184  	0.17351  	0.25223  	-0.0077  	0.14752  	0.16041  	0.12499  	0.13195  	-0.3893  	0.78371  	0.15186  	0.18628  	-0.5538  	0.13300  	0.35757  	0.11110  	0.38901  	0.17287  	-0.0907  	0.43251  	0.15855  	0.06425  	0.12426  	0.10112  	0.29524  	-0.2675  	-0.2048  	-0.0223  	-0.0259  	0.00665  	0.14169  	-0.1463  	0.01139  	0.01548  	0.04450  	-0.0436  	-0.1031  	-0.0313  	0.13265  	0.03447  	0.00325  	0.22278  	0.04544  	-0.0401  	-0.0409  	0.09078  	0.07446  	-0.1305  	-0.0664  	-0.0219  	-0.0204  	-0.0153  	-0.0232  	0.00168  	-0.0199  	0.00404  	0.01551  	-0.0260  	-0.0156  	0.01910  	0.03326  	0.00503  	0.08161  	0.10054  	-0.0615  	-0.0102  	0.01673  	0.55165  	0.55195  	249.634  	214.622  	
-0.0579  	0.00518  	-0.1511  	-0.0532  	0.14527  	-0.0209  	0.16791  	0.10539  	0.12959  	0.12170  	-0.2021  	0.73689  	0.06750  	0.04216  	-0.7108  	0.19031  	0.34667  	0.11971  	0.40817  	0.19173  	-0.0390  	0.37714  	0.19809  	0.08409  	0.08984  	0.10413  	0.28612  	-0.3397  	-0.2984  	-0.0697  	0.00454  	0.05336  	0.15209  	-0.1379  	0.03343  	0.02815  	0.14495  	0.00236  	-0.1706  	-0.0695  	0.15455  	0.01933  	0.01195  	0.21950  	0.04724  	-0.0409  	-0.0412  	0.07054  	0.06751  	-0.1303  	-0.0628  	-0.0224  	-0.0127  	-0.0164  	-0.0212  	0.00546  	-0.0229  	0.00439  	0.01576  	-0.0284  	-0.0172  	0.01336  	0.03027  	0.00220  	0.08077  	0.09879  	-0.0626  	-0.0107  	0.01603  	0.55716  	0.55195  	249.634  	214.622  	
-0.0942  	-0.0460  	-0.1796  	-0.1040  	0.12755  	-0.0877  	0.15415  	0.06442  	0.11266  	0.21605  	-0.1486  	0.71033  	0.04740  	-0.0441  	-0.8750  	0.23203  	0.33460  	0.15161  	0.41390  	0.24156  	-0.1101  	0.33920  	0.17102  	0.04255  	0.11590  	0.10897  	0.23901  	-0.2608  	-0.2669  	-0.0703  	0.00392  	0.04141  	0.14621  	-0.1532  	0.00654  	0.07692  	0.10087  	-0.0180  	-0.1583  	-0.0677  	0.15688  	0.01833  	0.01917  	0.23070  	0.05799  	-0.0444  	-0.0316  	0.06382  	0.06747  	-0.1291  	-0.0562  	-0.0276  	-0.0115  	-0.0160  	-0.0164  	9.23216  	-0.0164  	0.00553  	0.01006  	-0.0235  	-0.0168  	0.01350  	0.03427  	0.00718  	0.07837  	0.09899  	-0.0636  	-0.0109  	0.01635  	0.54649  	0.55195  	249.634  	214.622  	
-0.1271  	-0.0442  	-0.1616  	-0.1136  	0.10050  	-0.1136  	0.15501  	0.07287  	0.11540  	0.27770  	-0.1022  	0.72423  	0.04102  	-0.0298  	-0.9553  	0.24644  	0.32412  	0.16000  	0.42217  	0.26035  	-0.1577  	0.32423  	0.14846  	0.02687  	0.12647  	0.11034  	0.21548  	-0.2308  	-0.2304  	-0.0721  	-0.0017  	0.03233  	0.13795  	-0.1506  	0.00057  	0.09892  	0.08178  	-0.0222  	-0.1492  	-0.0732  	0.17052  	0.01089  	0.02213  	0.23018  	0.05341  	-0.0393  	-0.0333  	0.08213  	0.06403  	-0.1307  	-0.0559  	-0.0265  	-0.0146  	-0.0170  	-0.0153  	0.00080  	-0.0158  	0.00586  	0.01007  	-0.0256  	-0.0187  	0.01051  	0.03400  	0.00620  	0.07598  	0.09832  	-0.0641  	-0.0111  	0.01710  	0.53151  	0.55195  	249.634  	214.622  	
-0.1166  	-0.0327  	-0.1555  	-0.1361  	0.06809  	-0.0777  	0.13798  	0.06028  	0.08561  	0.20364  	-0.0947  	0.69370  	0.03130  	-0.0168  	-0.9069  	0.19818  	0.34401  	0.12816  	0.41025  	0.22810  	-0.0814  	0.33227  	0.17782  	0.05426  	0.10027  	0.11136  	0.24017  	-0.2968  	-0.2782  	-0.0817  	0.01375  	0.03923  	0.13559  	-0.1473  	0.03362  	0.08101  	0.11895  	-0.0131  	-0.1592  	-0.0821  	0.18829  	0.01983  	0.01668  	0.22143  	0.05507  	-0.0364  	-0.0305  	0.07126  	0.05855  	-0.1252  	-0.0629  	-0.0232  	-0.0108  	-0.0134  	-0.0159  	0.00117  	-0.0161  	0.00741  	0.00617  	-0.0227  	-0.0163  	0.01411  	0.03034  	0.00616  	0.07248  	0.09827  	-0.0644  	-0.0116  	0.01736  	0.53770  	0.55195  	249.634  	214.622  	
-0.2208  	-0.0431  	-0.2199  	-0.1581  	0.06486  	-0.1509  	0.14037  	0.01649  	0.09061  	0.22854  	-0.1175  	0.72306  	0.03764  	-0.0797  	-0.9634  	0.18945  	0.36372  	0.15222  	0.40294  	0.26664  	-0.1667  	0.32013  	0.14989  	-0.0106  	0.09182  	0.13397  	0.17026  	-0.1971  	-0.2034  	-0.0703  	0.01631  	0.02331  	0.14387  	-0.1403  	-0.0382  	0.10411  	0.03976  	-0.0317  	-0.1331  	-0.0747  	0.19331  	0.01286  	0.01752  	0.21342  	0.05802  	-0.0377  	-0.0319  	0.06715  	0.05988  	-0.1287  	-0.0561  	-0.0244  	-0.0113  	-0.0147  	-0.0133  	-0.0049  	-0.0176  	0.01098  	0.01227  	-0.0254  	-0.0164  	0.01337  	0.03316  	0.00957  	0.06919  	0.09704  	-0.0641  	-0.0119  	0.01747  	0.53926  	0.55195  	249.634  	214.622  	
-0.2904  	-0.0556  	-0.2679  	-0.2174  	0.04044  	-0.2121  	0.14290  	-0.0115  	0.09633  	0.24774  	-0.1289  	0.73259  	0.05295  	-0.0690  	-0.9556  	0.12733  	0.36302  	0.16730  	0.37319  	0.26342  	-0.2334  	0.33205  	0.17292  	-0.0068  	0.10366  	0.14476  	0.12975  	-0.1343  	-0.1553  	-0.0707  	0.02708  	0.01447  	0.14230  	-0.1474  	-0.0845  	0.09763  	-0.0047  	-0.0469  	-0.1223  	-0.0636  	0.21858  	0.00485  	0.03055  	0.20988  	0.05183  	-0.0369  	-0.0308  	0.07314  	0.06218  	-0.1318  	-0.0626  	-0.0247  	-0.0114  	-0.0172  	-0.0146  	-0.0077  	-0.0161  	0.00927  	0.01125  	-0.0245  	-0.0186  	0.02064  	0.03389  	0.01295  	0.06619  	0.09767  	-0.0631  	-0.0120  	0.01792  	0.53826  	0.55195  	249.634  	214.622  	
-0.3819  	-0.0753  	-0.2981  	-0.3150  	0.01069  	-0.2784  	0.15719  	-0.0121  	0.08851  	0.27723  	-0.1355  	0.67331  	0.03580  	-0.1143  	-0.9698  	0.08910  	0.37256  	0.15995  	0.39465  	0.24605  	-0.2428  	0.34714  	0.19771  	-0.0135  	0.09072  	0.14673  	0.13162  	-0.1654  	-0.1559  	-0.0853  	0.02977  	0.01461  	0.13018  	-0.1470  	-0.1253  	0.09563  	-0.0004  	-0.0333  	-0.1237  	-0.0557  	0.24455  	-0.0043  	0.03764  	0.22285  	0.04671  	-0.0385  	-0.0318  	0.07608  	0.06736  	-0.1307  	-0.0650  	-0.0268  	-0.0152  	-0.0150  	-0.0160  	-0.0105  	-0.0197  	0.01212  	0.01402  	-0.0235  	-0.0182  	0.02180  	0.03262  	0.00828  	0.06490  	0.09724  	-0.0620  	-0.0122  	0.01820  	0.53939  	0.55195  	249.634  	214.622  	
-0.4011  	-0.0957  	-0.3046  	-0.3264  	0.00036  	-0.2825  	0.16466  	-0.0070  	0.06154  	0.26614  	-0.1452  	0.65606  	0.01898  	-0.1418  	-0.9563  	0.09822  	0.35904  	0.17768  	0.39823  	0.25132  	-0.2602  	0.34485  	0.21991  	-0.0180  	0.08506  	0.14260  	0.14353  	-0.1799  	-0.1333  	-0.0744  	0.03545  	0.00147  	0.12781  	-0.1412  	-0.1195  	0.09400  	-0.0071  	-0.0381  	-0.1182  	-0.0557  	0.24385  	0.01203  	0.02395  	0.23439  	0.04630  	-0.0418  	-0.0304  	0.07527  	0.06406  	-0.1327  	-0.0644  	-0.0217  	-0.0153  	-0.0171  	-0.0151  	-0.0115  	-0.0157  	0.00980  	0.01211  	-0.0250  	-0.0156  	0.01912  	0.03360  	0.01094  	0.06564  	0.09770  	-0.0611  	-0.0123  	0.01732  	0.54826  	0.55195  	249.634  	214.622  	
-0.5072  	-0.1256  	-0.4236  	-0.2628  	0.08347  	-0.3993  	0.18565  	0.00751  	0.07668  	0.29580  	-0.1269  	0.72316  	0.07436  	-0.0680  	-0.9302  	0.04958  	0.33492  	0.19251  	0.39110  	0.26335  	-0.2802  	0.35051  	0.18723  	0.00295  	0.08387  	0.14808  	0.13445  	-0.1461  	-0.1057  	-0.0808  	0.04126  	-0.0245  	0.14570  	-0.1391  	-0.0983  	0.06761  	-0.0665  	-0.0729  	-0.0829  	-0.0275  	0.18845  	0.00796  	0.01564  	0.22537  	0.05450  	-0.0433  	-0.0384  	0.08903  	0.05824  	-0.1308  	-0.0614  	-0.0230  	-0.0215  	-0.0220  	-0.0179  	-0.0101  	-0.0171  	0.00642  	0.01307  	-0.0219  	-0.0108  	0.01831  	0.02964  	0.00837  	0.06796  	0.09838  	-0.0603  	-0.0128  	0.01635  	0.56116  	0.55195  	249.634  	214.622  	
-0.4940  	-0.1330  	-0.4435  	-0.2691  	0.10351  	-0.3225  	0.16617  	0.06472  	0.08122  	0.24120  	-0.0380  	0.73127  	0.07605  	-0.0103  	-0.9269  	0.06716  	0.34465  	0.18335  	0.36727  	0.32967  	-0.1755  	0.30248  	0.14468  	0.04794  	0.02804  	0.15139  	0.11775  	-0.1240  	-0.1708  	-0.1025  	0.04652  	-0.0168  	0.16378  	-0.1343  	-0.0432  	0.03743  	-0.0550  	-0.0661  	-0.0991  	-0.0395  	0.16216  	0.01988  	-0.0122  	0.20388  	0.05509  	-0.0478  	-0.0265  	0.07201  	0.06285  	-0.1242  	-0.0632  	-0.0244  	-0.0169  	-0.0166  	-0.0166  	-0.0090  	-0.0134  	0.00460  	0.00913  	-0.0205  	-0.0141  	0.02572  	0.03087  	0.01051  	0.07109  	0.10137  	-0.0600  	-0.0128  	0.01569  	0.55796  	0.55195  	249.634  	214.622  	
-0.5012  	-0.1469  	-0.4619  	-0.1950  	0.14364  	-0.3808  	0.16388  	0.05241  	0.09994  	0.28842  	-0.0135  	0.81126  	0.07633  	0.01296  	-0.9074  	0.04871  	0.32004  	0.18817  	0.37211  	0.36206  	-0.1761  	0.31419  	0.10326  	0.02593  	0.03400  	0.14500  	0.08351  	-0.0988  	-0.1816  	-0.0993  	0.04360  	-0.0257  	0.17933  	-0.1297  	-0.0383  	0.04022  	-0.0448  	-0.0725  	-0.0936  	-0.0435  	0.15396  	0.03370  	-0.0100  	0.19181  	0.05780  	-0.0471  	-0.0279  	0.07551  	0.06142  	-0.1237  	-0.0662  	-0.0240  	-0.0177  	-0.0147  	-0.0160  	-0.0004  	-0.0134  	0.00258  	0.01241  	-0.0227  	-0.0126  	0.01871  	0.02729  	0.00323  	0.07452  	0.10378  	-0.0597  	-0.0128  	0.01527  	0.54435  	0.55195  	249.634  	214.622  	
-0.4757  	-0.1017  	-0.4261  	-0.1116  	0.17164  	-0.3838  	0.15362  	0.08553  	0.10900  	0.30556  	-0.0282  	0.86296  	0.08215  	0.04877  	-0.8924  	0.05105  	0.30126  	0.17827  	0.38583  	0.37571  	-0.1689  	0.33383  	0.09036  	0.01540  	0.02979  	0.15072  	0.07771  	-0.0764  	-0.1459  	-0.0838  	0.04422  	-0.0297  	0.19290  	-0.1245  	-0.0468  	0.04495  	-0.0395  	-0.0784  	-0.0795  	-0.0481  	0.15611  	0.03449  	-0.0163  	0.19538  	0.06233  	-0.0391  	-0.0275  	0.07798  	0.05506  	-0.1266  	-0.0677  	-0.0246  	-0.0170  	-0.0163  	-0.0221  	-0.0021  	-0.0131  	0.00925  	0.01630  	-0.0226  	-0.0138  	0.01516  	0.02591  	0.00158  	0.07703  	0.10698  	-0.0599  	-0.0126  	0.01453  	0.54502  	0.55195  	249.634  	214.622  	
-0.2097  	-0.0317  	-0.2257  	-0.0594  	0.15123  	-0.1749  	0.15487  	0.12724  	0.12462  	0.19769  	-0.2271  	0.83305  	0.11407  	0.16348  	-0.7298  	0.09881  	0.34236  	0.16111  	0.37410  	0.28773  	-0.1483  	0.33904  	0.15441  	-0.0023  	0.03914  	0.13557  	0.10366  	-0.1500  	-0.1582  	-0.0686  	0.01579  	-0.0201  	0.14832  	-0.1406  	-0.0514  	0.02979  	-0.0267  	-0.0439  	-0.0800  	-0.0375  	0.19177  	-0.0041  	0.01062  	0.21564  	0.04802  	-0.0317  	-0.0300  	0.09900  	0.05924  	-0.1405  	-0.0652  	-0.0270  	-0.0179  	-0.0168  	-0.0254  	-0.0010  	-0.0204  	-0.0006  	0.01388  	-0.0251  	-0.0137  	0.01300  	0.02501  	0.00792  	0.07652  	0.10848  	-0.0597  	-0.0124  	0.01371  	0.55639  	0.55195  	249.634  	214.622  	
0.03948  	0.05965  	-0.0700  	-0.0067  	0.12621  	-0.0070  	0.14629  	0.18236  	0.16687  	0.16889  	-0.2606  	0.77747  	0.15039  	0.21501  	-0.6187  	0.15625  	0.37189  	0.08974  	0.40036  	0.20885  	-0.0296  	0.38271  	0.20258  	0.05066  	0.05762  	0.11756  	0.22974  	-0.3396  	-0.2914  	-0.0729  	0.03238  	0.01990  	0.18009  	-0.1520  	0.00616  	-0.0255  	0.11550  	-0.0160  	-0.1365  	-0.0735  	0.16535  	0.00433  	0.02959  	0.22312  	0.05082  	-0.0334  	-0.0350  	0.08128  	0.06635  	-0.1236  	-0.0695  	-0.0254  	-0.0160  	-0.0182  	-0.0248  	0.00625  	-0.0250  	0.00307  	0.00835  	-0.0263  	-0.0120  	0.02667  	0.02727  	0.00831  	0.07376  	0.11003  	-0.0596  	-0.0117  	0.01434  	0.55650  	0.55195  	249.634  	214.622  	
0.12363  	0.08034  	-0.0104  	-0.0038  	0.11320  	0.03741  	0.16237  	0.22899  	0.17297  	0.14568  	-0.2172  	0.74521  	0.12436  	0.22262  	-0.6002  	0.20330  	0.35375  	0.06974  	0.40647  	0.16900  	0.04313  	0.39549  	0.22686  	0.05929  	0.08334  	0.10937  	0.28011  	-0.4371  	-0.3319  	-0.0701  	0.01206  	0.03664  	0.17876  	-0.1608  	0.04322  	-0.0286  	0.17063  	0.01301  	-0.1554  	-0.1076  	0.15194  	0.01451  	0.04278  	0.22568  	0.04563  	-0.0381  	-0.0339  	0.09226  	0.07357  	-0.1262  	-0.0754  	-0.0256  	-0.0091  	-0.0137  	-0.0197  	0.01280  	-0.0251  	0.00537  	0.00310  	-0.0181  	-0.0128  	0.02709  	0.03228  	0.00773  	0.07143  	0.11055  	-0.0595  	-0.0108  	0.01579  	0.55208  	0.55195  	249.634  	214.622  	
0.06725  	0.04829  	-0.0735  	0.03118  	0.14884  	-0.0034  	0.14970  	0.19024  	0.17315  	0.13166  	-0.2034  	0.78964  	0.11389  	0.16560  	-0.6422  	0.22635  	0.35121  	0.08905  	0.38715  	0.21848  	0.02426  	0.34652  	0.17628  	0.05834  	0.07743  	0.11917  	0.23736  	-0.3328  	-0.2912  	-0.0756  	0.00681  	0.03446  	0.17892  	-0.1515  	0.02975  	-0.0302  	0.13554  	0.00243  	-0.1476  	-0.0888  	0.16765  	0.00838  	0.02292  	0.22580  	0.05008  	-0.0394  	-0.0373  	0.07424  	0.06602  	-0.1293  	-0.0724  	-0.0266  	-0.0126  	-0.0142  	-0.0178  	0.00506  	-0.0233  	0.00568  	0.01383  	-0.0242  	-0.0146  	0.02660  	0.03115  	0.00303  	0.06899  	0.11172  	-0.0596  	-0.0099  	0.01705  	0.56676  	0.55195  	249.634  	214.622  	
0.08052  	0.01118  	-0.1387  	0.27393  	0.25611  	0.05498  	0.15415  	0.16129  	0.14214  	0.12823  	-0.3933  	0.77035  	0.16548  	0.19438  	-0.5567  	0.18789  	0.33225  	0.10393  	0.38954  	0.22238  	-0.1101  	0.38668  	0.12522  	0.03999  	0.19720  	0.09654  	0.27822  	-0.2349  	-0.1662  	0.01190  	-0.0205  	0.02561  	0.15952  	-0.1446  	0.02054  	0.00129  	0.03013  	-0.0398  	-0.1048  	-0.0456  	0.12028  	0.02503  	0.02411  	0.22407  	0.05513  	-0.0424  	-0.0442  	0.08993  	0.07264  	-0.1357  	-0.0556  	-0.0292  	-0.0194  	-0.0192  	-0.0170  	0.00524  	-0.0150  	0.00758  	0.01502  	-0.0287  	-0.0246  	0.01596  	0.02907  	0.00098  	0.06763  	0.11189  	-0.0593  	-0.0086  	0.01846  	0.56648  	0.55195  	249.634  	214.622  	
0.05963  	0.03750  	-0.1504  	0.34248  	0.30851  	0.02593  	0.12612  	0.16916  	0.10943  	0.14594  	-0.4638  	0.77718  	0.19745  	0.19633  	-0.4098  	0.05414  	0.42516  	-0.0555  	0.46179  	-0.0323  	-0.1211  	0.26388  	-0.0491  	0.04055  	0.14391  	0.18179  	0.27663  	-0.3228  	-0.0701  	0.01442  	0.06783  	-0.0121  	0.07462  	-0.2592  	-0.0279  	-0.0092  	-0.0872  	-0.0597  	-0.1832  	-0.1100  	0.18192  	0.12148  	-0.0713  	0.28026  	0.00923  	-0.0214  	-0.0616  	0.10498  	0.06741  	-0.1569  	-0.0591  	-0.0238  	-0.0139  	-0.0086  	-0.0157  	-0.0006  	-0.0267  	-0.0001  	0.01867  	-0.0180  	-0.0142  	0.00702  	0.01843  	0.00388  	0.06731  	0.11382  	-0.0590  	-0.0072  	0.01979  	0.56768  	0.55195  	249.634  	214.622  	
-0.0041  	0.02241  	-0.1345  	0.22664  	0.26603  	-0.0179  	0.08660  	0.22997  	0.09499  	0.08400  	-0.4133  	0.75329  	0.21280  	0.08478  	-0.4425  	0.02558  	0.50352  	-0.1475  	0.48893  	-0.2074  	-0.0202  	0.08414  	-0.1779  	0.07067  	0.03646  	0.25070  	0.28379  	-0.4137  	-0.0589  	-0.0337  	0.14101  	-0.0526  	0.00100  	-0.3735  	-0.0804  	-0.0322  	-0.0902  	-0.0396  	-0.2752  	-0.1537  	0.24450  	0.21001  	-0.1527  	0.34877  	-0.0429  	-0.0104  	-0.0729  	0.11699  	0.05277  	-0.1437  	-0.0536  	-0.0165  	-0.0134  	0.00988  	-0.0074  	0.00180  	-0.0239  	-0.0103  	0.01652  	-0.0085  	-0.0070  	0.01071  	0.00701  	0.00782  	0.06861  	0.11504  	-0.0589  	-0.0060  	0.02063  	0.57156  	0.55195  	249.634  	214.622  	
-0.0449  	0.04202  	-0.0811  	0.00446  	0.18105  	-0.0835  	0.10728  	0.18248  	0.09456  	0.12670  	-0.2058  	0.75111  	0.16059  	-0.0317  	-0.6183  	0.09734  	0.49585  	-0.1333  	0.52590  	-0.2208  	0.01266  	0.01630  	-0.2379  	0.07612  	-0.0011  	0.27476  	0.26715  	-0.4647  	-0.1173  	-0.0869  	0.18386  	-0.0391  	-0.0116  	-0.4011  	-0.0800  	0.00355  	-0.0297  	-0.0111  	-0.3410  	-0.1828  	0.29078  	0.23307  	-0.1757  	0.35657  	-0.0527  	-0.0109  	-0.0799  	0.11455  	0.04764  	-0.1504  	-0.0472  	-0.0127  	-0.0126  	0.01319  	-0.0062  	0.00499  	-0.0277  	-0.0150  	0.01471  	-0.0082  	-0.0083  	0.00293  	0.00018  	0.00401  	0.07172  	0.11753  	-0.0583  	-0.0051  	0.02053  	0.57197  	0.55195  	249.634  	214.622  	
-0.0617  	-0.0291  	-0.1197  	0.00390  	0.16855  	-0.1237  	0.11466  	0.12910  	0.06747  	0.18920  	-0.1791  	0.73107  	0.13419  	-0.1253  	-0.7403  	0.12562  	0.48354  	-0.0837  	0.50933  	-0.1192  	-0.0507  	0.01905  	-0.2297  	0.08466  	0.06645  	0.24296  	0.25839  	-0.3609  	-0.1005  	-0.0824  	0.15233  	-0.0302  	-0.0083  	-0.3874  	-0.0958  	0.05304  	-0.0598  	-0.0301  	-0.3096  	-0.1558  	0.26665  	0.20593  	-0.1582  	0.35097  	-0.0319  	-0.0112  	-0.0696  	0.10098  	0.04673  	-0.1484  	-0.0450  	-0.0182  	-0.0114  	0.00785  	-0.0076  	0.00028  	-0.0190  	-0.0143  	0.01205  	-0.0081  	-0.0111  	0.00576  	0.01040  	0.00768  	0.07535  	0.11958  	-0.0576  	-0.0048  	0.02008  	0.57912  	0.55195  	249.634  	214.622  	
-0.1273  	-0.0381  	-0.1680  	-0.0608  	0.13716  	-0.1322  	0.14664  	0.09705  	0.07572  	0.21654  	-0.1499  	0.71990  	0.10222  	-0.0958  	-0.8558  	0.19070  	0.39533  	0.01782  	0.45715  	0.06228  	-0.1274  	0.16156  	-0.1077  	0.03093  	0.10943  	0.18529  	0.25071  	-0.2549  	-0.1433  	-0.0644  	0.09517  	0.00636  	0.05454  	-0.2730  	-0.0658  	0.09386  	-0.0158  	-0.0290  	-0.2251  	-0.1337  	0.22711  	0.12751  	-0.0754  	0.28705  	0.00754  	-0.0265  	-0.0540  	0.09133  	0.05830  	-0.1464  	-0.0505  	-0.0212  	-0.0093  	-0.0022  	-0.0101  	-0.0023  	-0.0144  	-0.0016  	0.01434  	-0.0171  	-0.0148  	0.00666  	0.02422  	0.00829  	0.07848  	0.12277  	-0.0570  	-0.0042  	0.02018  	0.56063  	0.55195  	249.634  	214.622  	
-0.0848  	-0.0374  	-0.1673  	-0.0352  	0.15023  	-0.0931  	0.17484  	0.05498  	0.09062  	0.23683  	-0.1688  	0.71854  	0.04940  	-0.0549  	-0.9095  	0.25270  	0.33491  	0.14022  	0.41813  	0.25751  	-0.1681  	0.34891  	0.10979  	0.04257  	0.19625  	0.08640  	0.27739  	-0.2030  	-0.2194  	-0.0426  	-0.0259  	0.04696  	0.11695  	-0.1435  	-0.0105  	0.12379  	0.06730  	-0.0193  	-0.1377  	-0.0599  	0.16674  	0.01792  	0.01318  	0.22521  	0.05123  	-0.0401  	-0.0407  	0.08026  	0.06943  	-0.1412  	-0.0549  	-0.0248  	-0.0095  	-0.0134  	-0.0157  	0.00136  	-0.0121  	0.00664  	0.01303  	-0.0226  	-0.0174  	0.01139  	0.03402  	0.00453  	0.08187  	0.12404  	-0.0567  	-0.0042  	0.02027  	0.53965  	0.55195  	249.634  	214.622  	
-0.1760  	-0.0447  	-0.1994  	-0.1250  	0.09777  	-0.0940  	0.15190  	0.04618  	0.10039  	0.19637  	-0.1897  	0.69036  	0.03167  	-0.0449  	-0.9267  	0.18122  	0.36668  	0.15976  	0.40032  	0.26708  	-0.1678  	0.32026  	0.12988  	0.02133  	0.16656  	0.10691  	0.21614  	-0.1932  	-0.1805  	-0.0334  	-0.0045  	0.03465  	0.12041  	-0.1462  	-0.0355  	0.11879  	0.05442  	-0.0244  	-0.1292  	-0.0616  	0.17634  	0.01155  	0.02241  	0.21918  	0.05335  	-0.0387  	-0.0415  	0.06578  	0.06196  	-0.1325  	-0.0601  	-0.0241  	-0.0118  	-0.0134  	-0.0138  	8.46087  	-0.0132  	0.00605  	0.01446  	-0.0263  	-0.0175  	0.01098  	0.03823  	0.00667  	0.08350  	0.12464  	-0.0568  	-0.0045  	0.01970  	0.54135  	0.55195  	249.634  	214.622  	
-0.2702  	-0.0715  	-0.2812  	-0.0952  	0.15562  	-0.1574  	0.14663  	0.02704  	0.09132  	0.17049  	-0.1835  	0.73523  	0.03324  	-0.0375  	-0.8367  	0.10314  	0.34789  	0.15670  	0.39267  	0.27931  	-0.1554  	0.35012  	0.15139  	0.03819  	0.15160  	0.12326  	0.21522  	-0.1579  	-0.1792  	-0.0518  	0.00280  	0.01772  	0.13073  	-0.1415  	-0.0247  	0.09962  	0.03484  	-0.0324  	-0.1227  	-0.0543  	0.15801  	0.02502  	0.01614  	0.22215  	0.05204  	-0.0461  	-0.0352  	0.06453  	0.06083  	-0.1382  	-0.0558  	-0.0244  	-0.0155  	-0.0148  	-0.0154  	-0.0006  	-0.0111  	0.01107  	0.01524  	-0.0267  	-0.0183  	0.01083  	0.03555  	0.00749  	0.08280  	0.12262  	-0.0565  	-0.0053  	0.01864  	0.54398  	0.55195  	249.634  	214.622  	
-0.3176  	-0.0747  	-0.3135  	-0.0954  	0.16668  	-0.2631  	0.13408  	0.05689  	0.09238  	0.21656  	-0.1617  	0.78591  	0.07304  	0.02696  	-0.7979  	0.08961  	0.33368  	0.15640  	0.36451  	0.28347  	-0.1864  	0.35080  	0.14841  	-0.0015  	0.09045  	0.13146  	0.16183  	-0.1305  	-0.1695  	-0.0630  	0.02057  	-0.0073  	0.15080  	-0.1323  	-0.0293  	0.06132  	-0.0020  	-0.0428  	-0.1155  	-0.0588  	0.15943  	0.01209  	0.00588  	0.21829  	0.05980  	-0.0428  	-0.0295  	0.06302  	0.05831  	-0.1316  	-0.0632  	-0.0264  	-0.0149  	-0.0127  	-0.0181  	-0.0068  	-0.0109  	0.00950  	0.01561  	-0.0244  	-0.0146  	0.01857  	0.03458  	0.00639  	0.08142  	0.12084  	-0.0568  	-0.0060  	0.01850  	0.54507  	0.55195  	249.634  	214.622  	
-0.2598  	-0.0351  	-0.2725  	-0.0848  	0.16331  	-0.2224  	0.11721  	0.07699  	0.10090  	0.19247  	-0.1809  	0.80768  	0.05877  	0.07321  	-0.7613  	0.08479  	0.34655  	0.12871  	0.37502  	0.25525  	-0.1555  	0.35219  	0.17482  	-0.0023  	0.07803  	0.12549  	0.17124  	-0.1767  	-0.1869  	-0.0537  	0.01595  	-0.0122  	0.14778  	-0.1318  	-0.0172  	0.03511  	0.02862  	-0.0306  	-0.1336  	-0.0791  	0.17506  	0.00915  	0.01556  	0.22074  	0.05696  	-0.0383  	-0.0248  	0.06494  	0.05857  	-0.1286  	-0.0687  	-0.0288  	-0.0136  	-0.0152  	-0.0209  	-0.0061  	-0.0175  	0.01087  	0.01097  	-0.0280  	-0.0155  	0.01791  	0.03506  	0.00543  	0.08091  	0.11784  	-0.0573  	-0.0067  	0.01855  	0.54166  	0.55195  	249.634  	214.622  	
-0.1274  	-0.0014  	-0.1785  	0.01947  	0.16953  	-0.1050  	0.10255  	0.13566  	0.12906  	0.14476  	-0.2455  	0.80967  	0.07320  	0.11881  	-0.6849  	0.13935  	0.36588  	0.10636  	0.38975  	0.21966  	-0.0939  	0.34704  	0.19201  	0.04294  	0.02974  	0.13824  	0.18238  	-0.2472  	-0.2436  	-0.0775  	0.01352  	0.01491  	0.15386  	-0.1451  	0.00862  	-0.0089  	0.06602  	-0.0263  	-0.1392  	-0.0698  	0.16573  	0.00372  	0.03043  	0.22510  	0.04742  	-0.0411  	-0.0249  	0.07268  	0.06181  	-0.1226  	-0.0666  	-0.0264  	-0.0184  	-0.0154  	-0.0192  	-0.0045  	-0.0226  	0.00024  	0.01526  	-0.0228  	-0.0176  	0.02325  	0.02418  	0.00549  	0.08048  	0.11456  	-0.0579  	-0.0075  	0.01816  	0.54650  	0.55195  	249.634  	214.622  	
0.07933  	0.06084  	-0.0725  	0.03747  	0.14478  	0.00658  	0.14355  	0.20157  	0.15427  	0.13446  	-0.2356  	0.75894  	0.12476  	0.20018  	-0.6180  	0.19174  	0.35839  	0.08860  	0.39914  	0.19759  	0.02043  	0.36248  	0.20790  	0.04857  	0.06783  	0.10751  	0.24930  	-0.3833  	-0.2965  	-0.0786  	0.00512  	0.02774  	0.16945  	-0.1599  	0.03447  	-0.0248  	0.13950  	0.00644  	-0.1568  	-0.0921  	0.15950  	0.00731  	0.02657  	0.21686  	0.04645  	-0.0386  	-0.0331  	0.08284  	0.06987  	-0.1241  	-0.0700  	-0.0250  	-0.0142  	-0.0166  	-0.0221  	0.00891  	-0.0242  	0.00373  	0.01131  	-0.0246  	-0.0131  	0.02928  	0.02847  	0.00282  	0.08039  	0.10965  	-0.0586  	-0.0082  	0.01783  	0.54919  	0.55195  	249.634  	214.622  	
0.13036  	0.06022  	-0.0425  	0.02258  	0.13512  	0.02807  	0.16811  	0.21480  	0.15115  	0.14608  	-0.2050  	0.74889  	0.12180  	0.21060  	-0.6257  	0.21428  	0.34489  	0.07709  	0.40206  	0.18013  	0.01588  	0.37080  	0.21192  	0.05268  	0.09608  	0.10145  	0.28381  	-0.4119  	-0.3056  	-0.0762  	0.00498  	0.03443  	0.17090  	-0.1587  	0.04942  	-0.0133  	0.15546  	0.01144  	-0.1568  	-0.1040  	0.14773  	0.00995  	0.03331  	0.22502  	0.04831  	-0.0390  	-0.0354  	0.08894  	0.07350  	-0.1238  	-0.0720  	-0.0264  	-0.0114  	-0.0125  	-0.0169  	0.00962  	-0.0234  	0.00336  	0.00717  	-0.0221  	-0.0137  	0.02662  	0.03262  	0.00448  	0.08066  	0.10657  	-0.0598  	-0.0087  	0.01767  	0.54996  	0.55195  	249.634  	214.622  	
0.13288  	0.08009  	0.00469  	0.02252  	0.08239  	0.06887  	0.16232  	0.24040  	0.17289  	0.10871  	-0.1345  	0.7165  	0.10788  	0.22709  	-0.6198  	0.23659  	0.36234  	0.03547  	0.40863  	0.13935  	0.11469  	0.38740  	0.25174  	0.12864  	0.09398  	0.09572  	0.36079  	-0.5011  	-0.4096  	-0.0749  	-0.0016  	0.06338  	0.17138  	-0.1526  	0.09625  	-0.0507  	0.22555  	0.03434  	-0.1889  	-0.1196  	0.12045  	0.01226  	0.02517  	0.22141  	0.04532  	-0.0383  	-0.0386  	0.08821  	0.07144  	-0.1306  	-0.0745  	-0.0235  	-0.0108  	-0.0101  	-0.0197  	0.01009  	-0.0275  	0.00440  	0.00550  	-0.0172  	-0.0113  	0.02230  	0.03464  	0.00371  	0.08105  	0.10305  	-0.0611  	-0.0092  	0.01786  	0.54190  	0.55195  	249.634  	214.622  	
0.10936  	0.07314  	0.02498  	-0.0071  	0.05406  	0.07954  	0.16015  	0.25430  	0.17577  	0.10373  	-0.1285  	0.70603  	0.11663  	0.24241  	-0.6278  	0.23621  	0.37052  	0.03128  	0.40255  	0.12453  	0.14792  	0.38316  	0.26482  	0.15443  	0.08573  	0.09442  	0.36595  	-0.5061  	-0.4300  	-0.0860  	-0.0002  	0.06469  	0.16314  	-0.1555  	0.11933  	-0.0678  	0.24143  	0.03016  	-0.1926  	-0.1252  	0.12152  	0.01609  	0.01838  	0.21906  	0.04798  	-0.0381  	-0.0390  	0.08682  	0.07101  	-0.1277  	-0.0697  	-0.0225  	-0.0111  	-0.0105  	-0.0210  	0.01150  	-0.0277  	0.00524  	0.00671  	-0.0176  	-0.0110  	0.02393  	0.03746  	0.00392  	0.08137  	0.10104  	-0.0623  	-0.0097  	0.01760  	0.53880  	0.55195  	249.634  	214.622  	
0.10947  	0.07001  	0.01141  	-0.0147  	0.03596  	0.07680  	0.15794  	0.26028  	0.18609  	0.09038  	-0.0837  	0.72593  	0.10068  	0.21468  	-0.6518  	0.24793  	0.37606  	0.03926  	0.40787  	0.13329  	0.15580  	0.37369  	0.26884  	0.13774  	0.05642  	0.09819  	0.34365  	-0.5011  	-0.4487  	-0.0957  	-0.0028  	0.06180  	0.17030  	-0.1546  	0.11316  	-0.0693  	0.25378  	0.04045  	-0.1957  	-0.1263  	0.12344  	0.01117  	0.01968  	0.22209  	0.05057  	-0.0371  	-0.0380  	0.07877  	0.06951  	-0.1233  	-0.0676  	-0.0240  	-0.0097  	-0.0085  	-0.0203  	0.01269  	-0.0284  	0.00598  	0.00787  	-0.0160  	-0.0123  	0.02289  	0.03391  	0.00427  	0.08099  	0.09890  	-0.0635  	-0.0101  	0.01710  	0.54426  	0.55195  	249.634  	214.622  	
0.15469  	0.04851  	0.03418  	-0.0189  	0.10034  	0.05216  	0.18602  	0.23326  	0.19734  	0.17751  	-0.1471  	0.78026  	0.13847  	0.24716  	-0.7923  	0.27297  	0.35191  	0.08983  	0.41006  	0.20041  	0.04170  	0.33376  	0.20137  	0.03071  	0.08828  	0.08775  	0.26985  	-0.3769  	-0.3336  	-0.0787  	0.00920  	0.04749  	0.17747  	-0.1522  	0.01804  	-0.0278  	0.17023  	0.01031  	-0.1302  	-0.1066  	0.15935  	0.00347  	0.05183  	0.23341  	0.05495  	-0.0406  	-0.0398  	0.10299  	0.08203  	-0.1337  	-0.0770  	-0.0256  	-0.0137  	-0.0122  	-0.0158  	0.00727  	-0.0277  	0.00207  	0.00629  	-0.0192  	-0.0117  	0.02297  	0.03781  	0.00399  	0.07916  	0.09873  	-0.0647  	-0.0103  	0.01755  	0.53467  	0.55195  	249.634  	214.622  	
-0.0356  	0.02291  	-0.1737  	-0.0502  	0.11833  	-0.0948  	0.14220  	0.16933  	0.16490  	0.20008  	-0.1420  	0.79212  	0.13766  	0.28439  	-0.7928  	0.25436  	0.33322  	0.10999  	0.39349  	0.27335  	-0.0061  	0.32783  	0.11717  	0.06602  	0.11282  	0.09866  	0.23561  	-0.3270  	-0.2959  	-0.0777  	0.01656  	0.01867  	0.18930  	-0.1517  	0.04753  	-0.0093  	0.11761  	-0.0379  	-0.1265  	-0.0692  	0.15604  	0.01677  	0.01988  	0.22406  	0.04951  	-0.0300  	-0.0358  	0.08152  	0.06195  	-0.1321  	-0.0680  	-0.0280  	-0.0171  	-0.0205  	-0.0274  	0.00448  	-0.0236  	0.00283  	0.00828  	-0.0273  	-0.0105  	0.02901  	0.02361  	0.00529  	0.07739  	0.09778  	-0.0654  	-0.0105  	0.01835  	0.52188  	0.55195  	249.634  	214.622  	
-0.3673  	-0.0653  	-0.3570  	-0.0316  	0.21683  	-0.2648  	0.13660  	0.08191  	0.08672  	0.24105  	-0.1186  	0.88694  	0.09947  	0.16000  	-0.8306  	0.12631  	0.29850  	0.17191  	0.39833  	0.30960  	-0.1370  	0.33443  	0.09662  	0.08644  	0.03066  	0.14090  	0.16164  	-0.1789  	-0.1993  	-0.0830  	0.03052  	-0.0127  	0.18770  	-0.1488  	-0.0081  	0.05402  	0.00096  	-0.0708  	-0.1184  	-0.0561  	0.13583  	0.04214  	-0.0049  	0.21645  	0.06428  	-0.0326  	-0.0273  	0.06970  	0.05964  	-0.1373  	-0.0689  	-0.0303  	-0.0236  	-0.0175  	-0.0204  	-0.0054  	-0.0188  	0.00813  	0.01969  	-0.0219  	-0.0142  	0.02182  	0.02315  	0.00590  	0.07445  	0.09761  	-0.0658  	-0.0109  	0.01862  	0.52895  	0.55195  	249.634  	214.622  	
-0.4712  	-0.0933  	-0.3641  	-0.2813  	0.07495  	-0.3327  	0.14856  	0.09273  	0.08477  	0.29439  	-0.0661  	0.79008  	0.02144  	0.00732  	-0.9768  	0.03907  	0.33373  	0.16961  	0.40725  	0.26695  	-0.1839  	0.34658  	0.16185  	0.00397  	0.05375  	0.14200  	0.15862  	-0.1883  	-0.1724  	-0.0724  	0.03517  	-0.0116  	0.13848  	-0.1489  	-0.0795  	0.06279  	-0.0067  	-0.0521  	-0.0977  	-0.0570  	0.17316  	0.01886  	0.00874  	0.21498  	0.06574  	-0.0452  	-0.0331  	0.06701  	0.04949  	-0.1279  	-0.0677  	-0.0255  	-0.0170  	-0.0151  	-0.0207  	-0.0090  	-0.0121  	0.00750  	0.01466  	-0.0195  	-0.0131  	0.01638  	0.03290  	0.00509  	0.07153  	0.09617  	-0.0654  	-0.0112  	0.01878  	0.53144  	0.55195  	249.634  	214.622  	
-0.3888  	-0.0817  	-0.2571  	-0.4319  	-0.0563  	-0.3127  	0.14806  	0.04575  	0.10157  	0.28880  	-0.0757  	0.66647  	0.01991  	-0.0507  	-1.0451  	0.05720  	0.37044  	0.16566  	0.42520  	0.25597  	-0.1754  	0.33792  	0.24471  	0.00122  	0.07739  	0.14237  	0.16344  	-0.2151  	-0.1817  	-0.0897  	0.05589  	-0.0051  	0.13096  	-0.1422  	-0.1284  	0.06002  	0.02415  	-0.0329  	-0.1033  	-0.0690  	0.23005  	-0.0097  	0.03793  	0.23722  	0.05735  	-0.0428  	-0.0400  	0.07404  	0.06402  	-0.1338  	-0.0720  	-0.0247  	-0.0205  	-0.0137  	-0.0218  	-0.0108  	-0.0196  	0.00861  	0.00912  	-0.0236  	-0.0090  	0.02184  	0.04080  	0.00997  	0.06875  	0.09653  	-0.0645  	-0.0113  	0.01929  	0.53044  	0.55195  	249.634  	214.622  	
-0.2995  	-0.0397  	-0.2231  	-0.2960  	-0.0009  	-0.2175  	0.12852  	0.08432  	0.11672  	0.24174  	-0.1762  	0.68161  	0.05012  	-0.0269  	-0.9292  	0.08807  	0.37823  	0.15544  	0.42306  	0.22917  	-0.1623  	0.35611  	0.26143  	-0.0061  	0.06551  	0.14002  	0.17347  	-0.2458  	-0.2125  	-0.0817  	0.03564  	0.01092  	0.14850  	-0.1495  	-0.1252  	0.02809  	0.06150  	-0.0202  	-0.1154  	-0.0701  	0.24662  	-0.0153  	0.05177  	0.23702  	0.05112  	-0.0409  	-0.0327  	0.07768  	0.05590  	-0.1285  	-0.0743  	-0.0236  	-0.0187  	-0.0182  	-0.0246  	-0.0075  	-0.0274  	0.00341  	0.01350  	-0.0259  	-0.0124  	0.02323  	0.03102  	0.00221  	0.06765  	0.09580  	-0.0633  	-0.0116  	0.01959  	0.53061  	0.55195  	249.634  	214.622  	
-0.2158  	-0.0173  	-0.2205  	-0.1645  	0.03751  	-0.1460  	0.11621  	0.10348  	0.11102  	0.21625  	-0.1974  	0.74111  	0.09043  	0.02551  	-0.8572  	0.11796  	0.37331  	0.15638  	0.41769  	0.20757  	-0.1674  	0.35043  	0.24904  	-0.0132  	0.04901  	0.14758  	0.14753  	-0.2301  	-0.1838  	-0.0840  	0.04271  	0.00991  	0.16342  	-0.1456  	-0.1037  	0.02138  	0.01885  	-0.0381  	-0.1053  	-0.0474  	0.22240  	-0.0179  	0.05487  	0.22927  	0.03919  	-0.0417  	-0.0333  	0.07546  	0.05609  	-0.1372  	-0.0708  	-0.0239  	-0.0167  	-0.0210  	-0.0237  	-0.0002  	-0.0282  	0.00224  	0.01134  	-0.0258  	-0.0091  	0.01757  	0.02472  	0.00269  	0.06854  	0.09602  	-0.0622  	-0.0118  	0.01872  	0.53900  	0.55195  	249.634  	214.622  	
-0.1699  	0.01566  	-0.1779  	-0.1534  	0.04933  	-0.1354  	0.13952  	0.08277  	0.12793  	0.23165  	-0.1556  	0.77727  	0.08028  	0.05530  	-0.8412  	0.14387  	0.35209  	0.17054  	0.40717  	0.20106  	-0.1804  	0.35045  	0.22923  	-0.0323  	0.06046  	0.14403  	0.11717  	-0.2182  	-0.1763  	-0.0960  	0.03998  	0.00692  	0.18095  	-0.1437  	-0.0886  	0.02977  	0.01919  	-0.0300  	-0.1029  	-0.0555  	0.23210  	-0.0083  	0.04810  	0.22893  	0.03444  	-0.0425  	-0.0274  	0.07783  	0.06449  	-0.1228  	-0.0701  	-0.0241  	-0.0139  	-0.0165  	-0.0197  	-0.0055  	-0.0253  	0.00629  	0.00943  	-0.0254  	-0.0089  	0.02694  	0.03569  	0.00803  	0.07092  	0.09636  	-0.0612  	-0.0123  	0.01787  	0.54978  	0.55195  	249.634  	214.622  	
-0.1921  	0.00356  	-0.1919  	-0.1470  	0.03488  	-0.1134  	0.12983  	0.10402  	0.12972  	0.19347  	-0.1016  	0.76359  	0.05973  	0.08180  	-0.8060  	0.14785  	0.34098  	0.13428  	0.39866  	0.17841  	-0.0775  	0.35310  	0.24255  	0.00879  	0.04377  	0.12805  	0.17690  	-0.3017  	-0.2717  	-0.0934  	0.03629  	0.01758  	0.16866  	-0.1481  	-0.0193  	0.00191  	0.09983  	-0.0018  	-0.1546  	-0.0891  	0.20364  	-0.0018  	0.01876  	0.21991  	0.04053  	-0.0375  	-0.0276  	0.06672  	0.05664  	-0.1161  	-0.0733  	-0.0224  	-0.0128  	-0.0147  	-0.0218  	-0.0059  	-0.0281  	0.00485  	0.00832  	-0.0270  	-0.0118  	0.02494  	0.03663  	0.00569  	0.07394  	0.09912  	-0.0607  	-0.0123  	0.01737  	0.54359  	0.55195  	249.634  	214.622  	
-0.1979  	-0.0091  	-0.2197  	-0.0976  	0.07026  	-0.1147  	0.14088  	0.09125  	0.13321  	0.18921  	-0.1654  	0.75991  	0.07218  	0.06544  	-0.7763  	0.14491  	0.35472  	0.1471  	0.39185  	0.20937  	-0.1100  	0.35114  	0.20898  	0.00328  	0.07617  	0.12207  	0.16920  	-0.2521  	-0.2215  	-0.0728  	0.03004  	0.02203  	0.16168  	-0.1374  	-0.0304  	0.02252  	0.05681  	-0.0123  	-0.1344  	-0.0716  	0.20504  	-2.3514  	0.01368  	0.22093  	0.04306  	-0.0396  	-0.0267  	0.06422  	0.05870  	-0.1207  	-0.0686  	-0.0224  	-0.0119  	-0.0154  	-0.0205  	-0.0027  	-0.0276  	0.00418  	0.01004  	-0.0267  	-0.0113  	0.02321  	0.03237  	0.00578  	0.07737  	0.10120  	-0.0605  	-0.0123  	0.01713  	0.52740  	0.55195  	249.634  	214.622  	
-0.3859  	-0.0743  	-0.2714  	-0.2906  	-0.0013  	-0.2657  	0.11669  	-0.0007  	0.07707  	0.27776  	-0.0966  	0.73065  	0.00848  	-0.1090  	-0.9958  	0.13536  	0.36843  	0.15445  	0.40487  	0.21129  	-0.2087  	0.33296  	0.23979  	-0.0403  	0.04662  	0.15250  	0.11049  	-0.1799  	-0.1789  	-0.0832  	0.03096  	0.01084  	0.12426  	-0.1384  	-0.1157  	0.09027  	0.02401  	-0.0211  	-0.1253  	-0.0848  	0.23909  	-0.0007  	0.03588  	0.23884  	0.04542  	-0.0402  	-0.0312  	0.07771  	0.05848  	-0.1264  	-0.0684  	-0.0202  	-0.0158  	-0.0147  	-0.0166  	-0.0082  	-0.0198  	0.00636  	0.01378  	-0.0266  	-0.0126  	0.02415  	0.03122  	0.00668  	0.08003  	0.10411  	-0.0609  	-0.0121  	0.01658  	0.52686  	0.55195  	249.634  	214.622  	
-0.3700  	-0.0751  	-0.2804  	-0.2835  	-0.0057  	-0.2836  	0.10986  	0.00606  	0.08609  	0.30226  	-0.1005  	0.74944  	0.02127  	-0.1159  	-1.0042  	0.12706  	0.36378  	0.15354  	0.40611  	0.21240  	-0.2236  	0.33546  	0.27114  	-0.0331  	0.00675  	0.16669  	0.08743  	-0.1776  	-0.1772  	-0.0933  	0.03853  	0.00864  	0.12815  	-0.1400  	-0.1208  	0.06863  	0.01283  	-0.0230  	-0.1281  	-0.0804  	0.25165  	-0.0049  	0.04441  	0.24401  	0.04286  	-0.0397  	-0.0318  	0.08188  	0.06268  	-0.1229  	-0.0740  	-0.0192  	-0.0165  	-0.0165  	-0.0152  	-0.0124  	-0.0221  	0.00734  	0.01196  	-0.0301  	-0.0138  	0.02352  	0.02814  	0.00527  	0.07986  	0.10590  	-0.0611  	-0.0122  	0.01590  	0.53740  	0.55195  	249.634  	214.622  	
-0.4333  	-0.0895  	-0.3103  	-0.3267  	-0.0025  	-0.3069  	0.12146  	-0.0183  	0.07165  	0.31467  	-0.1424  	0.72031  	0.03287  	-0.1573  	-1.0034  	0.10494  	0.37273  	0.16560  	0.40186  	0.21665  	-0.2831  	0.32848  	0.25915  	-0.0496  	0.03425  	0.15591  	0.07555  	-0.1292  	-0.1183  	-0.0833  	0.04353  	0.00302  	0.12964  	-0.1359  	-0.1626  	0.08599  	-0.0354  	-0.0380  	-0.1023  	-0.0606  	0.27023  	-0.0058  	0.04674  	0.24253  	0.04242  	-0.0424  	-0.0354  	0.08213  	0.06445  	-0.1297  	-0.0686  	-0.0201  	-0.0165  	-0.0201  	-0.0136  	-0.0140  	-0.0145  	0.01092  	0.01267  	-0.0294  	-0.0135  	0.02382  	0.03596  	0.01196  	0.07758  	0.10788  	-0.0613  	-0.0116  	0.01647  	0.53732  	0.55195  	249.634  	214.622  	
-0.4172  	-0.0781  	-0.2955  	-0.3117  	-0.0025  	-0.2855  	0.13042  	-0.0035  	0.06664  	0.29930  	-0.1243  	0.71139  	0.02107  	-0.1481  	-0.9788  	0.10985  	0.36856  	0.16240  	0.39539  	0.22990  	-0.2684  	0.35123  	0.23928  	-0.0366  	0.05286  	0.14359  	0.09757  	-0.1538  	-0.1276  	-0.0763  	0.04305  	-0.0014  	0.12993  	-0.1315  	-0.1468  	0.08254  	-0.0221  	-0.0326  	-0.1118  	-0.0621  	0.26162  	-0.0019  	0.03905  	0.2364  	0.04080  	-0.0421  	-0.0310  	0.07606  	0.06316  	-0.1296  	-0.0705  	-0.0218  	-0.0161  	-0.0170  	-0.0166  	-0.0121  	-0.0166  	0.00897  	0.01047  	-0.0278  	-0.0141  	0.02143  	0.03492  	0.00947  	0.07574  	0.10894  	-0.0612  	-0.0108  	0.01777  	0.53632  	0.55195  	249.634  	214.622  	
-0.3331  	-0.0596  	-0.2826  	-0.2061  	0.04666  	-0.2200  	0.13090  	0.03223  	0.06739  	0.24923  	-0.1583  	0.74472  	0.04304  	-0.0783  	-0.8982  	0.11829  	0.36487  	0.13563  	0.38186  	0.21987  	-0.2641  	0.37615  	0.24342  	-0.0095  	0.05998  	0.14766  	0.13511  	-0.1873  	-0.1364  	-0.0638  	0.03856  	-0.0048  	0.13878  	-0.1274  	-0.1117  	0.07548  	-0.0153  	-0.0343  	-0.1154  	-0.0646  	0.24209  	0.00139  	0.03730  	0.23750  	0.04112  	-0.0424  	-0.0318  	0.07458  	0.06099  	-0.1242  	-0.0755  	-0.0240  	-0.0165  	-0.0174  	-0.0187  	-0.0113  	-0.0197  	0.00706  	0.00957  	-0.0336  	-0.0136  	0.02134  	0.03223  	0.00632  	0.07324  	0.11069  	-0.0613  	-0.0100  	0.01876  	0.55607  	0.55195  	249.634  	214.622  	
-0.3185  	-0.0588  	-0.2672  	-0.1944  	0.07633  	-0.1956  	0.14263  	0.02161  	0.08874  	0.22874  	-0.2123  	0.75685  	0.04957  	-0.0866  	-0.9128  	0.10654  	0.36543  	0.17151  	0.39472  	0.24255  	-0.2764  	0.36248  	0.22149  	-0.0397  	0.06676  	0.14759  	0.09450  	-0.1225  	-0.0951  	-0.0812  	0.03369  	-0.0170  	0.14706  	-0.1269  	-0.1488  	0.07951  	-0.0349  	-0.0403  	-0.0965  	-0.0494  	0.25131  	-0.0066  	0.04983  	0.23803  	0.04166  	-0.0429  	-0.0331  	0.08217  	0.06060  	-0.1277  	-0.0694  	-0.0248  	-0.0179  	-0.0198  	-0.0186  	-0.0098  	-0.0191  	0.00538  	0.01280  	-0.0300  	-0.0148  	0.01928  	0.03375  	0.01055  	0.07132  	0.11121  	-0.0607  	-0.0088  	0.01977  	0.56157  	0.55195  	249.634  	214.622  	
-0.3559  	-0.0706  	-0.2410  	-0.2493  	0.03550  	-0.2209  	0.14993  	0.03043  	0.09036  	0.26107  	-0.1490  	0.75447  	0.06490  	-0.0824  	-0.9613  	0.12359  	0.35410  	0.17865  	0.39879  	0.25918  	-0.2698  	0.36427  	0.21774  	-0.0438  	0.03561  	0.14974  	0.08350  	-0.1471  	-0.1291  	-0.0973  	0.04656  	-0.0127  	0.15454  	-0.1379  	-0.1453  	0.07611  	-0.0174  	-0.0318  	-0.0969  	-0.0573  	0.25875  	-0.0068  	0.05025  	0.23522  	0.03770  	-0.0424  	-0.0293  	0.08471  	0.05949  	-0.1305  	-0.0703  	-0.0245  	-0.0187  	-0.0209  	-0.0167  	-0.0071  	-0.0205  	0.00385  	0.00950  	-0.0290  	-0.0109  	0.02173  	0.03029  	0.00998  	0.06949  	0.11293  	-0.0599  	-0.0074  	0.02080  	0.57241  	0.55195  	249.634  	214.622  	
-0.4102  	-0.0894  	-0.3431  	-0.2291  	0.07927  	-0.3165  	0.13144  	0.04685  	0.09199  	0.26923  	-0.1286  	0.74232  	0.05752  	-0.0425  	-0.8902  	0.08165  	0.35230  	0.19611  	0.39692  	0.26186  	-0.2316  	0.33336  	0.18338  	0.00741  	0.05969  	0.14210  	0.15029  	-0.1576  	-0.1469  	-0.0846  	0.03485  	-0.0062  	0.14835  	-0.1446  	-0.0634  	0.05037  	-0.0194  	-0.0516  	-0.1083  	-0.0317  	0.18938  	0.00808  	0.00881  	0.22337  	0.04958  	-0.0428  	-0.0284  	0.07539  	0.05831  	-0.1298  	-0.0600  	-0.0233  	-0.0197  	-0.0169  	-0.0153  	-0.0052  	-0.0166  	0.00444  	0.01065  	-0.0214  	-0.0118  	0.01916  	0.02809  	0.00740  	0.06872  	0.11351  	-0.0590  	-0.0064  	0.02117  	0.58809  	0.55195  	249.634  	214.622  	
-0.3085  	-0.0513  	-0.2910  	-0.0812  	0.14290  	-0.2539  	0.12883  	0.11443  	0.10796  	0.23271  	-0.1433  	0.80037  	0.09653  	0.08782  	-0.7898  	0.13520  	0.34373  	0.15368  	0.37004  	0.25798  	-0.1621  	0.33244  	0.15570  	0.02500  	0.01860  	0.16131  	0.15655  	-0.1955  	-0.1964  	-0.0708  	0.03841  	0.00466  	0.16299  	-0.1260  	0.00450  	0.01833  	0.01304  	-0.0476  	-0.1301  	-0.0708  	0.16977  	0.01573  	0.01055  	0.20832  	0.05199  	-0.0443  	-0.0299  	0.07162  	0.05611  	-0.1202  	-0.0686  	-0.0244  	-0.0117  	-0.0130  	-0.0111  	-0.0016  	-0.0161  	0.00654  	0.01444  	-0.0222  	-0.0133  	0.03108  	0.02013  	0.01175  	0.06882  	0.11487  	-0.0578  	-0.0056  	0.02067  	0.60025  	0.55195  	249.634  	214.622  	
-0.0923  	0.03739  	-0.1439  	-0.0857  	0.07401  	-0.1162  	0.12102  	0.18259  	0.15373  	0.19288  	-0.1470  	0.74813  	0.12256  	0.14652  	-0.7779  	0.18729  	0.35307  	0.09324  	0.40088  	0.22238  	-0.0218  	0.35320  	0.21311  	0.03968  	0.05575  	0.12066  	0.22823  	-0.3270  	-0.2956  	-0.0846  	0.01505  	0.01753  	0.18114  	-0.1500  	0.01646  	-0.0201  	0.10227  	-0.0076  	-0.1618  	-0.0959  	0.16707  	0.00584  	0.02392  	0.21473  	0.04514  	-0.0385  	-0.0219  	0.07088  	0.06000  	-0.1210  	-0.0659  	-0.0281  	-0.0151  	-0.0187  	-0.0219  	0.00313  	-0.0263  	0.00389  	0.00915  	-0.0252  	-0.0094  	0.02772  	0.02675  	0.00241  	0.06930  	0.11545  	-0.0564  	-0.0053  	0.01990  	0.61763  	0.55195  	249.634  	214.622  	
-0.1323  	0.01584  	-0.1435  	-0.1107  	0.03850  	-0.1107  	0.12999  	0.14318  	0.12323  	0.19598  	-0.0981  	0.72585  	0.07142  	0.08676  	-0.8089  	0.16399  	0.35660  	0.10147  	0.41339  	0.16523  	-0.0269  	0.37567  	0.24828  	0.07505  	0.05440  	0.12271  	0.24389  	-0.3727  	-0.3261  	-0.0880  	0.01490  	0.03010  	0.16258  	-0.1547  	0.00664  	0.00311  	0.14508  	0.00528  	-0.1738  	-0.1180  	0.17613  	0.01408  	0.02058  	0.22612  	0.05166  	-0.0390  	-0.0323  	0.07281  	0.06315  	-0.1212  	-0.0734  	-0.0198  	-0.0091  	-0.0110  	-0.0193  	0.00179  	-0.0268  	0.00814  	0.01208  	-0.0244  	-0.0070  	0.01738  	0.03156  	0.00147  	0.06921  	0.11657  	-0.0554  	-0.0049  	0.01976  	0.60892  	0.55195  	249.634  	214.622  	
-0.1237  	0.01849  	-0.1185  	-0.1164  	0.04526  	-0.0866  	0.13996  	0.13622  	0.13200  	0.17205  	-0.1117  	0.74252  	0.06814  	0.06657  	-0.8172  	0.18057  	0.34978  	0.12863  	0.40789  	0.20053  	-0.0383  	0.35239  	0.23949  	0.04571  	0.04241  	0.11949  	0.18509  	-0.3128  	-0.2876  	-0.1003  	0.02336  	0.01821  	0.16825  	-0.1564  	-0.0092  	-0.0026  	0.12680  	-0.0085  	-0.1436  	-0.0867  	0.17791  	0.00629  	0.02314  	0.22399  	0.05066  	-0.0412  	-0.0321  	0.07217  	0.06474  	-0.1163  	-0.0678  	-0.0216  	-0.0098  	-0.0166  	-0.0197  	0.00567  	-0.0265  	0.00692  	0.01186  	-0.0252  	-0.0094  	0.02002  	0.03125  	0.00489  	0.06992  	0.11580  	-0.0549  	-0.0050  	0.01973  	0.59977  	0.55195  	249.634  	214.622  	
-0.0433  	0.01537  	-0.1116  	-0.0819  	0.09032  	-0.0498  	0.17127  	0.13885  	0.12134  	0.15292  	-0.1325  	0.72951  	0.06814  	0.11371  	-0.7576  	0.16613  	0.33648  	0.11534  	0.40613  	0.18100  	-0.0316  	0.36192  	0.19805  	0.05487  	0.07304  	0.10550  	0.24368  	-0.3514  	-0.3016  	-0.0884  	0.01776  	0.04269  	0.15893  	-0.1550  	0.04295  	0.00893  	0.14685  	0.00505  	-0.1625  	-0.0895  	0.17755  	0.01117  	0.02536  	0.22853  	0.05017  	-0.0439  	-0.0346  	0.07744  	0.06397  	-0.1217  	-0.0741  	-0.0222  	-0.0105  	-0.0138  	-0.0180  	0.00659  	-0.0214  	0.00584  	0.00692  	-0.0245  	-0.0105  	0.01942  	0.03132  	0.00737  	0.06944  	0.11457  	-0.0555  	-0.0055  	0.01907  	0.60791  	0.55195  	249.634  	214.622  	
-0.0223  	0.03524  	-0.0919  	-0.0699  	0.10504  	-0.0438  	0.16676  	0.14528  	0.12798  	0.17595  	-0.1256  	0.73697  	0.07697  	0.12349  	-0.7686  	0.20863  	0.33096  	0.11584  	0.40100  	0.21383  	-0.0362  	0.34816  	0.17928  	0.04918  	0.06960  	0.11275  	0.22452  	-0.3511  	-0.2998  	-0.0950  	0.01667  	0.03989  	0.17181  	-0.1469  	0.04195  	0.01302  	0.12655  	0.00781  	-0.1545  	-0.0842  	0.18334  	0.01272  	0.02976  	0.22343  	0.04855  	-0.0423  	-0.0315  	0.08293  	0.06189  	-0.1220  	-0.0702  	-0.0226  	-0.0104  	-0.0109  	-0.0167  	0.00316  	-0.0186  	0.00436  	0.00733  	-0.0258  	-0.0108  	0.02097  	0.03203  	0.00620  	0.06800  	0.11209  	-0.0562  	-0.0064  	0.01776  	0.60834  	0.55195  	249.634  	214.622  	
0.07135  	0.04889  	-0.0638  	-0.0270  	0.08389  	0.01543  	0.16143  	0.20076  	0.16096  	0.13110  	-0.0965  	0.70983  	0.09111  	0.16426  	-0.6828  	0.20325  	0.36313  	0.06558  	0.39374  	0.17303  	0.07130  	0.35712  	0.22211  	0.10951  	0.06904  	0.10104  	0.30258  	-0.4646  	-0.3913  	-0.0939  	0.00945  	0.05780  	0.16911  	-0.1558  	0.09436  	-0.0326  	0.19505  	0.02600  	-0.1959  	-0.1035  	0.15325  	0.00991  	0.02516  	0.22159  	0.04917  	-0.0365  	-0.0337  	0.07340  	0.06718  	-0.1214  	-0.0711  	-0.0242  	-0.0112  	-0.0089  	-0.0174  	0.00642  	-0.0216  	0.00563  	0.00757  	-0.0243  	-0.0140  	0.02192  	0.03095  	0.00204  	0.06702  	0.11034  	-0.0575  	-0.0070  	0.01715  	0.60653  	0.55195  	249.634  	214.622  	
0.11547  	0.06481  	-0.0193  	-0.0172  	0.08309  	0.05118  	0.17040  	0.25142  	0.17888  	0.12881  	-0.1409  	0.73901  	0.12318  	0.22598  	-0.6626  	0.23178  	0.36528  	0.06277  	0.40617  	0.16735  	0.07769  	0.37502  	0.24039  	0.09924  	0.08833  	0.09503  	0.31587  	-0.4487  	-0.3782  	-0.0880  	0.00369  	0.05287  	0.18237  	-0.1565  	0.06188  	-0.0402  	0.20366  	0.02775  	-0.1736  	-0.1151  	0.14612  	0.00900  	0.03087  	0.22238  	0.04296  	-0.0375  	-0.0367  	0.08484  	0.07385  	-0.1274  	-0.0720  	-0.0241  	-0.0119  	-0.0091  	-0.0188  	0.00688  	-0.0271  	0.00260  	0.00918  	-0.0172  	-0.0115  	0.02393  	0.03304  	0.00081  	0.06774  	0.10858  	-0.0590  	-0.0079  	0.01678  	0.60924  	0.55195  	249.634  	214.622  	
-0.1259  	0.00436  	-0.1434  	-0.1417  	0.05709  	-0.1011  	0.14380  	0.12466  	0.13670  	0.20589  	-0.1047  	0.75731  	0.07293  	0.11076  	-0.8377  	0.17357  	0.33657  	0.14787  	0.39159  	0.22104  	-0.0606  	0.30366  	0.17884  	0.00210  	0.07553  	0.12390  	0.19623  	-0.2554  	-0.2667  	-0.1010  	0.02653  	0.00926  	0.18252  	-0.1514  	0.00591  	0.02622  	0.08841  	-0.0215  	-0.1381  	-0.0821  	0.19218  	0.01395  	0.02152  	0.21996  	0.05100  	-0.0414  	-0.0271  	0.07775  	0.05930  	-0.1206  	-0.0620  	-0.0217  	-0.0109  	-0.0165  	-0.0195  	0.00141  	-0.0239  	0.00716  	0.01469  	-0.0204  	-0.0137  	0.02265  	0.03763  	0.00778  	0.06869  	0.10733  	-0.0606  	-0.0086  	0.01568  	0.62197  	0.55195  	249.634  	214.622  	
-0.2242  	-0.0449  	-0.2197  	-0.2082  	0.01473  	-0.1508  	0.13532  	0.05451  	0.09427  	0.21297  	-0.0511  	0.71663  	0.01710  	-0.0180  	-0.9076  	0.15627  	0.35459  	0.14183  	0.39539  	0.22754  	-0.0866  	0.32467  	0.20668  	0.02427  	0.07739  	0.13353  	0.21334  	-0.2956  	-0.2620  	-0.0992  	0.02323  	0.02274  	0.15073  	-0.1675  	-0.0107  	0.04206  	0.09981  	-0.0108  	-0.1684  	-0.0907  	0.20223  	0.01117  	0.01863  	0.22540  	0.05660  	-0.0375  	-0.0310  	0.06474  	0.05359  	-0.1258  	-0.0653  	-0.0223  	-0.0131  	-0.0172  	-0.0179  	-0.0045  	-0.0201  	0.00743  	0.01205  	-0.0273  	-0.0190  	0.01877  	0.03748  	0.00756  	0.07058  	0.10497  	-0.0619  	-0.0092  	0.01440  	0.63250  	0.55195  	249.634  	214.622  	
-0.1583  	-0.0446  	-0.1860  	-0.1911  	0.00185  	-0.1297  	0.13691  	0.07541  	0.10429  	0.20401  	-0.0806  	0.70625  	0.06138  	-0.0470  	-0.8009  	0.13661  	0.38081  	0.09003  	0.38635  	0.19693  	-0.0519  	0.34831  	0.24958  	0.07266  	0.01978  	0.14254  	0.24153  	-0.3949  	-0.3204  	-0.1085  	0.02060  	0.04959  	0.14416  	-0.1752  	0.00443  	0.00583  	0.13421  	0.00410  	-0.1912  	-0.0725  	0.18916  	0.01653  	0.01828  	0.21680  	0.05345  	-0.0397  	-0.0353  	0.05801  	0.05292  	-0.1222  	-0.0755  	-0.0202  	-0.0142  	-0.0163  	-0.0178  	-0.0040  	-0.0236  	0.00585  	0.01531  	-0.0245  	-0.0115  	0.02376  	0.02644  	0.00564  	0.07282  	0.10410  	-0.0632  	-0.0097  	0.01329  	0.64390  	0.55195  	249.634  	214.622  	
0.09826  	0.03101  	-0.0477  	0.06308  	0.12174  	0.06743  	0.18232  	0.20458  	0.16707  	0.17484  	-0.2853  	0.73368  	0.15473  	0.24053  	-0.5579  	0.15335  	0.37557  	0.08779  	0.36571  	0.16173  	-0.0198  	0.39025  	0.21912  	0.09297  	0.08346  	0.11990  	0.27886  	-0.3856  	-0.3000  	-0.0760  	0.02444  	0.04020  	0.17242  	-0.1645  	0.04462  	-0.0238  	0.12401  	-0.0064  	-0.1526  	-0.0734  	0.16465  	0.01154  	0.03308  	0.21582  	0.04564  	-0.0344  	-0.0391  	0.08316  	0.07013  	-0.1171  	-0.0668  	-0.0232  	-0.0134  	-0.0134  	-0.0181  	0.00644  	-0.0293  	3.64422  	0.01515  	-0.0205  	-0.0133  	0.03169  	0.03029  	0.00052  	0.07486  	0.10298  	-0.0639  	-0.0102  	0.01271  	0.64442  	0.55195  	249.634  	214.622  	
0.14189  	0.04949  	-0.0361  	0.05105  	0.17682  	0.01144  	0.24887  	0.15010  	0.15108  	0.25383  	-0.3989  	0.59997  	0.21174  	0.32658  	-0.5464  	-0.0033  	0.36615  	0.06155  	0.38676  	0.13380  	-0.0931  	0.43470  	0.20788  	0.07353  	0.22084  	0.08787  	0.38559  	-0.4092  	-0.2281  	-0.0212  	-0.0011  	0.00829  	0.13177  	-0.1510  	0.03449  	0.03428  	0.08933  	-0.0253  	-0.1072  	-0.0317  	0.14474  	0.03148  	0.03420  	0.23854  	0.04248  	-0.0378  	-0.0520  	0.10941  	0.08207  	-0.1384  	-0.0623  	-0.0275  	-0.0168  	-0.0163  	-0.0149  	0.01245  	-0.0214  	0.00266  	0.01547  	-0.0185  	-0.0094  	0.02235  	0.02816  	0.00322  	0.07569  	0.10263  	-0.0641  	-0.0106  	0.01190  	0.64636  	0.55195  	249.634  	214.622  	
-0.0604  	-0.0017  	-0.1927  	-0.0557  	0.13963  	-0.1059  	0.16708  	0.12329  	0.10059  	0.17663  	-0.2648  	0.67251  	0.12149  	0.12874  	-0.6935  	0.07500  	0.37264  	0.07531  	0.41090  	0.17013  	-0.0260  	0.39618  	0.20600  	0.10339  	0.13880  	0.11375  	0.33143  	-0.3933  	-0.2907  	-0.0679  	0.00547  	0.03950  	0.13306  	-0.1447  	0.03842  	-0.0017  	0.13645  	-0.0040  	-0.1714  	-0.0456  	0.14547  	0.01873  	0.02618  	0.22955  	0.04699  	-0.0382  	-0.0352  	0.07672  	0.07194  	-0.1302  	-0.0799  	-0.0223  	-0.0183  	-0.0129  	-0.0182  	-0.0068  	-0.0207  	0.00094  	0.00921  	-0.0220  	-0.0131  	0.01888  	0.02896  	0.00150  	0.07564  	0.10169  	-0.0639  	-0.0111  	0.01111  	0.65379  	0.55195  	249.634  	214.622  	
-0.2130  	-0.0682  	-0.2389  	-0.1723  	0.07472  	-0.1443  	0.15833  	0.00742  	0.08015  	0.16386  	-0.1565  	0.71516  	0.02189  	-0.0924  	-0.8427  	0.14325  	0.35000  	0.14464  	0.39927  	0.24581  	-0.1122  	0.35603  	0.20031  	0.04506  	0.08422  	0.12835  	0.25296  	-0.2823  	-0.2521  	-0.0822  	-0.0068  	0.04282  	0.13519  	-0.1493  	-0.0226  	0.06134  	0.10306  	0.00202  	-0.1651  	-0.0416  	0.18059  	0.02086  	0.01137  	0.22839  	0.04628  	-0.0399  	-0.0329  	0.06782  	0.05822  	-0.1286  	-0.0639  	-0.0219  	-0.0136  	-0.0108  	-0.0197  	-0.0018  	-0.0205  	0.00603  	0.01610  	-0.0259  	-0.0168  	0.01961  	0.03157  	0.00472  	0.07365  	0.10157  	-0.0638  	-0.0113  	0.01147  	0.64598  	0.55195  	249.634  	214.622  	
-0.1771  	-0.0713  	-0.2418  	-0.0798  	0.12777  	-0.1630  	0.16265  	0.00259  	0.08044  	0.23989  	-0.1688  	0.73028  	0.04312  	-0.1226  	-0.9242  	0.20727  	0.35392  	0.16607  	0.39372  	0.25539  	-0.2163  	0.33600  	0.13953  	0.01866  	0.14719  	0.11570  	0.21697  	-0.1771  	-0.1911  	-0.0374  	0.00237  	0.03280  	0.10846  	-0.1494  	-0.0508  	0.12520  	0.03369  	-0.0307  	-0.1404  	-0.0518  	0.17783  	0.01110  	0.01711  	0.22744  	0.05238  	-0.0386  	-0.0318  	0.07108  	0.06566  	-0.1349  	-0.0566  	-0.0246  	-0.0104  	-0.0167  	-0.0145  	-0.0055  	-0.0131  	0.00853  	0.01499  	-0.0258  	-0.0231  	0.01051  	0.03549  	0.00468  	0.07161  	0.10028  	-0.0636  	-0.0115  	0.01253  	0.63448  	0.55195  	249.634  	214.622  	
-0.1808  	-0.0608  	-0.2300  	-0.0744  	0.16184  	-0.1683  	0.18527  	0.01503  	0.09336  	0.27862  	-0.1702  	0.74237  	0.04735  	-0.1191  	-0.9528  	0.22508  	0.32429  	0.18276  	0.39101  	0.25814  	-0.2787  	0.35167  	0.09808  	-0.0122  	0.18360  	0.10856  	0.19610  	-0.1258  	-0.1228  	-0.0363  	-0.0019  	0.02956  	0.10682  	-0.1480  	-0.0783  	0.15334  	-0.0030  	-0.0299  	-0.1096  	-0.0491  	0.18866  	0.01365  	0.02952  	0.23158  	0.05145  	-0.0416  	-0.0365  	0.08106  	0.07032  	-0.1388  	-0.0563  	-0.0252  	-0.0103  	-0.0170  	-0.0105  	-0.0072  	-0.0116  	0.00972  	0.01575  	-0.0254  	-0.0209  	0.00930  	0.03402  	0.00666  	0.06853  	0.09924  	-0.0639  	-0.0119  	0.01303  	0.63351  	0.55195  	249.634  	214.622  	
-0.1517  	-0.0648  	-0.2181  	-0.0752  	0.16830  	-0.1151  	0.17562  	0.01111  	0.08100  	0.25499  	-0.1779  	0.70085  	0.04118  	-0.1205  	-0.9464  	0.24609  	0.32925  	0.15007  	0.40570  	0.23643  	-0.2537  	0.34611  	0.10351  	0.01235  	0.22978  	0.09748  	0.24864  	-0.1468  	-0.1535  	-0.0262  	-0.0073  	0.04789  	0.09506  	-0.1415  	-0.0530  	0.15875  	0.01602  	-0.0201  	-0.1090  	-0.0541  	0.17500  	0.02129  	0.02054  	0.22900  	0.04898  	-0.0387  	-0.0430  	0.07885  	0.06934  	-0.1376  	-0.0497  	-0.0225  	-0.0041  	-0.0141  	-0.0107  	-0.0056  	-0.0132  	0.00894  	0.01813  	-0.0243  	-0.0227  	0.01147  	0.03614  	0.00392  	0.06668  	0.09798  	-0.0641  	-0.0121  	0.01326  	0.62184  	0.55195  	249.634  	214.622  	
-0.1905  	-0.0538  	-0.2306  	-0.1391  	0.11198  	-0.0906  	0.16913  	0.01073  	0.08199  	0.19880  	-0.2140  	0.64609  	0.02679  	-0.1066  	-0.8959  	0.18557  	0.36097  	0.14160  	0.40783  	0.21998  	-0.2092  	0.34050  	0.15169  	0.00978  	0.20760  	0.10935  	0.24485  	-0.1740  	-0.1718  	-0.0253  	-0.0049  	0.04151  	0.09197  	-0.1425  	-0.0493  	0.14241  	0.04658  	-0.0148  	-0.1268  	-0.0693  	0.17571  	0.01388  	0.02310  	0.22998  	0.04479  	-0.0384  	-0.0420  	0.06497  	0.05970  	-0.1337  	-0.0551  	-0.0245  	-0.0071  	-0.0119  	-0.0114  	-0.0061  	-0.0132  	0.00954  	0.01556  	-0.0254  	-0.0215  	0.01239  	0.03742  	0.00647  	0.06550  	0.09805  	-0.0638  	-0.0121  	0.01389  	0.61316  	0.55195  	249.634  	214.622  	
-0.2068  	-0.0515  	-0.2355  	-0.1159  	0.07998  	-0.0954  	0.14314  	0.01879  	0.07621  	0.15217  	-0.1883  	0.64119  	0.03612  	-0.0813  	-0.8370  	0.12089  	0.37885  	0.12296  	0.39863  	0.21084  	-0.1314  	0.33715  	0.20416  	0.02315  	0.12981  	0.12228  	0.23193  	-0.2281  	-0.2094  	-0.0457  	0.00947  	0.03511  	0.10954  	-0.1407  	-0.0358  	0.08360  	0.08052  	-0.0096  	-0.1586  	-0.0920  	0.18074  	0.01533  	0.02597  	0.22174  	0.05316  	-0.0392  	-0.0360  	0.05558  	0.05377  	-0.1363  	-0.0620  	-0.0241  	-0.0089  	-0.0131  	-0.0134  	-0.0056  	-0.0125  	0.00827  	0.01541  	-0.0268  	-0.0176  	0.01289  	0.04041  	0.00813  	0.06566  	0.09731  	-0.0639  	-0.0123  	0.01442  	0.61639  	0.55195  	249.634  	214.622  	
-0.1537  	-0.0316  	-0.2229  	-0.1451  	0.06600  	-0.0977  	0.15568  	0.02588  	0.09144  	0.15176  	-0.1664  	0.67238  	0.05485  	-0.0203  	-0.7934  	0.07399  	0.34876  	0.13122  	0.38805  	0.22392  	-0.1168  	0.35311  	0.20008  	-0.0111  	0.10408  	0.12222  	0.18033  	-0.2068  	-0.2172  	-0.0679  	0.01810  	0.02334  	0.14512  	-0.1355  	-0.0232  	0.06206  	0.06864  	-0.0106  	-0.1392  	-0.0819  	0.18873  	0.00923  	0.01603  	0.21707  	0.04887  	-0.0420  	-0.0321  	0.06257  	0.05248  	-0.1258  	-0.0637  	-0.0236  	-0.0105  	-0.0143  	-0.0152  	-0.0077  	-0.0187  	0.00798  	0.01114  	-0.0264  	-0.0165  	0.01713  	0.03606  	0.00584  	0.06689  	0.09716  	-0.0643  	-0.0123  	0.01359  	0.62717  	0.55195  	249.634  	214.622  	
-0.0112  	0.06244  	-0.0826  	-0.0138  	0.09182  	0.00672  	0.19328  	0.17940  	0.15381  	0.11717  	-0.1430  	0.75678  	0.10753  	0.14939  	-0.6954  	0.17605  	0.35076  	0.10288  	0.37435  	0.21510  	-0.0030  	0.37783  	0.22028  	0.01669  	0.05588  	0.12191  	0.19978  	-0.3411  	-0.2766  	-0.0887  	0.02218  	0.00619  	0.18065  	-0.1438  	0.01407  	-0.0186  	0.10549  	0.00107  	-0.1508  	-0.0788  	0.18288  	-0.0005  	0.01666  	0.22005  	0.04559  	-0.0422  	-0.0260  	0.07429  	0.06469  	-0.1181  	-0.0645  	-0.0239  	-0.0132  	-0.0173  	-0.0211  	-0.0003  	-0.0259  	0.00769  	0.00235  	-0.0315  	-0.0127  	0.02653  	0.03811  	0.00365  	0.06930  	0.09733  	-0.0646  	-0.0127  	0.01266  	0.64063  	0.55195  	249.634  	214.622  	
0.12658  	0.05214  	-0.0368  	0.04899  	0.13090  	0.06657  	0.18178  	0.22390  	0.17915  	0.11045  	-0.1556  	0.75969  	0.13080  	0.21322  	-0.6244  	0.23554  	0.34696  	0.07323  	0.39973  	0.18638  	0.03735  	0.38738  	0.21615  	0.06609  	0.05687  	0.11868  	0.26013  	-0.4348  	-0.3489  	-0.0718  	0.02093  	0.03665  	0.18254  	-0.1579  	0.04877  	-0.0368  	0.16388  	0.00965  	-0.1787  	-0.0915  	0.15288  	0.01258  	0.02681  	0.21861  	0.05537  	-0.0431  	-0.0319  	0.08501  	0.07681  	-0.1238  	-0.0779  	-0.0260  	-0.0135  	-0.0107  	-0.0179  	0.00619  	-0.0251  	0.00327  	0.00316  	-0.0206  	-0.0181  	0.02575  	0.03275  	0.00396  	0.07162  	0.09972  	-0.0647  	-0.0128  	0.01235  	0.63902  	0.55195  	249.634  	214.622  	
0.16241  	0.06185  	0.02482  	0.03666  	0.08487  	0.08109  	0.15755  	0.28675  	0.15473  	0.06878  	-0.1365  	0.71987  	0.16373  	0.18308  	-0.5631  	0.18124  	0.44140  	-0.0986  	0.45497  	-0.0756  	0.16459  	0.22617  	0.03678  	0.12032  	0.04542  	0.18458  	0.33257  	-0.5822  	-0.3281  	-0.0829  	0.11636  	0.02040  	0.08813  	-0.2870  	0.03180  	-0.0677  	0.14885  	0.01993  	-0.2851  	-0.1790  	0.19641  	0.12494  	-0.0665  	0.28046  	0.00085  	-0.0265  	-0.0552  	0.10408  	0.06659  	-0.1391  	-0.0676  	-0.0196  	-0.0092  	0.00236  	-0.0130  	0.01044  	-0.0299  	-0.0031  	0.00662  	-0.0088  	-0.0099  	0.02191  	0.02305  	0.00801  	0.07313  	0.10202  	-0.0638  	-0.0130  	0.01272  	0.62420  	0.55195  	249.634  	214.622  	
0.15901  	0.07555  	0.06817  	0.03664  	0.06342  	0.07045  	0.12852  	0.33419  	0.15109  	0.05405  	-0.1113  	0.73749  	0.19008  	0.15240  	-0.5163  	0.14651  	0.51705  	-0.2093  	0.50484  	-0.2549  	0.24960  	0.06982  	-0.1016  	0.13705  	-0.0141  	0.24848  	0.34630  	-0.6559  	-0.3080  	-0.1051  	0.18914  	-0.0102  	0.02380  	-0.3926  	-0.0023  	-0.0976  	0.11915  	0.02611  	-0.3738  	-0.2401  	0.24015  	0.20828  	-0.1425  	0.32988  	-0.0380  	-0.0120  	-0.0697  	0.11409  	0.05373  	-0.1443  	-0.0653  	-0.0165  	-0.0092  	0.01465  	-0.0092  	0.01021  	-0.0320  	-0.0097  	0.00587  	-0.0022  	-0.0049  	0.01951  	0.01311  	0.00896  	0.07221  	0.10453  	-0.0634  	-0.0126  	0.01256  	0.62583  	0.55195  	249.634  	214.622  	
0.14163  	0.08327  	0.07678  	0.02824  	0.05837  	0.05449  	0.11444  	0.34677  	0.15562  	0.05158  	-0.0999  	0.75377  	0.20722  	0.15454  	-0.5115  	0.13860  	0.53092  	-0.2380  	0.51842  	-0.2949  	0.26639  	0.02349  	-0.1388  	0.14097  	-0.0383  	0.26348  	0.34206  	-0.6667  	-0.3048  	-0.1157  	0.20222  	-0.0198  	0.01439  	-0.4181  	-0.0125  	-0.1098  	0.10538  	0.03000  	-0.3890  	-0.2592  	0.25615  	0.23088  	-0.1634  	0.34159  	-0.0475  	-0.0078  	-0.0740  	0.11592  	0.04825  	-0.1446  	-0.0648  	-0.0153  	-0.0085  	0.01825  	-0.0099  	0.00864  	-0.0325  	-0.0113  	0.00623  	-0.0020  	-0.0022  	0.01832  	0.00991  	0.00836  	0.06914  	0.10624  	-0.0629  	-0.0123  	0.01192  	0.63564  	0.55195  	249.634  	214.622  	
0.13015  	0.08746  	0.06148  	0.00950  	0.04629  	0.04137  	0.11140  	0.34723  	0.17070  	0.05455  	-0.0912  	0.76736  	0.19387  	0.15846  	-0.5257  	0.15410  	0.51573  	-0.2090  	0.51114  	-0.2612  	0.25990  	0.05461  	-0.0873  	0.13941  	-0.0492  	0.24857  	0.34231  	-0.6604  	-0.3371  	-0.1206  	0.18106  	-0.0098  	0.03505  	-0.3912  	0.00446  	-0.1162  	0.12730  	0.03891  	-0.3708  	-0.2507  	0.24486  	0.20644  	-0.1439  	0.32976  	-0.0382  	-0.0099  	-0.0706  	0.10893  	0.04759  	-0.1413  	-0.0666  	-0.0165  	-0.0088  	0.01634  	-0.0120  	0.00856  	-0.0342  	-0.0088  	0.00708  	-0.0035  	-0.0024  	0.01929  	0.01052  	0.00822  	0.06470  	0.10811  	-0.0626  	-0.0115  	0.01256  	0.63640  	0.55195  	249.634  	214.622  	
0.12358  	0.09356  	0.02568  	-0.0032  	0.04771  	0.03860  	0.12983  	0.31282  	0.18898  	0.05984  	-0.0788  	0.77263  	0.14640  	0.18237  	-0.5692  	0.19585  	0.45444  	-0.1012  	0.45981  	-0.0962  	0.20951  	0.19387  	0.08475  	0.13769  	-0.0249  	0.18556  	0.34440  	-0.5924  	-0.4037  	-0.1095  	0.10548  	0.02308  	0.10145  	-0.2871  	0.05419  	-0.1058  	0.19127  	0.04653  	-0.3017  	-0.1998  	0.19498  	0.11805  	-0.0690  	0.28154  	-0.0024  	-0.0215  	-0.0555  	0.09294  	0.05453  	-0.1351  	-0.0726  	-0.0184  	-0.0101  	0.00573  	-0.0155  	0.00849  	-0.0330  	-0.0017  	0.00753  	-0.0103  	-0.0057  	0.02325  	0.01908  	0.00669  	0.06190  	0.10875  	-0.0623  	-0.0104  	0.01401  	0.63288  	0.55195  	249.634  	214.622  	
0.11960  	0.07919  	-0.0139  	-0.0229  	0.04433  	0.05041  	0.15503  	0.25954  	0.20452  	0.08050  	-0.0911  	0.76297  	0.10347  	0.21658  	-0.6180  	0.24129  	0.38138  	0.03338  	0.39972  	0.11479  	0.14420  	0.37365  	0.29234  	0.13281  	0.02704  	0.10524  	0.34575  	-0.5132  	-0.4697  	-0.0921  	0.01278  	0.06253  	0.17740  	-0.1556  	0.10768  	-0.0864  	0.26120  	0.04915  	-0.2095  	-0.1338  	0.13397  	0.01183  	0.02583  	0.21770  	0.04362  	-0.0375  	-0.0364  	0.07668  	0.06666  	-0.1263  	-0.0785  	-0.0215  	-0.0119  	-0.0077  	-0.0205  	0.00940  	-0.0302  	0.00698  	0.00682  	-0.0187  	-0.0098  	0.02628  	0.03151  	0.00614  	0.05989  	0.11023  	-0.0621  	-0.0092  	0.01493  	0.62981  	0.55195  	249.634  	214.622  	
0.11736  	0.07698  	-0.0173  	-0.0226  	0.04776  	0.04833  	0.15571  	0.25654  	0.20341  	0.08351  	-0.0910  	0.76269  	0.10163  	0.21212  	-0.6172  	0.23879  	0.38461  	0.03419  	0.39680  	0.11825  	0.13722  	0.36918  	0.29325  	0.13186  	0.02727  	0.10627  	0.34386  	-0.5057  	-0.4664  	-0.0913  	0.01216  	0.06082  	0.17650  	-0.1561  	0.10742  	-0.0863  	0.25667  	0.04824  	-0.2092  	-0.1339  	0.13166  	0.01211  	0.02492  	0.21747  	0.04325  	-0.0374  	-0.0365  	0.07644  	0.06635  	-0.1265  	-0.0776  	-0.0209  	-0.0124  	-0.0082  	-0.0203  	0.00928  	-0.0295  	0.00663  	0.00679  	-0.0197  	-0.0099  	0.02624  	0.03123  	0.00629  	0.06015  	0.11026  	-0.0620  	-0.0070  	0.01542  	0.62773  	0.55195  	249.634  	214.622  	
0.11662  	0.07728  	-0.0178  	-0.0238  	0.04754  	0.04671  	0.15611  	0.25558  	0.20277  	0.08383  	-0.0900  	0.76202  	0.10087  	0.21076  	-0.6196  	0.23848  	0.38486  	0.03440  	0.39665  	0.11826  	0.13617  	0.36805  	0.29293  	0.13180  	0.02750  	0.10595  	0.34444  	-0.5045  	-0.4659  	-0.0915  	0.01195  	0.06077  	0.17653  	-0.1562  	0.10777  	-0.0860  	0.25633  	0.04822  	-0.2095  	-0.1342  	0.13172  	0.01198  	0.02482  	0.21728  	0.04286  	-0.0375  	-0.0366  	0.07646  	0.06625  	-0.1265  	-0.0774  	-0.0208  	-0.0125  	-0.0082  	-0.0203  	0.00932  	-0.0292  	0.00642  	0.00680  	-0.0198  	-0.0098  	0.02615  	0.03123  	0.00629  	0.06094  	0.10984  	-0.0624  	-0.0046  	0.01583  	0.62685  	0.55195  	249.634  	214.622  	
0.11652  	0.07807  	-0.0182  	-0.0243  	0.04691  	0.04561  	0.15580  	0.25499  	0.20292  	0.08341  	-0.0894  	0.76242  	0.10063  	0.21126  	-0.6188  	0.23808  	0.38452  	0.03431  	0.39662  	0.11782  	0.13666  	0.36851  	0.29314  	0.13146  	0.02729  	0.10630  	0.34367  	-0.5046  	-0.4661  	-0.0917  	0.01233  	0.06039  	0.17677  	-0.1562  	0.10795  	-0.0863  	0.25658  	0.04797  	-0.2100  	-0.1341  	0.13208  	0.01204  	0.02476  	0.21724  	0.04292  	-0.0376  	-0.0364  	0.07639  	0.06609  	-0.1263  	-0.0776  	-0.0208  	-0.0125  	-0.0081  	-0.0204  	0.00936  	-0.0293  	0.00645  	0.00683  	-0.0197  	-0.0098  	0.02629  	0.03107  	0.00621  	0.06354  	0.10699  	-0.0629  	-0.0020  	0.01567  	0.62636  	0.55195  	249.634  	214.622  	
0.11654  	0.07706  	-0.0186  	-0.0239  	0.04758  	0.04635  	0.15594  	0.25534  	0.20238  	0.08355  	-0.0897  	0.76193  	0.10024  	0.21017  	-0.6181  	0.23803  	0.38551  	0.03446  	0.39658  	0.11859  	0.13657  	0.36765  	0.29369  	0.13231  	0.02780  	0.10605  	0.34456  	-0.5050  	-0.4665  	-0.0916  	0.01177  	0.06076  	0.17618  	-0.1564  	0.10804  	-0.0864  	0.25658  	0.04854  	-0.2098  	-0.1345  	0.13110  	0.01211  	0.02467  	0.21738  	0.04291  	-0.0374  	-0.0366  	0.07639  	0.06609  	-0.1265  	-0.0775  	-0.0207  	-0.0126  	-0.0083  	-0.0203  	0.00930  	-0.0291  	0.00647  	0.00672  	-0.0200  	-0.0098  	0.02614  	0.03105  	0.00626  	0.06705  	0.10364  	-0.0622  	0.00049  	0.01435  	0.61481  	0.55195  	249.634  	214.622  	
0.11651  	0.07705  	-0.0186  	-0.0239  	0.04758  	0.04631  	0.15593  	0.25532  	0.20236  	0.08356  	-0.0896  	0.76193  	0.10021  	0.21014  	-0.6181  	0.23801  	0.38553  	0.03446  	0.39656  	0.11860  	0.13655  	0.36763  	0.29369  	0.13230  	0.02779  	0.10606  	0.34454  	-0.5050  	-0.4665  	-0.0916  	0.01177  	0.06075  	0.17617  	-0.1564  	0.10804  	-0.0864  	0.25658  	0.04853  	-0.2098  	-0.1345  	0.13111  	0.01211  	0.02467  	0.21737  	0.04291  	-0.0374  	-0.0366  	0.07638  	0.06608  	-0.1265  	-0.0775  	-0.0207  	-0.0126  	-0.0083  	-0.0203  	0.00930  	-0.0291  	0.00647  	0.00672  	-0.0200  	-0.0098  	0.02615  	0.03104  	0.00626  	0.07110  	0.10039  	-0.0600  	0.00270  	0.01287  	0.61166  	0.55195  	249.634  	214.622  	
0.11651  	0.07705  	-0.0186  	-0.0239  	0.04758  	0.04631  	0.15593  	0.25532  	0.20236  	0.08356  	-0.0896  	0.76193  	0.10021  	0.21014  	-0.6181  	0.23801  	0.38553  	0.03446  	0.39656  	0.11860  	0.13655  	0.36763  	0.29369  	0.13230  	0.02779  	0.10606  	0.34454  	-0.5050  	-0.4665  	-0.0916  	0.01177  	0.06075  	0.17617  	-0.1564  	0.10804  	-0.0864  	0.25658  	0.04853  	-0.2098  	-0.1345  	0.13111  	0.01211  	0.02467  	0.21737  	0.04291  	-0.0374  	-0.0366  	0.07638  	0.06608  	-0.1265  	-0.0775  	-0.0207  	-0.0126  	-0.0083  	-0.0203  	0.00930  	-0.0291  	0.00647  	0.00672  	-0.0200  	-0.0098  	0.02615  	0.03104  	0.00626  	0.07353  	0.09876  	-0.0571  	0.00480  	0.01164  	0.60456  	0.55195  	249.634  	214.622  	
0.11651  	0.07705  	-0.0186  	-0.0239  	0.04758  	0.04631  	0.15593  	0.25532  	0.20236  	0.08356  	-0.0896  	0.76193  	0.10021  	0.21014  	-0.6181  	0.23801  	0.38553  	0.03446  	0.39656  	0.11860  	0.13655  	0.36763  	0.29369  	0.13230  	0.02779  	0.10606  	0.34454  	-0.5050  	-0.4665  	-0.0916  	0.01177  	0.06075  	0.17617  	-0.1564  	0.10804  	-0.0864  	0.25658  	0.04853  	-0.2098  	-0.1345  	0.13111  	0.01211  	0.02467  	0.21737  	0.04291  	-0.0374  	-0.0366  	0.07638  	0.06608  	-0.1265  	-0.0775  	-0.0207  	-0.0126  	-0.0083  	-0.0203  	0.00930  	-0.0291  	0.00647  	0.00672  	-0.0200  	-0.0098  	0.02615  	0.03104  	0.00626  	0.07389  	0.09739  	-0.0543  	0.00706  	0.01042  	0.59538  	0.55195  	249.634  	214.622  	
0.11651  	0.07705  	-0.0186  	-0.0239  	0.04758  	0.04631  	0.15593  	0.25532  	0.20236  	0.08356  	-0.0896  	0.76193  	0.10021  	0.21014  	-0.6181  	0.23801  	0.38553  	0.03446  	0.39656  	0.11860  	0.13655  	0.36763  	0.29369  	0.13230  	0.02779  	0.10606  	0.34454  	-0.5050  	-0.4665  	-0.0916  	0.01177  	0.06075  	0.17617  	-0.1564  	0.10804  	-0.0864  	0.25658  	0.04853  	-0.2098  	-0.1345  	0.13111  	0.01211  	0.02467  	0.21737  	0.04291  	-0.0374  	-0.0366  	0.07638  	0.06608  	-0.1265  	-0.0775  	-0.0207  	-0.0126  	-0.0083  	-0.0203  	0.00930  	-0.0291  	0.00647  	0.00672  	-0.0200  	-0.0098  	0.02615  	0.03104  	0.00626  	0.07036  	0.09682  	-0.0532  	0.00895  	0.00911  	0.59520  	0.55195  	249.634  	214.622  	
0.11651  	0.07705  	-0.0186  	-0.0239  	0.04758  	0.04631  	0.15593  	0.25532  	0.20236  	0.08356  	-0.0896  	0.76193  	0.10021  	0.21014  	-0.6181  	0.23801  	0.38553  	0.03446  	0.39656  	0.11860  	0.13655  	0.36763  	0.29369  	0.13230  	0.02779  	0.10606  	0.34454  	-0.5050  	-0.4665  	-0.0916  	0.01177  	0.06075  	0.17617  	-0.1564  	0.10804  	-0.0864  	0.25658  	0.04853  	-0.2098  	-0.1345  	0.13111  	0.01211  	0.02467  	0.21737  	0.04291  	-0.0374  	-0.0366  	0.07638  	0.06608  	-0.1265  	-0.0775  	-0.0207  	-0.0126  	-0.0083  	-0.0203  	0.00930  	-0.0291  	0.00647  	0.00672  	-0.0200  	-0.0098  	0.02615  	0.03104  	0.00626  	0.06456  	0.09675  	-0.0530  	0.01027  	0.00819  	0.57895  	0.55195  	249.634  	214.622  	
0.11651  	0.07705  	-0.0186  	-0.0239  	0.04758  	0.04631  	0.15593  	0.25532  	0.20236  	0.08356  	-0.0896  	0.76193  	0.10021  	0.21014  	-0.6181  	0.23801  	0.38553  	0.03446  	0.39656  	0.11860  	0.13655  	0.36763  	0.29369  	0.13230  	0.02779  	0.10606  	0.34454  	-0.5050  	-0.4665  	-0.0916  	0.01177  	0.06075  	0.17617  	-0.1564  	0.10804  	-0.0864  	0.25658  	0.04853  	-0.2098  	-0.1345  	0.13111  	0.01211  	0.02467  	0.21737  	0.04291  	-0.0374  	-0.0366  	0.07638  	0.06608  	-0.1265  	-0.0775  	-0.0207  	-0.0126  	-0.0083  	-0.0203  	0.00930  	-0.0291  	0.00647  	0.00672  	-0.0200  	-0.0098  	0.02615  	0.03104  	0.00626  	0.05876  	0.09670  	-0.0545  	0.01139  	0.00782  	0.57868  	0.55195  	249.634  	214.622  	
0.11651  	0.07705  	-0.0186  	-0.0239  	0.04758  	0.04631  	0.15593  	0.25532  	0.20236  	0.08356  	-0.0896  	0.76193  	0.10021  	0.21014  	-0.6181  	0.23801  	0.38553  	0.03446  	0.39656  	0.11860  	0.13655  	0.36763  	0.29369  	0.13230  	0.02779  	0.10606  	0.34454  	-0.5050  	-0.4665  	-0.0916  	0.01177  	0.06075  	0.17617  	-0.1564  	0.10804  	-0.0864  	0.25658  	0.04853  	-0.2098  	-0.1345  	0.13111  	0.01211  	0.02467  	0.21737  	0.04291  	-0.0374  	-0.0366  	0.07638  	0.06608  	-0.1265  	-0.0775  	-0.0207  	-0.0126  	-0.0083  	-0.0203  	0.00930  	-0.0291  	0.00647  	0.00672  	-0.0200  	-0.0098  	0.02615  	0.03104  	0.00626  	0.05502  	0.09707  	-0.0567  	0.01218  	0.00743  	0.59330  	0.55195  	249.634  	214.622  	
0.11651  	0.07705  	-0.0186  	-0.0239  	0.04758  	0.04631  	0.15593  	0.25532  	0.20236  	0.08356  	-0.0896  	0.76193  	0.10021  	0.21014  	-0.6181  	0.23801  	0.38553  	0.03446  	0.39656  	0.11860  	0.13655  	0.36763  	0.29369  	0.13230  	0.02779  	0.10606  	0.34454  	-0.5050  	-0.4665  	-0.0916  	0.01177  	0.06075  	0.17617  	-0.1564  	0.10804  	-0.0864  	0.25658  	0.04853  	-0.2098  	-0.1345  	0.13111  	0.01211  	0.02467  	0.21737  	0.04291  	-0.0374  	-0.0366  	0.07638  	0.06608  	-0.1265  	-0.0775  	-0.0207  	-0.0126  	-0.0083  	-0.0203  	0.00930  	-0.0291  	0.00647  	0.00672  	-0.0200  	-0.0098  	0.02615  	0.03104  	0.00626  	0.05226  	0.09879  	-0.0584  	0.01252  	0.00652  	0.61317  	0.55195  	249.634  	214.622  	
0.11651  	0.07705  	-0.0186  	-0.0239  	0.04758  	0.04631  	0.15593  	0.25532  	0.20236  	0.08356  	-0.0896  	0.76193  	0.10021  	0.21014  	-0.6181  	0.23801  	0.38553  	0.03446  	0.39656  	0.11860  	0.13655  	0.36763  	0.29369  	0.13230  	0.02779  	0.10606  	0.34454  	-0.5050  	-0.4665  	-0.0916  	0.01177  	0.06075  	0.17617  	-0.1564  	0.10804  	-0.0864  	0.25658  	0.04853  	-0.2098  	-0.1345  	0.13111  	0.01211  	0.02467  	0.21737  	0.04291  	-0.0374  	-0.0366  	0.07638  	0.06608  	-0.1265  	-0.0775  	-0.0207  	-0.0126  	-0.0083  	-0.0203  	0.00930  	-0.0291  	0.00647  	0.00672  	-0.0200  	-0.0098  	0.02615  	0.03104  	0.00626  	0.05075  	0.09930  	-0.0600  	0.01341  	0.00557  	0.64111  	0.55195  	249.634  	214.622  	
0.11651  	0.07705  	-0.0186  	-0.0239  	0.04758  	0.04631  	0.15593  	0.25532  	0.20236  	0.08356  	-0.0896  	0.76193  	0.10021  	0.21014  	-0.6181  	0.23801  	0.38553  	0.03446  	0.39656  	0.11860  	0.13655  	0.36763  	0.29369  	0.13230  	0.02779  	0.10606  	0.34454  	-0.5050  	-0.4665  	-0.0916  	0.01177  	0.06075  	0.17617  	-0.1564  	0.10804  	-0.0864  	0.25658  	0.04853  	-0.2098  	-0.1345  	0.13111  	0.01211  	0.02467  	0.21737  	0.04291  	-0.0374  	-0.0366  	0.07638  	0.06608  	-0.1265  	-0.0775  	-0.0207  	-0.0126  	-0.0083  	-0.0203  	0.00930  	-0.0291  	0.00647  	0.00672  	-0.0200  	-0.0098  	0.02615  	0.03104  	0.00626  	0.04963  	0.09915  	-0.0608  	0.01355  	0.00494  	0.66706  	0.55195  	249.634  	214.622  	
0.11651  	0.07705  	-0.0186  	-0.0239  	0.04758  	0.04631  	0.15593  	0.25532  	0.20236  	0.08356  	-0.0896  	0.76193  	0.10021  	0.21014  	-0.6181  	0.23801  	0.38553  	0.03446  	0.39656  	0.11860  	0.13655  	0.36763  	0.29369  	0.13230  	0.02779  	0.10606  	0.34454  	-0.5050  	-0.4665  	-0.0916  	0.01177  	0.06075  	0.17617  	-0.1564  	0.10804  	-0.0864  	0.25658  	0.04853  	-0.2098  	-0.1345  	0.13111  	0.01211  	0.02467  	0.21737  	0.04291  	-0.0374  	-0.0366  	0.07638  	0.06608  	-0.1265  	-0.0775  	-0.0207  	-0.0126  	-0.0083  	-0.0203  	0.00930  	-0.0291  	0.00647  	0.00672  	-0.0200  	-0.0098  	0.02615  	0.03104  	0.00626  	0.05008  	0.09742  	-0.0595  	0.01356  	0.00466  	0.67399  	0.55195  	249.634  	214.622  	
0.11651  	0.07705  	-0.0186  	-0.0239  	0.04758  	0.04631  	0.15593  	0.25532  	0.20236  	0.08356  	-0.0896  	0.76193  	0.10021  	0.21014  	-0.6181  	0.23801  	0.38553  	0.03446  	0.39656  	0.11860  	0.13655  	0.36763  	0.29369  	0.13230  	0.02779  	0.10606  	0.34454  	-0.5050  	-0.4665  	-0.0916  	0.01177  	0.06075  	0.17617  	-0.1564  	0.10804  	-0.0864  	0.25658  	0.04853  	-0.2098  	-0.1345  	0.13111  	0.01211  	0.02467  	0.21737  	0.04291  	-0.0374  	-0.0366  	0.07638  	0.06608  	-0.1265  	-0.0775  	-0.0207  	-0.0126  	-0.0083  	-0.0203  	0.00930  	-0.0291  	0.00647  	0.00672  	-0.0200  	-0.0098  	0.02615  	0.03104  	0.00626  	0.05033  	0.09499  	-0.0560  	0.01285  	0.00414  	0.68268  	0.55195  	249.634  	214.622  	
-0.2036  	-0.0490  	-0.2497  	-0.1535  	0.10398  	-0.2180  	0.11471  	0.07210  	0.14422  	0.23384  	-0.0653  	0.82191  	0.10148  	0.06598  	-0.8616  	0.19203  	0.33995  	0.16090  	0.36539  	0.31961  	-0.1130  	0.29755  	0.15319  	0.01535  	-0.0115  	0.16270  	0.07656  	-0.1485  	-0.2533  	-0.1256  	0.03665  	0.01061  	0.18524  	-0.1495  	-0.0592  	0.03117  	0.03445  	-0.0423  	-0.1233  	-0.0531  	0.21939  	0.00987  	0.01805  	0.22083  	0.04130  	-0.0406  	-0.0279  	0.07038  	0.06192  	-0.1307  	-0.0739  	-0.0227  	-0.0149  	-0.0132  	-0.0169  	0.00171  	-0.0185  	0.00523  	0.01668  	-0.0232  	-0.0076  	0.02942  	0.02164  	0.00822  	0.05191  	0.09187  	-0.0516  	0.01213  	0.00338  	0.70770  	0.55195  	249.634  	214.622  	
-0.5264  	-0.1518  	-0.4942  	-0.2886  	0.11903  	-0.3892  	0.17388  	0.03111  	0.09163  	0.28848  	-0.0080  	0.81389  	0.06080  	-0.0684  	-1.0391  	0.09217  	0.30983  	0.20530  	0.39743  	0.33652  	-0.2438  	0.33581  	0.09600  	-0.0339  	-0.0098  	0.16796  	0.01408  	-0.0616  	-0.1547  	-0.1209  	0.05196  	-0.0309  	0.16688  	-0.1421  	-0.1108  	0.10483  	-0.0520  	-0.0741  	-0.0939  	-0.0709  	0.19341  	0.01990  	-0.0023  	0.20667  	0.05041  	-0.0319  	-0.0320  	0.08517  	0.06693  	-0.1303  	-0.0712  	-0.0259  	-0.0222  	-0.0238  	-0.0157  	-0.0112  	-0.0130  	0.01251  	0.00956  	-0.0279  	-0.0091  	0.01022  	0.03250  	0.00278  	0.05215  	0.08921  	-0.0478  	0.01083  	0.00310  	0.73035  	0.55195  	249.634  	214.622  	
-0.5379  	-0.1376  	-0.4677  	-0.1712  	0.18241  	-0.4344  	0.17010  	0.06240  	0.09047  	0.34338  	0.00592  	0.85464  	0.06931  	0.00714  	-0.9935  	0.01646  	0.27402  	0.18136  	0.37609  	0.36297  	-0.1881  	0.35032  	0.09081  	0.01062  	0.00704  	0.15901  	0.04010  	-0.0588  	-0.1453  	-0.1128  	0.03820  	-0.0436  	0.17749  	-0.1354  	-0.0685  	0.05887  	-0.0490  	-0.0976  	-0.0868  	-0.0564  	0.16554  	0.03404  	-0.0171  	0.18787  	0.06694  	-0.0385  	-0.0252  	0.08310  	0.05851  	-0.1247  	-0.0676  	-0.0243  	-0.0165  	-0.0188  	-0.0234  	-0.0096  	-0.0099  	0.00826  	0.01473  	-0.0253  	-0.0188  	0.01183  	0.02330  	0.00161  	0.04960  	0.08714  	-0.0458  	0.00970  	0.00318  	0.73736  	0.55195  	249.634  	214.622  	
-0.4659  	-0.1041  	-0.4172  	-0.1012  	0.19166  	-0.3591  	0.15874  	0.11505  	0.10549  	0.31704  	-0.0486  	0.87680  	0.06941  	0.07826  	-0.9353  	0.06040  	0.28310  	0.16320  	0.39290  	0.36269  	-0.2165  	0.35885  	0.07508  	0.02091  	0.04205  	0.16428  	0.06200  	-0.0572  	-0.1407  	-0.0868  	0.03658  	-0.0276  	0.18446  	-0.1286  	-0.0550  	0.06516  	-0.0492  	-0.0844  	-0.0908  	-0.0503  	0.16221  	0.03060  	-0.0171  	0.19916  	0.06370  	-0.0405  	-0.0248  	0.08028  	0.06027  	-0.1262  	-0.0695  	-0.0259  	-0.0155  	-0.0157  	-0.0232  	-0.0101  	-0.0095  	0.01332  	0.01791  	-0.0206  	-0.0173  	0.01667  	0.02879  	0.00297  	0.04310  	0.08612  	-0.0447  	0.00792  	0.00422  	0.72134  	0.55195  	249.634  	214.622  	
-0.2940  	-0.0425  	-0.3169  	-0.0533  	0.17883  	-0.2277  	0.13777  	0.10894  	0.10885  	0.20428  	-0.1943  	0.86610  	0.10606  	0.15726  	-0.7429  	0.08606  	0.33094  	0.16520  	0.41177  	0.31709  	-0.1794  	0.32571  	0.14090  	0.00645  	0.05250  	0.14356  	0.09057  	-0.1114  	-0.1411  	-0.0649  	0.02804  	-0.0228  	0.15525  	-0.1424  	-0.0513  	0.03736  	-0.0397  	-0.0453  	-0.0867  	-0.0287  	0.16620  	0.00450  	0.00980  	0.20840  	0.06590  	-0.0363  	-0.0265  	0.08144  	0.05776  	-0.1347  	-0.0676  	-0.0222  	-0.0201  	-0.0170  	-0.0189  	-0.0045  	-0.0193  	0.00561  	0.01632  	-0.0212  	-0.0178  	0.01639  	0.02864  	0.00378  	0.03508  	0.08520  	-0.0444  	0.00651  	0.00593  	0.69390  	0.55195  	249.634  	214.622  	
-0.1348  	0.01199  	-0.1838  	-0.0104  	0.14878  	-0.1013  	0.14581  	0.13082  	0.14772  	0.13803  	-0.2958  	0.80493  	0.11587  	0.18309  	-0.6240  	0.09441  	0.35249  	0.12576  	0.38663  	0.22449  	-0.0946  	0.33640  	0.19366  	0.03596  	0.01786  	0.13123  	0.14263  	-0.2237  	-0.2202  	-0.0620  	0.01868  	0.01447  	0.17335  	-0.1533  	-0.0315  	-0.0159  	0.02133  	-0.0414  	-0.1008  	-0.0687  	0.18702  	0.00457  	0.01912  	0.22184  	0.04514  	-0.0296  	-0.0293  	0.09803  	0.06433  	-0.1335  	-0.0636  	-0.0230  	-0.0157  	-0.0191  	-0.0255  	-0.0026  	-0.0139  	-0.0013  	0.01586  	-0.0254  	-0.0086  	0.01697  	0.02436  	0.01033  	0.02670  	0.08397  	-0.0457  	0.00504  	0.00720  	0.68817  	0.55195  	249.634  	214.622  	
0.07257  	0.08174  	-0.0348  	-0.0361  	0.08571  	-0.0202  	0.13640  	0.17980  	0.16906  	0.17914  	-0.2443  	0.77677  	0.12197  	0.17588  	-0.6384  	0.15912  	0.37701  	0.09181  	0.40927  	0.19729  	0.01341  	0.37615  	0.22909  	0.04824  	0.04766  	0.10194  	0.25935  	-0.3798  	-0.3285  	-0.0794  	0.01657  	0.03417  	0.17813  	-0.1560  	0.02294  	-0.0318  	0.15164  	0.00298  	-0.1631  	-0.0858  	0.16897  	0.00039  	0.02668  	0.22724  	0.05304  	-0.0364  	-0.0321  	0.07820  	0.06862  	-0.1256  	-0.0747  	-0.0276  	-0.0123  	-0.0158  	-0.0236  	0.01163  	-0.0244  	0.00473  	0.00717  	-0.0214  	-0.0095  	0.02515  	0.02790  	0.00700  	0.01946  	0.08393  	-0.0473  	0.00419  	0.00858  	0.68395  	0.55195  	249.634  	214.622  	
0.14663  	0.07462  	0.05493  	-0.0116  	0.08844  	0.03051  	0.15384  	0.22084  	0.16500  	0.16011  	-0.1726  	0.73994  	0.09860  	0.19758  	-0.6742  	0.24452  	0.35095  	0.05761  	0.41064  	0.15042  	0.08881  	0.37808  	0.25875  	0.11030  	0.10388  	0.10319  	0.33029  	-0.4874  	-0.3965  	-0.0615  	-0.0016  	0.05576  	0.16425  	-0.1577  	0.08493  	-0.0474  	0.20609  	0.01610  	-0.1780  	-0.1286  	0.11180  	0.02800  	0.03840  	0.22283  	0.04281  	-0.0352  	-0.0373  	0.09077  	0.07397  	-0.1329  	-0.0709  	-0.0233  	-0.0124  	-0.0139  	-0.0224  	0.01060  	-0.0262  	0.00153  	0.00477  	-0.0231  	-0.0158  	0.01988  	0.02940  	0.00033  	0.01290  	0.08522  	-0.0485  	0.00331  	0.00935  	0.67928  	0.55195  	249.634  	214.622  	
0.13260  	0.05829  	0.01913  	0.00572  	0.11359  	0.04981  	0.17850  	0.21776  	0.18673  	0.14144  	-0.1772  	0.71393  	0.10568  	0.20609  	-0.6848  	0.24478  	0.36289  	0.03578  	0.40176  	0.18102  	0.09390  	0.37606  	0.21905  	0.11258  	0.13138  	0.08580  	0.34882  	-0.4437  	-0.3760  	-0.0650  	-0.0128  	0.05976  	0.16250  	-0.1589  	0.06475  	-0.0383  	0.20745  	0.00298  	-0.1604  	-0.1047  	0.13304  	0.02097  	0.02773  	0.22908  	0.04937  	-0.0401  	-0.0432  	0.09165  	0.07989  	-0.1348  	-0.0658  	-0.0240  	-0.0117  	-0.0125  	-0.0212  	0.01030  	-0.0227  	0.00197  	0.01123  	-0.0198  	-0.0130  	0.01529  	0.03126  	0.00154  	0.00766  	0.08756  	-0.0494  	0.00297  	0.01061  	0.66138  	0.55195  	249.634  	214.622  	
0.11873  	0.04466  	-0.0740  	0.09015  	0.17381  	0.01063  	0.17693  	0.16879  	0.15533  	0.14212  	-0.3063  	0.68743  	0.17918  	0.26569  	-0.5648  	0.13395  	0.37226  	0.05159  	0.39900  	0.16833  	-0.0259  	0.41549  	0.19450  	0.08783  	0.16356  	0.09617  	0.35232  	-0.4064  	-0.2871  	-0.0128  	-0.0059  	0.03248  	0.15778  	-0.1504  	0.06026  	-0.0132  	0.14063  	-0.0137  	-0.1644  	-0.0725  	0.13001  	0.02844  	0.02281  	0.23138  	0.04923  	-0.0417  	-0.0388  	0.09473  	0.07936  	-0.1330  	-0.0686  	-0.0263  	-0.0167  	-0.0143  	-0.0196  	0.00770  	-0.0236  	-0.0010  	0.01290  	-0.0241  	-0.0123  	0.01814  	0.02460  	-0.0015  	0.00349  	0.09033  	-0.0505  	0.00232  	0.01158  	0.65644  	0.55195  	249.634  	214.622  	
0.03023  	0.03193  	-0.1797  	0.18149  	0.25118  	0.00116  	0.14588  	0.12895  	0.09772  	0.13474  	-0.3759  	0.69886  	0.15896  	0.27267  	-0.4750  	0.08490  	0.36495  	0.04583  	0.39643  	0.15861  	-0.0627  	0.43488  	0.16818  	0.09157  	0.18680  	0.08493  	0.38108  	-0.3660  	-0.2391  	0.01833  	-0.0178  	0.03254  	0.14117  	-0.1407  	0.08159  	0.00840  	0.09204  	-0.0369  	-0.1499  	-0.0541  	0.09701  	0.03269  	0.00077  	0.22226  	0.05184  	-0.0377  	-0.0439  	0.08293  	0.07258  	-0.1395  	-0.0593  	-0.0244  	-0.0188  	-0.0198  	-0.0226  	0.00902  	-0.0210  	0.00722  	0.01320  	-0.0249  	-0.0167  	0.01814  	0.03031  	0.00076  	0.00061  	0.09406  	-0.0517  	0.00196  	0.01208  	0.64457  	0.55195  	249.634  	214.622  	
0.06665  	0.02446  	-0.1671  	0.20506  	0.27257  	0.08119  	0.14223  	0.15670  	0.12144  	0.06581  	-0.4445  	0.72387  	0.17275  	0.26492  	-0.4094  	0.09642  	0.37908  	0.01291  	0.37575  	0.14151  	-0.0352  	0.44589  	0.23785  	0.12813  	0.09874  	0.09700  	0.37199  	-0.4008  	-0.2827  	-0.0104  	-0.0272  	0.03028  	0.14744  	-0.1472  	0.08151  	-0.0278  	0.10155  	-0.0295  	-0.1517  	-0.0514  	0.10378  	0.04593  	0.01280  	0.21540  	0.04666  	-0.0390  	-0.0378  	0.09817  	0.08046  	-0.1364  	-0.0701  	-0.0270  	-0.0202  	-0.0170  	-0.0209  	0.01216  	-0.0192  	0.00174  	0.01221  	-0.0233  	-0.0148  	0.01954  	0.02672  	0.00307  	-0.0016  	0.09886  	-0.0528  	0.00235  	0.01237  	0.65068  	0.55195  	249.634  	214.622  	
0.17242  	0.04773  	-0.0384  	0.12471  	0.16762  	0.08216  	0.18059  	0.18832  	0.14525  	0.14239  	-0.3448  	0.68066  	0.17120  	0.29999  	-0.5162  	0.14205  	0.36990  	0.06272  	0.38766  	0.13712  	-0.0247  	0.40854  	0.20046  	0.09889  	0.15377  	0.09153  	0.36468  	-0.4038  	-0.2905  	-0.0272  	-0.0016  	0.04112  	0.15674  	-0.1476  	0.08872  	0.00057  	0.11108  	-0.0265  	-0.1435  	-0.0542  	0.11366  	0.02769  	0.01528  	0.21938  	0.04836  	-0.0370  	-0.0456  	0.09031  	0.07961  	-0.1294  	-0.0561  	-0.0249  	-0.0156  	-0.0208  	-0.0162  	0.01206  	-0.0254  	0.00666  	0.01073  	-0.0199  	-0.0162  	0.02002  	0.03416  	0.00157  	-0.0099  	0.10018  	-0.0518  	0.00207  	0.01239  	0.66116  	0.55195  	249.634  	214.622  	
0.21884  	0.05158  	0.02065  	0.18082  	0.18495  	0.12507  	0.20961  	0.19509  	0.17461  	0.14513  	-0.4045  	0.64507  	0.20373  	0.32384  	-0.5133  	0.12968  	0.39211  	0.05321  	0.38726  	0.13615  	-0.0652  	0.43843  	0.18935  	0.08784  	0.20755  	0.08293  	0.34745  	-0.3954  	-0.2448  	-0.0054  	-0.0181  	0.03063  	0.14186  	-0.1350  	0.03864  	0.00389  	0.09234  	-0.0299  	-0.1060  	-0.0430  	0.13016  	0.02800  	0.02524  	0.22708  	0.04485  	-0.0364  	-0.0485  	0.11400  	0.08846  	-0.1341  	-0.0590  	-0.0263  	-0.0117  	-0.0168  	-0.0165  	0.01477  	-0.0262  	0.00292  	0.01040  	-0.0178  	-0.0150  	0.01816  	0.02819  	0.00304  	-0.0123  	0.10176  	-0.0518  	0.00132  	0.01314  	0.66519  	0.55195  	249.634  	214.622  	
0.16692  	0.04902  	-0.0719  	0.07876  	0.19678  	0.00831  	0.22812  	0.15500  	0.14886  	0.21256  	-0.4737  	0.54189  	0.20005  	0.31020  	-0.4977  	-0.0284  	0.37311  	0.02140  	0.39350  	0.12071  	-0.1032  	0.47956  	0.21404  	0.10103  	0.26378  	0.07573  	0.43943  	-0.4169  	-0.2095  	0.01375  	-0.0168  	0.03327  	0.10963  	-0.1455  	0.03463  	0.01062  	0.09182  	-0.0434  	-0.1123  	-0.0193  	0.11548  	0.03619  	0.01990  	0.24157  	0.04846  	-0.0425  	-0.0528  	0.10741  	0.08820  	-0.1320  	-0.0568  	-0.0275  	-0.0180  	-0.0142  	-0.0180  	0.01085  	-0.0244  	0.00278  	0.00974  	-0.0182  	-0.0157  	0.02041  	0.02743  	-0.0011  	-0.0096  	0.10328  	-0.0525  	0.00050  	0.01416  	0.66322  	0.55195  	249.634  	214.622  	
0.07231  	0.03263  	-0.1709  	0.09662  	0.17136  	-0.0324  	0.20444  	0.15861  	0.11413  	0.15474  	-0.4436  	0.58697  	0.14662  	0.22863  	-0.4534  	0.05605  	0.39955  	0.03523  	0.38900  	0.09752  	-0.0770  	0.48630  	0.24763  	0.14127  	0.21983  	0.10528  	0.43704  	-0.4309  	-0.2363  	-0.0071  	-0.0095  	0.04449  	0.12717  	-0.1508  	0.03936  	-0.0060  	0.08891  	-0.0348  	-0.1403  	-0.0269  	0.11910  	0.04221  	0.02003  	0.23207  	0.04868  	-0.0402  	-0.0481  	0.10363  	0.08251  	-0.1331  	-0.0609  	-0.0245  	-0.0241  	-0.0154  	-0.0196  	0.00406  	-0.0223  	0.00074  	0.01394  	-0.0241  	-0.0173  	0.01563  	0.01719  	0.00094  	-0.0033  	0.10548  	-0.0523  	-0.0006  	0.01560  	0.66467  	0.55195  	249.634  	214.622  	
0.00139  	0.01431  	-0.1905  	0.13532  	0.21906  	-0.0454  	0.14739  	0.14045  	0.11914  	0.12522  	-0.3609  	0.71615  	0.14715  	0.18652  	-0.5410  	0.11625  	0.36463  	0.05251  	0.39093  	0.16068  	-0.0630  	0.41674  	0.17652  	0.08176  	0.14866  	0.10075  	0.33102  	-0.3638  	-0.2387  	-0.0050  	-0.0217  	0.02880  	0.12638  	-0.1496  	0.05681  	0.00383  	0.07587  	-0.0330  	-0.1389  	-0.0491  	0.12700  	0.03674  	0.00414  	0.22209  	0.05088  	-0.0354  	-0.0442  	0.09142  	0.07043  	-0.1360  	-0.0597  	-0.0235  	-0.0170  	-0.0197  	-0.0208  	0.00828  	-0.0189  	0.00739  	0.01461  	-0.0229  	-0.0150  	0.01658  	0.02761  	0.00149  	0.00764  	0.10674  	-0.0520  	-0.0016  	0.01709  	0.65780  	0.55195  	249.634  	214.622  	
0.06064  	0.01504  	-0.1484  	0.18572  	0.25724  	0.04719  	0.13769  	0.15965  	0.12327  	0.11339  	-0.4138  	0.73638  	0.19219  	0.25081  	-0.4520  	0.11743  	0.33535  	0.06407  	0.37942  	0.19264  	-0.0713  	0.42773  	0.17013  	0.11140  	0.13559  	0.08910  	0.32463  	-0.3530  	-0.2652  	-0.0099  	-0.0109  	0.02947  	0.15575  	-0.1485  	0.08012  	-0.0146  	0.08775  	-0.0464  	-0.1517  	-0.0420  	0.10212  	0.03686  	0.00345  	0.21923  	0.05697  	-0.0398  	-0.0379  	0.09016  	0.07637  	-0.1334  	-0.0572  	-0.0278  	-0.0176  	-0.0190  	-0.0217  	0.00922  	-0.0163  	0.00421  	0.01149  	-0.0245  	-0.0189  	0.01879  	0.02737  	0.00643  	0.02094  	0.10805  	-0.0519  	-0.0026  	0.01862  	0.65573  	0.55195  	249.634  	214.622  	
0.19698  	0.05495  	-0.0285  	0.23823  	0.25496  	0.06281  	0.15911  	0.21038  	0.12705  	0.15753  	-0.4272  	0.72586  	0.22842  	0.30272  	-0.3736  	0.05375  	0.43170  	-0.0639  	0.43069  	-0.0447  	-0.0407  	0.24155  	-0.0458  	0.09105  	0.09599  	0.16992  	0.30586  	-0.4410  	-0.1665  	-0.0227  	0.08370  	-0.0056  	0.08282  	-0.2815  	0.01886  	-0.0171  	-0.0025  	-0.0433  	-0.2165  	-0.1002  	0.18089  	0.13727  	-0.0879  	0.27974  	0.00034  	-0.0197  	-0.0675  	0.11500  	0.06344  	-0.1383  	-0.0499  	-0.0235  	-0.0166  	-0.0082  	-0.0147  	0.01263  	-0.0275  	-0.0048  	0.01054  	-0.0114  	-0.0120  	0.02168  	0.01862  	0.00183  	0.03569  	0.10932  	-0.0520  	-0.0033  	0.01958  	0.65620  	0.55195  	249.634  	214.622  	
0.19109  	0.07678  	0.04284  	0.16234  	0.19051  	0.02672  	0.14000  	0.26373  	0.12430  	0.14946  	-0.3739  	0.66805  	0.26959  	0.23724  	-0.4214  	0.00516  	0.50096  	-0.1776  	0.49420  	-0.2614  	0.03673  	0.10785  	-0.1634  	0.08219  	0.07322  	0.23253  	0.34733  	-0.5556  	-0.1412  	-0.0410  	0.17569  	-0.0325  	0.01488  	-0.3879  	-0.0461  	-0.0406  	-0.0161  	-0.0315  	-0.3018  	-0.1734  	0.23521  	0.21717  	-0.1484  	0.34205  	-0.0399  	-0.0081  	-0.0849  	0.13529  	0.05775  	-0.1516  	-0.0489  	-0.0199  	-0.0121  	0.00280  	-0.0073  	0.01276  	-0.0272  	-0.0097  	0.01311  	-0.0053  	-0.0048  	0.01383  	0.00633  	0.00348  	0.05070  	0.11120  	-0.0523  	-0.0040  	0.01971  	0.65409  	0.55195  	249.634  	214.622  	
0.12287  	0.05468  	-0.0725  	0.12303  	0.15778  	-0.0297  	0.12363  	0.28522  	0.10250  	0.09945  	-0.3654  	0.64387  	0.25791  	0.17661  	-0.3762  	-0.0327  	0.53318  	-0.2155  	0.52885  	-0.3241  	0.09798  	0.09178  	-0.1670  	0.11403  	0.08949  	0.26049  	0.40215  	-0.6310  	-0.1729  	-0.0627  	0.19155  	-0.0474  	-0.0207  	-0.4132  	-0.0255  	-0.0701  	-0.0118  	-0.0149  	-0.3499  	-0.1963  	0.22188  	0.25024  	-0.1669  	0.35337  	-0.0541  	-0.0083  	-0.0862  	0.11579  	0.05481  	-0.1489  	-0.0520  	-0.0165  	-0.0170  	0.01368  	-0.0109  	0.00669  	-0.0343  	-0.0161  	0.01217  	-0.0070  	-0.0098  	0.01760  	-0.0009  	0.00115  	0.06599  	0.11279  	-0.0531  	-0.0045  	0.01926  	0.65169  	0.55195  	249.634  	214.622  	
0.04512  	0.05532  	-0.0267  	0.07580  	0.17534  	0.00318  	0.09654  	0.26083  	0.10646  	0.06384  	-0.2313  	0.75777  	0.18853  	0.07829  	-0.5211  	0.07315  	0.50554  	-0.1856  	0.51046  	-0.2418  	0.11970  	0.06044  	-0.1387  	0.12461  	-0.0228  	0.24677  	0.32771  	-0.5597  	-0.2360  	-0.1071  	0.17289  	-0.0084  	0.00599  	-0.3840  	-0.0094  	-0.0571  	0.06391  	0.01123  	-0.3498  	-0.2103  	0.24572  	0.21313  	-0.1487  	0.34153  	-0.0440  	-0.0118  	-0.0731  	0.10914  	0.04745  	-0.1383  	-0.0573  	-0.0163  	-0.0144  	0.01308  	-0.0064  	0.00157  	-0.0274  	-0.0124  	0.00879  	-0.0080  	-0.0092  	0.01767  	0.00473  	0.00427  	0.07829  	0.11443  	-0.0547  	-0.0047  	0.01845  	0.64876  	0.55195  	249.634  	214.622  	
-0.0578  	-0.0237  	-0.1237  	-0.0585  	0.12429  	-0.0964  	0.12655  	0.12511  	0.08152  	0.19173  	-0.0747  	0.71910  	0.07409  	-0.0532  	-0.7956  	0.17804  	0.39742  	0.02947  	0.46548  	0.04249  	-0.0386  	0.14500  	-0.0442  	0.06704  	0.03919  	0.18489  	0.19788  	-0.3249  	-0.1938  	-0.1003  	0.09528  	0.00810  	0.07111  	-0.2820  	-0.0070  	0.04812  	0.03586  	-0.0200  	-0.2559  	-0.1324  	0.22304  	0.12093  	-0.0901  	0.28752  	0.00843  	-0.0195  	-0.0538  	0.08714  	0.04746  	-0.1351  	-0.0516  	-0.0211  	-0.0107  	-0.0034  	-0.0096  	-0.0019  	-0.0168  	8.50061  	0.01162  	-0.0145  	-0.0127  	0.00749  	0.01889  	0.00606  	0.08691  	0.11592  	-0.0569  	-0.0045  	0.01719  	0.64870  	0.55195  	249.634  	214.622  	
-0.0856  	-0.0559  	-0.1734  	-0.0777  	0.12427  	-0.1054  	0.15421  	0.06575  	0.09223  	0.24886  	-0.0834  	0.70793  	0.04982  	-0.0230  	-0.8980  	0.22248  	0.31045  	0.15631  	0.40848  	0.27514  	-0.1356  	0.33342  	0.12547  	0.03991  	0.12935  	0.09550  	0.18741  	-0.2122  	-0.2209  	-0.0577  	-0.0076  	0.04420  	0.13231  	-0.1448  	0.03293  	0.11564  	0.08677  	-0.0228  	-0.1508  	-0.0635  	0.16633  	0.01057  	0.00509  	0.21698  	0.05274  	-0.0357  	-0.0352  	0.07406  	0.05866  	-0.1316  	-0.0542  	-0.0258  	-0.0107  	-0.0178  	-0.0141  	-0.0006  	-0.0127  	0.01169  	0.01108  	-0.0228  	-0.0174  	0.00849  	0.03312  	0.00495  	0.08949  	0.11626  	-0.0591  	-0.0039  	0.01563  	0.65194  	0.55195  	249.634  	214.622  	
-0.0722  	-0.0459  	-0.1603  	-0.1053  	0.10344  	-0.0669  	0.16171  	0.04380  	0.10401  	0.23965  	-0.0831  	0.70552  	0.04985  	-0.0245  	-0.9182  	0.21496  	0.31940  	0.15198  	0.40890  	0.27012  	-0.1262  	0.32844  	0.12902  	0.03542  	0.12298  	0.09382  	0.19224  	-0.2181  	-0.2350  	-0.0703  	0.00173  	0.04006  	0.13662  	-0.1498  	0.01706  	0.10299  	0.09597  	-0.0228  	-0.1450  	-0.0486  	0.18540  	0.01047  	0.00987  	0.21624  	0.04912  	-0.0357  	-0.0319  	0.07625  	0.05945  	-0.1218  	-0.0546  	-0.0257  	-0.0131  	-0.0152  	-0.0120  	-0.0018  	-0.0129  	0.00944  	0.01019  	-0.0178  	-0.0187  	0.01046  	0.03071  	0.00328  	0.08455  	0.11264  	-0.0598  	-0.0042  	0.01389  	0.64091  	0.55195  	249.634  	214.622  	
0.00734  	0.03419  	-0.1004  	-0.0756  	0.08120  	-0.0302  	0.18583  	0.12716  	0.13052  	0.18575  	-0.1247  	0.68201  	0.09060  	0.08615  	-0.8239  	0.20413  	0.32910  	0.10997  	0.41709  	0.20013  	-0.0498  	0.35034  	0.17841  	0.08034  	0.10912  	0.10403  	0.25271  	-0.3548  	-0.3179  	-0.0863  	0.02589  	0.03604  	0.14914  	-0.1568  	0.07116  	0.04948  	0.12713  	-0.0154  	-0.1588  	-0.0581  	0.16092  	0.02964  	0.01357  	0.22375  	0.04622  	-0.0415  	-0.0397  	0.07622  	0.06494  	-0.1158  	-0.0601  	-0.0231  	-0.0108  	-0.0087  	-0.0166  	0.00020  	-0.0129  	0.00661  	0.01260  	-0.0227  	-0.0166  	0.01919  	0.03604  	0.00344  	0.08544  	0.11034  	-0.0621  	-0.0042  	0.01277  	0.63053  	0.55195  	249.634  	214.622  	
0.06624  	0.01462  	-0.1092  	0.04407  	0.12135  	0.06323  	0.16497  	0.18403  	0.15003  	0.11410  	-0.1936  	0.75501  	0.12250  	0.18466  	-0.6582  	0.17911  	0.38918  	0.06500  	0.39782  	0.14542  	0.01035  	0.37067  	0.22442  	0.08954  	0.10348  	0.09403  	0.30444  	-0.4330  	-0.3479  	-0.0723  	0.00648  	0.05259  	0.15706  	-0.1597  	0.06830  	-0.0215  	0.15907  	0.01133  	-0.1840  	-0.0946  	0.14572  	0.01899  	0.02356  	0.22105  	0.04188  	-0.0347  	-0.0376  	0.07409  	0.07375  	-0.1150  	-0.0707  	-0.0264  	-0.0104  	-0.0084  	-0.0154  	0.00602  	-0.0249  	0.00283  	0.01254  	-0.0239  	-0.0162  	0.02232  	0.03359  	0.00169  	0.08678  	0.10751  	-0.0646  	-0.0045  	0.01194  	0.62799  	0.55195  	249.634  	214.622  	
-0.2201  	-0.0061  	-0.2146  	-0.1975  	0.03790  	-0.1713  	0.12696  	0.07475  	0.12597  	0.22483  	-0.1147  	0.75228  	0.07864  	0.07104  	-0.8637  	0.12775  	0.34493  	0.12405  	0.38669  	0.22075  	-0.1056  	0.35311  	0.21189  	0.00114  	0.08098  	0.12605  	0.19158  	-0.2570  	-0.2370  	-0.0886  	0.02894  	-0.0018  	0.16298  	-0.1502  	-0.0160  	0.03851  	0.05370  	-0.0359  	-0.1407  	-0.0616  	0.18500  	0.01484  	0.02126  	0.20990  	0.05176  	-0.0405  	-0.0248  	0.07169  	0.05668  	-0.1203  	-0.0647  	-0.0264  	-0.0150  	-0.0213  	-0.0205  	-0.0013  	-0.0217  	0.00845  	0.01075  	-0.0246  	-0.0127  	0.02393  	0.03339  	0.00951  	0.08794  	0.10553  	-0.0669  	-0.0050  	0.01049  	0.64103  	0.55195  	249.634  	214.622  	
-0.3484  	-0.0540  	-0.2588  	-0.3083  	0.01801  	-0.2684  	0.12013  	0.01808  	0.09490  	0.28229  	-0.1058  	0.73561  	0.04600  	-0.0433  	-0.9652  	0.10068  	0.35103  	0.15259  	0.40012  	0.24237  	-0.2016  	0.33783  	0.22391  	-0.0340  	0.05023  	0.14708  	0.11157  	-0.1930  	-0.1854  	-0.0883  	0.03962  	-0.0071  	0.14852  	-0.1453  	-0.1004  	0.06599  	0.01754  	-0.0249  	-0.1229  	-0.0662  	0.22575  	0.00036  	0.03532  	0.22926  	0.04232  	-0.0437  	-0.0249  	0.07502  	0.05987  	-0.1298  	-0.0661  	-0.0220  	-0.0215  	-0.0196  	-0.0196  	-0.0092  	-0.0190  	0.00718  	0.00832  	-0.0311  	-0.0124  	0.01715  	0.03436  	0.00637  	0.08956  	0.10320  	-0.0688  	-0.0055  	0.00894  	0.65088  	0.55195  	249.634  	214.622  	
-0.4114  	-0.0735  	-0.2714  	-0.3829  	-0.0730  	-0.2608  	0.12359  	0.02917  	0.07863  	0.27903  	-0.0825  	0.66994  	0.00841  	-0.1058  	-0.9930  	0.09077  	0.37505  	0.14167  	0.40111  	0.19820  	-0.2094  	0.35480  	0.27229  	-0.0042  	0.06045  	0.15114  	0.13951  	-0.2464  	-0.1946  	-0.0870  	0.05032  	0.00276  	0.13004  	-0.1438  	-0.1265  	0.05336  	0.03380  	-0.0141  	-0.1282  	-0.0802  	0.25056  	0.00115  	0.04572  	0.23896  	0.04534  	-0.0440  	-0.0279  	0.06347  	0.06112  	-0.1248  	-0.0702  	-0.0211  	-0.0200  	-0.0109  	-0.0192  	-0.0093  	-0.0172  	0.00739  	0.00973  	-0.0279  	-0.0126  	0.02436  	0.03502  	0.00629  	0.09075  	0.10264  	-0.0702  	-0.0061  	0.00753  	0.66789  	0.55195  	249.634  	214.622  	
-0.2356  	-0.0390  	-0.2384  	-0.1742  	0.08264  	-0.1590  	0.10860  	0.08553  	0.11394  	0.18005  	-0.1552  	0.75912  	0.03741  	-0.0257  	-0.8617  	0.14324  	0.36072  	0.11966  	0.40153  	0.22219  	-0.1380  	0.33192  	0.23145  	0.04255  	0.03975  	0.13903  	0.19145  	-0.2538  	-0.2374  	-0.0870  	0.02651  	0.02474  	0.15793  	-0.1516  	-0.0524  	0.02681  	0.07823  	-0.0165  	-0.1492  	-0.0720  	0.19590  	-0.0015  	0.03354  	0.22882  	0.04551  	-0.0404  	-0.0286  	0.06942  	0.05428  	-0.1272  	-0.0706  	-0.0238  	-0.0189  	-0.0175  	-0.0230  	-0.0045  	-0.0220  	0.00139  	0.01021  	-0.0284  	-0.0168  	0.02019  	0.02931  	0.00516  	0.09149  	0.10336  	-0.0711  	-0.0068  	0.00645  	0.67887  	0.55195  	249.634  	214.622  	
-0.1182  	-0.0019  	-0.1369  	-0.1298  	0.06531  	-0.1078  	0.16568  	0.07140  	0.11663  	0.20124  	-0.1595  	0.74561  	0.05864  	0.02509  	-0.8151  	0.15984  	0.32779  	0.16279  	0.40448  	0.23198  	-0.1390  	0.34779  	0.18954  	0.02212  	0.07402  	0.12216  	0.17575  	-0.2561  	-0.2196  	-0.0994  	0.02208  	0.02091  	0.17429  	-0.1430  	-0.0139  	0.04415  	0.07282  	-0.0226  	-0.1369  	-0.0515  	0.19255  	0.00461  	0.02550  	0.23265  	0.04882  	-0.0483  	-0.0288  	0.08147  	0.06148  	-0.1330  	-0.0650  	-0.0265  	-0.0133  	-0.0134  	-0.0201  	0.00287  	-0.0191  	0.00259  	0.00939  	-0.0192  	-0.0131  	0.02388  	0.03166  	0.00964  	0.09235  	0.10576  	-0.0713  	-0.0072  	0.00514  	0.68761  	0.55195  	249.634  	214.622  	
0.10045  	0.04510  	-0.0190  	-0.0258  	0.09148  	0.02387  	0.16028  	0.21135  	0.14568  	0.16536  	-0.1197  	0.74095  	0.10581  	0.16594  	-0.7015  	0.23827  	0.34499  	0.04848  	0.40505  	0.16475  	0.06988  	0.36815  	0.22996  	0.14144  	0.07677  	0.09097  	0.34643  	-0.4965  	-0.4305  	-0.0868  	0.01724  	0.06717  	0.16542  	-0.1606  	0.11054  	-0.0255  	0.21366  	0.02648  	-0.2073  	-0.0974  	0.13452  	0.01586  	0.02382  	0.22112  	0.04944  	-0.0348  	-0.0328  	0.07998  	0.07087  	-0.1309  	-0.0677  	-0.0210  	-0.0125  	-0.0102  	-0.0223  	0.00457  	-0.0209  	0.00330  	0.01199  	-0.0236  	-0.0135  	0.02319  	0.03735  	-0.0020  	0.09314  	0.10777  	-0.0712  	-0.0077  	0.00379  	0.69914  	0.55195  	249.634  	214.622  	
0.12662  	0.06375  	-0.0023  	0.02597  	0.12478  	0.06770  	0.18027  	0.21266  	0.15408  	0.16459  	-0.1779  	0.74330  	0.10452  	0.19102  	-0.6899  	0.22932  	0.34701  	0.07648  	0.39296  	0.18598  	0.03414  	0.37029  	0.19500  	0.08372  	0.09776  	0.10841  	0.30358  	-0.4366  	-0.3718  	-0.0815  	0.01931  	0.05528  	0.17072  	-0.1535  	0.06491  	-0.0155  	0.17359  	0.01331  	-0.1715  	-0.0990  	0.14161  	0.00956  	0.03831  	0.22581  	0.04450  	-0.0347  	-0.0350  	0.08813  	0.07649  	-0.1282  	-0.0643  	-0.0250  	-0.0118  	-0.0108  	-0.0160  	0.00763  	-0.0249  	0.00361  	0.01180  	-0.0194  	-0.0131  	0.01959  	0.03993  	0.00334  	0.09150  	0.10993  	-0.0705  	-0.0081  	0.00380  	0.69517  	0.55195  	249.634  	214.622  	
-0.1410  	0.00344  	-0.1729  	-0.1581  	0.03941  	-0.1524  	0.15168  	0.09384  	0.14029  	0.22951  	-0.1244  	0.75745  	0.12374  	0.06115  	-0.8729  	0.15368  	0.36034  	0.16954  	0.38022  	0.28817  	-0.1238  	0.32210  	0.15769  	-0.0105  	0.08015  	0.14210  	0.16112  	-0.2054  	-0.2220  	-0.0922  	0.04252  	-0.0139  	0.19562  	-0.1480  	-0.0284  	0.03984  	0.02660  	-0.0372  	-0.1228  	-0.0885  	0.19275  	0.01654  	0.03133  	0.20871  	0.05593  	-0.0371  	-0.0212  	0.07205  	0.06594  	-0.1274  	-0.0610  	-0.0257  	-0.0092  	-0.0179  	-0.0157  	-0.0029  	-0.0237  	0.00992  	0.01039  	-0.0260  	-0.0116  	0.02417  	0.03492  	0.00652  	0.08940  	0.11067  	-0.0701  	-0.0087  	0.00452  	0.69320  	0.55195  	249.634  	214.622  	
-0.3100  	-0.0786  	-0.2765  	-0.2097  	0.04596  	-0.2205  	0.13441  	0.01275  	0.09322  	0.22234  	-0.1253  	0.67513  	0.04562  	-0.0329  	-0.9125  	0.11312  	0.35905  	0.14098  	0.39339  	0.27041  	-0.1717  	0.34896  	0.15540  	0.02664  	0.12697  	0.13481  	0.18419  	-0.2088  	-0.1967  	-0.0674  	0.02034  	0.02066  	0.13424  	-0.1475  	-0.0465  	0.09474  	0.04274  	-0.0391  	-0.1388  	-0.0784  	0.18965  	0.01434  	0.01902  	0.22059  	0.05345  	-0.0412  	-0.0321  	0.06968  	0.05600  	-0.1271  	-0.0652  	-0.0260  	-0.0174  	-0.0194  	-0.0170  	-0.0016  	-0.0176  	0.00683  	0.01165  	-0.0265  	-0.0175  	0.01356  	0.03172  	0.00668  	0.08697  	0.11029  	-0.0702  	-0.0090  	0.00463  	0.68978  	0.55195  	249.634  	214.622  	
-0.1202  	-0.0177  	-0.2235  	-0.0416  	0.19967  	-0.1440  	0.13750  	0.09292  	0.11872  	0.16274  	-0.2405  	0.75157  	0.10401  	0.06286  	-0.6699  	0.15463  	0.35604  	0.10624  	0.36736  	0.24394  	-0.0659  	0.33770  	0.15565  	0.11602  	0.05831  	0.12753  	0.26575  	-0.2855  	-0.2897  	-0.0750  	0.00477  	0.03757  	0.14513  	-0.1493  	0.06702  	-0.0061  	0.09763  	-0.0468  	-0.1677  	-0.0235  	0.14486  	0.03727  	-0.0011  	0.21100  	0.04933  	-0.0424  	-0.0340  	0.06458  	0.07232  	-0.1343  	-0.0645  	-0.0253  	-0.0161  	-0.0153  	-0.0301  	0.00089  	-0.0249  	0.00368  	0.01486  	-0.0210  	-0.0183  	0.02610  	0.01824  	0.00045  	0.08525  	0.10852  	-0.0702  	-0.0089  	0.00484  	0.67433  	0.55195  	249.634  	214.622  	
0.19793  	0.06265  	-0.0180  	0.14325  	0.21359  	0.10451  	0.19628  	0.17159  	0.14437  	0.20233  	-0.4347  	0.70979  	0.21776  	0.36840  	-0.4543  	0.09456  	0.36580  	0.05690  	0.39860  	0.12815  	-0.1039  	0.44581  	0.19183  	0.08134  	0.12382  	0.09710  	0.31349  	-0.3928  	-0.2580  	-0.0343  	-0.0024  	0.03285  	0.16612  	-0.1532  	0.03683  	-0.0074  	0.08951  	-0.0261  	-0.1190  	-0.0321  	0.14063  	0.01995  	0.02522  	0.23970  	0.04376  	-0.0375  	-0.0465  	0.11184  	0.08290  	-0.1320  	-0.0635  	-0.0264  	-0.0182  	-0.0191  	-0.0167  	0.01394  	-0.0273  	-0.0003  	0.00959  	-0.0192  	-0.0113  	0.03054  	0.02807  	0.00136  	0.08316  	0.10707  	-0.0696  	-0.0088  	0.00543  	0.66270  	0.55195  	249.634  	214.622  	
0.15387  	0.06082  	-0.0709  	0.14613  	0.23332  	0.03793  	0.21399  	0.15643  	0.13861  	0.21190  	-0.4450  	0.61840  	0.22930  	0.38306  	-0.4693  	0.04171  	0.35628  	0.04124  	0.38535  	0.12146  	-0.1031  	0.45082  	0.17906  	0.06242  	0.20927  	0.07970  	0.38113  	-0.4056  	-0.1980  	0.01562  	-0.0011  	0.01179  	0.13792  	-0.1445  	0.04610  	0.01712  	0.07184  	-0.0428  	-0.1177  	-0.0294  	0.14086  	0.03489  	0.02681  	0.23063  	0.04163  	-0.0343  	-0.0462  	0.11053  	0.08739  	-0.1418  	-0.0636  	-0.0227  	-0.0163  	-0.0173  	-0.0216  	0.01167  	-0.0265  	0.00494  	0.01273  	-0.0209  	-0.0110  	0.02238  	0.02710  	-0.0038  	0.08200  	0.10502  	-0.0699  	-0.0087  	0.00621  	0.66106  	0.55195  	249.634  	214.622  	
-0.0485  	-0.0217  	-0.2745  	0.18495  	0.27460  	-0.1165  	0.19455  	0.12292  	0.11156  	0.17366  	-0.3207  	0.73786  	0.17309  	0.28103  	-0.5247  	0.08284  	0.36054  	0.04872  	0.37796  	0.22128  	-0.0856  	0.38740  	0.14445  	0.09911  	0.16009  	0.10574  	0.33686  	-0.2989  	-0.2419  	0.00707  	0.00804  	0.03036  	0.15084  	-0.1510  	0.07016  	0.01522  	0.06225  	-0.0632  	-0.1383  	-0.0348  	0.10231  	0.03743  	-0.0035  	0.22127  	0.05521  	-0.0356  	-0.0350  	0.08299  	0.07244  	-0.1277  	-0.0699  	-0.0289  	-0.0208  	-0.0233  	-0.0240  	0.00611  	-0.0181  	-0.0004  	0.01531  	-0.0201  	-0.0090  	0.01416  	0.01383  	-0.0008  	0.08213  	0.10352  	-0.0706  	-0.0085  	0.00590  	0.65959  	0.55195  	249.634  	214.622  	
-0.3624  	-0.1041  	-0.4247  	0.00539  	0.25947  	-0.3085  	0.15517  	0.07555  	0.08603  	0.21425  	-0.1572  	0.86927  	0.12210  	0.11958  	-0.7783  	0.10450  	0.29422  	0.16306  	0.39151  	0.33209  	-0.1470  	0.32782  	0.09994  	0.06469  	0.02139  	0.13480  	0.12973  	-0.1388  	-0.1545  	-0.0845  	0.02882  	-0.0034  	0.19487  	-0.1400  	-0.0067  	0.03218  	-0.0328  	-0.0695  	-0.1131  	-0.0335  	0.13145  	0.04023  	-0.0178  	0.21310  	0.05509  	-0.0422  	-0.0090  	0.06998  	0.06602  	-0.1306  	-0.0671  	-0.0316  	-0.0284  	-0.0172  	-0.0222  	-0.0088  	-0.0130  	0.00552  	0.01219  	-0.0237  	-0.0103  	0.01163  	0.02153  	-0.0002  	0.08344  	0.10242  	-0.0713  	-0.0085  	0.00561  	0.65997  	0.55195  	249.634  	214.622  	
-0.4227  	-0.1114  	-0.3929  	-0.1290  	0.17563  	-0.3555  	0.17162  	0.07722  	0.08384  	0.26252  	-0.0530  	0.83978  	0.07192  	0.04191  	-0.8908  	0.07871  	0.30507  	0.16955  	0.38469  	0.34772  	-0.1795  	0.32304  	0.11895  	0.04212  	0.04948  	0.14713  	0.10506  	-0.1295  	-0.1545  	-0.0735  	0.03999  	-0.0074  	0.16103  	-0.1377  	-0.0489  	0.05733  	-0.0278  	-0.0644  	-0.0958  	-0.0456  	0.16677  	0.02623  	-0.0108  	0.19868  	0.06602  	-0.0423  	-0.0285  	0.06967  	0.04969  	-0.1253  	-0.0708  	-0.0236  	-0.0175  	-0.0190  	-0.0192  	-0.0130  	-0.0110  	0.00868  	0.01303  	-0.0244  	-0.0157  	0.01883  	0.03270  	0.00504  	0.08512  	0.10327  	-0.0716  	-0.0084  	0.00565  	0.65270  	0.55195  	249.634  	214.622  	
-0.2610  	-0.0395  	-0.2164  	-0.1689  	0.07893  	-0.1976  	0.16712  	0.10703  	0.12714  	0.21499  	-0.1817  	0.74942  	0.11865  	0.09874  	-0.7775  	0.09101  	0.35683  	0.16478  	0.37515  	0.28613  	-0.1360  	0.32927  	0.15806  	0.01149  	0.03394  	0.14051  	0.16552  	-0.2137  	-0.1900  	-0.0888  	0.03764  	-0.0015  	0.17541  	-0.1460  	-0.0701  	0.01845  	-0.0006  	-0.0418  	-0.0933  	-0.0358  	0.19972  	0.00273  	0.01050  	0.21954  	0.05100  	-0.0336  	-0.0355  	0.08436  	0.05514  	-0.1333  	-0.0668  	-0.0247  	-0.0162  	-0.0215  	-0.0255  	-0.0039  	-0.0233  	0.00331  	0.01453  	-0.0283  	-0.0093  	0.01387  	0.02394  	0.00779  	0.08664  	0.10505  	-0.0708  	-0.0083  	0.00645  	0.63198  	0.55195  	249.634  	214.622  	
0.01466  	0.05913  	-0.0725  	-0.0085  	0.12685  	0.01448  	0.14009  	0.21158  	0.17078  	0.15451  	-0.3004  	0.74397  	0.17175  	0.22782  	-0.6054  	0.16870  	0.36666  	0.10433  	0.39946  	0.18999  	-0.0254  	0.38715  	0.24568  	0.05760  	0.05294  	0.12307  	0.23746  	-0.3547  	-0.2972  	-0.0607  	0.05091  	0.01891  	0.17634  	-0.1514  	-0.0068  	-0.0404  	0.11326  	-0.0268  	-0.1329  	-0.0629  	0.16374  	0.00823  	0.04098  	0.23087  	0.05071  	-0.0337  	-0.0338  	0.08411  	0.06508  	-0.1282  	-0.0753  	-0.0264  	-0.0150  	-0.0206  	-0.0236  	0.00399  	-0.0247  	0.00457  	0.00606  	-0.0265  	-0.0111  	0.02786  	0.02668  	0.00508  	0.08642  	0.10755  	-0.0699  	-0.0076  	0.00663  	0.62718  	0.55195  	249.634  	214.622  	
0.12224  	0.08070  	-0.0203  	-0.0073  	0.09426  	0.06624  	0.14854  	0.23535  	0.17824  	0.11729  	-0.2327  	0.72761  	0.13455  	0.22192  	-0.5888  	0.20659  	0.36472  	0.07184  	0.40424  	0.15423  	0.05578  	0.40631  	0.26904  	0.07217  	0.07253  	0.11280  	0.28724  	-0.4454  	-0.3619  	-0.0656  	0.02643  	0.03431  	0.18275  	-0.1526  	0.03827  	-0.0522  	0.18356  	0.01321  	-0.1680  	-0.1111  	0.15123  	0.01419  	0.04852  	0.22692  	0.04336  	-0.0385  	-0.0329  	0.08994  	0.07370  	-0.1270  	-0.0835  	-0.0259  	-0.0112  	-0.0115  	-0.0208  	0.01039  	-0.0235  	0.00608  	-9.1820  	-0.0206  	-0.0141  	0.02664  	0.02850  	0.00373  	0.08434  	0.10881  	-0.0688  	-0.0067  	0.00557  	0.63982  	0.55195  	249.634  	214.622  	
0.16535  	0.08041  	0.01409  	0.02677  	0.08913  	0.09214  	0.14609  	0.25858  	0.16878  	0.10785  	-0.2027  	0.72284  	0.13664  	0.24686  	-0.6115  	0.23060  	0.36188  	0.04407  	0.40683  	0.12047  	0.11850  	0.40745  	0.27501  	0.12143  	0.10669  	0.09057  	0.36536  	-0.4945  	-0.4006  	-0.0613  	0.00923  	0.05594  	0.15920  	-0.1566  	0.08811  	-0.0522  	0.21441  	0.01457  	-0.1853  	-0.1258  	0.12664  	0.01602  	0.02678  	0.22023  	0.04514  	-0.0366  	-0.0447  	0.09306  	0.07686  	-0.1257  	-0.0710  	-0.0248  	-0.0085  	-0.0134  	-0.0215  	0.01592  	-0.0264  	0.00475  	0.00773  	-0.0180  	-0.0120  	0.02346  	0.03292  	0.00320  	0.07985  	0.10997  	-0.0672  	-0.0059  	0.00643  	0.63864  	0.55195  	249.634  	214.622  	
0.14391  	0.06442  	0.01742  	0.05692  	0.09998  	0.11892  	0.16568  	0.27620  	0.17396  	0.09115  	-0.1954  	0.73179  	0.13812  	0.25009  	-0.6317  	0.23571  	0.37429  	0.06513  	0.40288  	0.12941  	0.06194  	0.38192  	0.24304  	0.06939  	0.09291  	0.09947  	0.33284  	-0.4392  	-0.3409  	-0.0538  	0.01304  	0.05550  	0.17251  	-0.1541  	0.07413  	-0.0371  	0.18141  	0.01017  	-0.1717  	-0.1195  	0.14245  	0.00663  	0.02830  	0.22084  	0.04632  	-0.0379  	-0.0372  	0.09284  	0.07987  	-0.1287  	-0.0726  	-0.0230  	-0.0107  	-0.0117  	-0.0164  	0.00966  	-0.0315  	0.00589  	0.00856  	-0.0150  	-0.0117  	0.02399  	0.03736  	0.00274  	0.07595  	0.11061  	-0.0656  	-0.0054  	0.00846  	0.63675  	0.55195  	249.634  	214.622  	
0.08057  	0.07654  	-0.0247  	0.02358  	0.11846  	-0.0066  	0.15877  	0.26517  	0.15986  	0.10027  	-0.1867  	0.74747  	0.16572  	0.16192  	-0.6024  	0.13026  	0.43749  	-0.0431  	0.45003  	-0.0259  	0.05881  	0.17319  	-0.0147  	0.04802  	0.04568  	0.20034  	0.27950  	-0.4536  	-0.2199  	-0.0850  	0.10117  	-0.0026  	0.10300  	-0.2854  	-0.0194  	-0.0323  	0.07728  	0.00202  	-0.2412  	-0.1603  	0.21731  	0.12257  	-0.0601  	0.28642  	0.00212  	-0.0193  	-0.0552  	0.10423  	0.05973  	-0.1348  	-0.0687  	-0.0223  	-0.0088  	-0.0005  	-0.0120  	0.00720  	-0.0261  	-0.0075  	0.01025  	-0.0121  	-0.0086  	0.01595  	0.01659  	0.00603  	0.07261  	0.11183  	-0.0640  	-0.0048  	0.01016  	0.64204  	0.55195  	249.634  	214.622  	
-0.0550  	0.05372  	-0.0771  	-0.0865  	0.05099  	-0.1043  	0.12635  	0.25679  	0.10397  	0.11738  	-0.0875  	0.74594  	0.15765  	0.07017  	-0.6471  	0.05467  	0.49460  	-0.1309  	0.46573  	-0.1923  	0.08422  	0.04201  	-0.1512  	0.04159  	-0.0389  	0.27180  	0.23445  	-0.4929  	-0.1776  	-0.1315  	0.19183  	-0.0554  	0.03465  	-0.3954  	-0.0924  	-0.0539  	0.00894  	0.00467  	-0.3341  	-0.2153  	0.29171  	0.20641  	-0.1445  	0.33017  	-0.0415  	-0.0062  	-0.0704  	0.09961  	0.03708  	-0.1404  	-0.0679  	-0.0189  	-0.0109  	0.00804  	-0.0105  	-0.0003  	-0.0260  	-0.0090  	0.01266  	-0.0130  	-0.0058  	0.02273  	0.01105  	0.00948  	0.07091  	0.11214  	-0.0621  	-0.0041  	0.01214  	0.63271  	0.55195  	249.634  	214.622  	
-0.2288  	-0.0050  	-0.1464  	-0.1881  	0.01459  	-0.1895  	0.11407  	0.17315  	0.06520  	0.15086  	-0.0409  	0.72904  	0.10902  	-0.1277  	-0.7448  	0.03328  	0.51920  	-0.1568  	0.48611  	-0.1933  	0.03302  	0.01758  	-0.1575  	0.00822  	-0.0639  	0.30996  	0.17254  	-0.4561  	-0.1240  	-0.1407  	0.22535  	-0.0737  	0.00101  	-0.4188  	-0.1633  	-0.0234  	-0.0375  	0.00147  	-0.3555  	-0.2164  	0.33846  	0.21309  	-0.1606  	0.35695  	-0.0463  	-0.0068  	-0.0674  	0.09440  	0.02581  	-0.1476  	-0.0695  	-0.0166  	-0.0152  	0.01190  	-0.0078  	-0.0059  	-0.0269  	-0.0119  	0.00411  	-0.0128  	-0.0035  	0.02003  	0.00863  	0.00972  	0.06937  	0.11314  	-0.0602  	-0.0036  	0.01437  	0.63287  	0.55195  	249.634  	214.622  	
-0.2211  	0.00800  	-0.1020  	-0.1840  	-0.0104  	-0.1666  	0.10270  	0.18945  	0.09742  	0.15907  	-0.0564  	0.73258  	0.13429  	-0.1012  	-0.7675  	0.08401  	0.50822  	-0.1392  	0.47111  	-0.1569  	0.03597  	0.04759  	-0.1039  	0.00725  	-0.0859  	0.30586  	0.13787  	-0.4390  	-0.1391  	-0.1437  	0.22207  	-0.0748  	0.02949  	-0.3810  	-0.1587  	-0.0421  	-0.0188  	-0.0019  	-0.3330  	-0.2230  	0.32409  	0.19932  	-0.1328  	0.33690  	-0.0312  	-0.0058  	-0.0655  	0.08885  	0.03003  	-0.1405  	-0.0705  	-0.0159  	-0.0110  	0.00713  	-0.0079  	-0.0041  	-0.0282  	-0.0093  	0.00471  	-0.0157  	-0.0040  	0.02559  	0.00613  	0.01079  	0.06857  	0.11361  	-0.0590  	-0.0033  	0.01641  	0.63328  	0.55195  	249.634  	214.622  	
-0.0981  	0.05936  	-0.0566  	-0.1172  	0.01090  	-0.1028  	0.13180  	0.21363  	0.13740  	0.15439  	-0.0676  	0.74841  	0.13186  	0.04677  	-0.7356  	0.14765  	0.43147  	-0.0334  	0.43514  	-0.0050  	0.04173  	0.18407  	0.05584  	0.02841  	-0.0534  	0.22947  	0.17785  	-0.4339  	-0.2404  	-0.1265  	0.15114  	-0.0363  	0.10991  	-0.2741  	-0.0679  	-0.0495  	0.06940  	0.01097  	-0.2624  	-0.1752  	0.25574  	0.11035  	-0.0588  	0.28345  	0.00337  	-0.0206  	-0.0476  	0.08196  	0.03954  	-0.1293  	-0.0762  	-0.0217  	-0.0069  	-0.0013  	-0.0123  	-0.0027  	-0.0271  	-0.0009  	0.00941  	-0.0215  	-0.0060  	0.03305  	0.01921  	0.00772  	0.06886  	0.11464  	-0.0580  	-0.0034  	0.01761  	0.62662  	0.55195  	249.634  	214.622  	
0.04110  	0.07522  	-0.0348  	-0.0557  	0.04452  	-0.0045  	0.15952  	0.21399  	0.17089  	0.13450  	-0.0801  	0.73728  	0.09502  	0.18155  	-0.6967  	0.22244  	0.35307  	0.06534  	0.38808  	0.16878  	0.07659  	0.36482  	0.26463  	0.07928  	0.01555  	0.12706  	0.25461  	-0.4586  	-0.3940  	-0.1020  	0.02232  	0.04346  	0.18067  	-0.1492  	0.04699  	-0.0595  	0.19524  	0.03570  	-0.1945  	-0.1238  	0.17046  	0.00396  	0.03031  	0.22269  	0.04637  	-0.0395  	-0.0303  	0.07294  	0.06487  	-0.1170  	-0.0776  	-0.0231  	-0.0093  	-0.0075  	-0.0208  	0.00234  	-0.0293  	0.00487  	0.00532  	-0.0263  	-0.0121  	0.02916  	0.02966  	0.00140  	0.07010  	0.11512  	-0.0570  	-0.0041  	0.01840  	0.62938  	0.55195  	249.634  	214.622  	
0.08102  	0.06920  	-0.0228  	-0.0226  	0.05238  	0.03565  	0.16620  	0.23492  	0.17844  	0.11704  	-0.0967  	0.73968  	0.09291  	0.19906  	-0.6549  	0.22091  	0.36066  	0.04894  	0.39191  	0.15396  	0.09729  	0.37428  	0.26482  	0.09942  	0.03375  	0.11764  	0.28958  	-0.4796  	-0.4028  	-0.0966  	0.01184  	0.05348  	0.17516  	-0.1536  	0.06931  	-0.0594  	0.21038  	0.03882  	-0.1971  	-0.1221  	0.16438  	0.00277  	0.03234  	0.22475  	0.04560  	-0.0396  	-0.0333  	0.07632  	0.06726  	-0.1210  	-0.0772  	-0.0238  	-0.0122  	-0.0084  	-0.0211  	0.00388  	-0.0271  	0.00471  	0.00544  	-0.0230  	-0.0129  	0.02616  	0.02978  	0.00212  	0.07083  	0.11625  	-0.0559  	-0.0047  	0.01959  	0.61435  	0.55195  	249.634  	214.622  	
0.12952  	0.06326  	0.00139  	-0.0111  	0.04499  	0.08572  	0.16393  	0.25971  	0.19644  	0.09150  	-0.1220  	0.73181  	0.12105  	0.22752  	-0.6045  	0.23705  	0.37900  	0.03524  	0.40345  	0.12863  	0.14428  	0.38642  	0.27810  	0.12816  	0.05444  	0.10482  	0.33951  	-0.5134  	-0.4410  	-0.0885  	0.01060  	0.05919  	0.17159  	-0.1536  	0.09296  	-0.0713  	0.24573  	0.03981  	-0.1988  	-0.1250  	0.13362  	0.01457  	0.02905  	0.21714  	0.04690  	-0.0402  	-0.0358  	0.08137  	0.07094  	-0.1253  	-0.0750  	-0.0235  	-0.0108  	-0.0087  	-0.0196  	0.01056  	-0.0288  	0.00721  	0.00555  	-0.0164  	-0.0105  	0.02473  	0.03424  	0.00800  	0.07186  	0.11596  	-0.0549  	-0.0054  	0.02045  	0.60028  	0.55195  	249.634  	214.622  	
0.12478  	0.06581  	-0.0047  	-0.0142  	0.04336  	0.07875  	0.16053  	0.26109  	0.20042  	0.09021  	-0.1142  	0.74541  	0.12324  	0.23197  	-0.6134  	0.24220  	0.38135  	0.03261  	0.40636  	0.12124  	0.15021  	0.38243  	0.27948  	0.13631  	0.04906  	0.10199  	0.34564  	-0.5221  	-0.4537  	-0.0917  	0.00828  	0.05944  	0.17355  	-0.1530  	0.10044  	-0.0753  	0.25081  	0.04221  	-0.1982  	-0.1298  	0.13134  	0.01554  	0.02463  	0.21555  	0.04800  	-0.0383  	-0.0366  	0.08082  	0.06929  	-0.1249  	-0.0750  	-0.0232  	-0.0106  	-0.0087  	-0.0211  	0.00995  	-0.0306  	0.00780  	0.00611  	-0.0173  	-0.0095  	0.02416  	0.03412  	0.00768  	0.07122  	0.11473  	-0.0554  	-0.0058  	0.01977  	0.60890  	0.55195  	249.634  	214.622  	
0.12491  	0.07599  	-0.0020  	-0.0191  	0.04151  	0.06995  	0.15849  	0.26630  	0.20543  	0.08663  	-0.0998  	0.75316  	0.11348  	0.22725  	-0.6182  	0.24739  	0.38057  	0.03200  	0.40465  	0.11698  	0.15613  	0.37982  	0.28790  	0.13905  	0.03606  	0.10261  	0.35180  	-0.5237  	-0.4676  	-0.0941  	0.00852  	0.06308  	0.17586  	-0.1547  	0.10615  	-0.0802  	0.26083  	0.04715  	-0.2048  	-0.1316  	0.13212  	0.01353  	0.02539  	0.21782  	0.04667  	-0.0379  	-0.0365  	0.07909  	0.06847  	-0.1251  	-0.0764  	-0.0230  	-0.0110  	-0.0083  	-0.0205  	0.00987  	-0.0309  	0.00761  	0.00707  	-0.0172  	-0.0094  	0.02532  	0.03323  	0.00670  	0.07091  	0.11194  	-0.0561  	-0.0064  	0.01764  	0.61657  	0.55195  	249.634  	214.622  	
0.12167  	0.07734  	-0.0063  	-0.0251  	0.04382  	0.05680  	0.15553  	0.26330  	0.20669  	0.08582  	-0.0909  	0.75996  	0.10630  	0.21740  	-0.6265  	0.24568  	0.38178  	0.03253  	0.40029  	0.11693  	0.14680  	0.37304  	0.29261  	0.13494  	0.02797  	0.10413  	0.35095  	-0.5141  	-0.4709  	-0.0929  	0.01061  	0.06369  	0.17650  	-0.1558  	0.10726  	-0.0842  	0.26075  	0.04927  	-0.2081  	-0.1325  	0.13149  	0.01222  	0.02560  	0.21854  	0.04434  	-0.0377  	-0.0365  	0.07745  	0.06762  	-0.1261  	-0.0770  	-0.0218  	-0.0117  	-0.0076  	-0.0199  	0.00941  	-0.0303  	0.00695  	0.00729  	-0.0183  	-0.0097  	0.02597  	0.03245  	0.00619  	0.07036  	0.10990  	-0.0571  	-0.0070  	0.01709  	0.61507  	0.55195  	249.634  	214.622  	
0.11980  	0.07692  	-0.0119  	-0.0248  	0.04485  	0.05177  	0.15547  	0.26147  	0.20525  	0.08416  	-0.0895  	0.76353  	0.10327  	0.21381  	-0.6225  	0.24291  	0.38350  	0.03343  	0.39889  	0.11742  	0.14265  	0.37033  	0.29457  	0.13300  	0.02666  	0.10509  	0.34701  	-0.5101  	-0.4701  	-0.0926  	0.01161  	0.06244  	0.17710  	-0.1558  	0.10608  	-0.0862  	0.26013  	0.04977  	-0.2085  	-0.1343  	0.13182  	0.01207  	0.02556  	0.21840  	0.04374  	-0.0373  	-0.0364  	0.07680  	0.06691  	-0.1264  	-0.0778  	-0.0214  	-0.0120  	-0.0077  	-0.0202  	0.00924  	-0.0300  	0.00686  	0.00701  	-0.0191  	-0.0097  	0.02620  	0.03179  	0.00628  	0.07120  	0.10759  	-0.0584  	-0.0079  	0.01673  	0.61700  	0.55195  	249.634  	214.622  	
0.11769  	0.07651  	-0.0160  	-0.0245  	0.04691  	0.04851  	0.15597  	0.25736  	0.20354  	0.08425  	-0.0903  	0.76218  	0.10168  	0.21146  	-0.6208  	0.23967  	0.38530  	0.03409  	0.39715  	0.11815  	0.13777  	0.36831  	0.29397  	0.13277  	0.02732  	0.10568  	0.34591  	-0.5063  	-0.4674  	-0.0917  	0.01164  	0.06137  	0.17624  	-0.1564  	0.10734  	-0.0862  	0.25722  	0.04871  	-0.2092  	-0.1341  	0.13116  	0.01214  	0.02502  	0.21758  	0.04300  	-0.0373  	-0.0366  	0.07660  	0.06658  	-0.1266  	-0.0774  	-0.0209  	-0.0125  	-0.0081  	-0.0202  	0.00933  	-0.0294  	0.00653  	0.00686  	-0.0196  	-0.0098  	0.02615  	0.03143  	0.00629  	0.07212  	0.10572  	-0.0599  	-0.0086  	0.01568  	0.62849  	0.55195  	249.634  	214.622  	
0.11726  	0.07887  	-0.0161  	-0.0263  	0.04517  	0.04525  	0.15536  	0.25574  	0.20315  	0.08270  	-0.0891  	0.76177  	0.10071  	0.21190  	-0.6209  	0.23895  	0.38365  	0.03401  	0.39762  	0.11571  	0.13935  	0.36905  	0.29336  	0.13132  	0.02701  	0.10565  	0.34504  	-0.5072  	-0.4679  	-0.0922  	0.01197  	0.06105  	0.17690  	-0.1564  	0.10863  	-0.0864  	0.25841  	0.04852  	-0.2106  	-0.1344  	0.13271  	0.01213  	0.02483  	0.21748  	0.04269  	-0.0377  	-0.0365  	0.07655  	0.06622  	-0.1263  	-0.0776  	-0.0209  	-0.0124  	-0.0079  	-0.0204  	0.00953  	-0.0293  	0.00635  	0.00696  	-0.0194  	-0.0097  	0.02608  	0.03103  	0.00607  	0.07387  	0.10304  	-0.0611  	-0.0092  	0.01452  	0.63739  	0.55195  	249.634  	214.622  	
0.11651  	0.07705  	-0.0186  	-0.0239  	0.04758  	0.04631  	0.15593  	0.25532  	0.20236  	0.08356  	-0.0896  	0.76193  	0.10021  	0.21014  	-0.6181  	0.23801  	0.38553  	0.03446  	0.39656  	0.11860  	0.13655  	0.36763  	0.29369  	0.13230  	0.02779  	0.10606  	0.34454  	-0.5050  	-0.4665  	-0.0916  	0.01177  	0.06075  	0.17617  	-0.1564  	0.10804  	-0.0864  	0.25658  	0.04853  	-0.2098  	-0.1345  	0.13111  	0.01211  	0.02467  	0.21737  	0.04291  	-0.0374  	-0.0366  	0.07638  	0.06608  	-0.1265  	-0.0775  	-0.0207  	-0.0126  	-0.0083  	-0.0203  	0.00930  	-0.0291  	0.00647  	0.00672  	-0.0200  	-0.0098  	0.02615  	0.03104  	0.00626  	0.07572  	0.10176  	-0.0624  	-0.0097  	0.01347  	0.64900  	0.55195  	249.634  	214.622  	
0.11651  	0.07705  	-0.0186  	-0.0239  	0.04758  	0.04631  	0.15593  	0.25532  	0.20236  	0.08356  	-0.0896  	0.76193  	0.10021  	0.21014  	-0.6181  	0.23801  	0.38553  	0.03446  	0.39656  	0.11860  	0.13655  	0.36763  	0.29369  	0.13230  	0.02779  	0.10606  	0.34454  	-0.5050  	-0.4665  	-0.0916  	0.01177  	0.06075  	0.17617  	-0.1564  	0.10804  	-0.0864  	0.25658  	0.04853  	-0.2098  	-0.1345  	0.13111  	0.01211  	0.02467  	0.21737  	0.04291  	-0.0374  	-0.0366  	0.07638  	0.06608  	-0.1265  	-0.0775  	-0.0207  	-0.0126  	-0.0083  	-0.0203  	0.00930  	-0.0291  	0.00647  	0.00672  	-0.0200  	-0.0098  	0.02615  	0.03104  	0.00626  	0.07723  	0.10043  	-0.0633  	-0.0102  	0.01285  	0.65052  	0.55195  	249.634  	214.622  	
0.11651  	0.07705  	-0.0186  	-0.0239  	0.04758  	0.04631  	0.15593  	0.25532  	0.20236  	0.08356  	-0.0896  	0.76193  	0.10021  	0.21014  	-0.6181  	0.23801  	0.38553  	0.03446  	0.39656  	0.11860  	0.13655  	0.36763  	0.29369  	0.13230  	0.02779  	0.10606  	0.34454  	-0.5050  	-0.4665  	-0.0916  	0.01177  	0.06075  	0.17617  	-0.1564  	0.10804  	-0.0864  	0.25658  	0.04853  	-0.2098  	-0.1345  	0.13111  	0.01211  	0.02467  	0.21737  	0.04291  	-0.0374  	-0.0366  	0.07638  	0.06608  	-0.1265  	-0.0775  	-0.0207  	-0.0126  	-0.0083  	-0.0203  	0.00930  	-0.0291  	0.00647  	0.00672  	-0.0200  	-0.0098  	0.02615  	0.03104  	0.00626  	0.07784  	0.10024  	-0.0636  	-0.0107  	0.01197  	0.65278  	0.55195  	249.634  	214.622  	
0.11651  	0.07705  	-0.0186  	-0.0239  	0.04758  	0.04631  	0.15593  	0.25532  	0.20236  	0.08356  	-0.0896  	0.76193  	0.10021  	0.21014  	-0.6181  	0.23801  	0.38553  	0.03446  	0.39656  	0.11860  	0.13655  	0.36763  	0.29369  	0.13230  	0.02779  	0.10606  	0.34454  	-0.5050  	-0.4665  	-0.0916  	0.01177  	0.06075  	0.17617  	-0.1564  	0.10804  	-0.0864  	0.25658  	0.04853  	-0.2098  	-0.1345  	0.13111  	0.01211  	0.02467  	0.21737  	0.04291  	-0.0374  	-0.0366  	0.07638  	0.06608  	-0.1265  	-0.0775  	-0.0207  	-0.0126  	-0.0083  	-0.0203  	0.00930  	-0.0291  	0.00647  	0.00672  	-0.0200  	-0.0098  	0.02615  	0.03104  	0.00626  	0.07768  	0.09956  	-0.0637  	-0.0112  	0.01108  	0.66113  	0.55195  	249.634  	214.622  	
0.11651  	0.07705  	-0.0186  	-0.0239  	0.04758  	0.04631  	0.15593  	0.25532  	0.20236  	0.08356  	-0.0896  	0.76193  	0.10021  	0.21014  	-0.6181  	0.23801  	0.38553  	0.03446  	0.39656  	0.11860  	0.13655  	0.36763  	0.29369  	0.13230  	0.02779  	0.10606  	0.34454  	-0.5050  	-0.4665  	-0.0916  	0.01177  	0.06075  	0.17617  	-0.1564  	0.10804  	-0.0864  	0.25658  	0.04853  	-0.2098  	-0.1345  	0.13111  	0.01211  	0.02467  	0.21737  	0.04291  	-0.0374  	-0.0366  	0.07638  	0.06608  	-0.1265  	-0.0775  	-0.0207  	-0.0126  	-0.0083  	-0.0203  	0.00930  	-0.0291  	0.00647  	0.00672  	-0.0200  	-0.0098  	0.02615  	0.03104  	0.00626  	0.07557  	0.09999  	-0.0638  	-0.0115  	0.01130  	0.65271  	0.55195  	249.634  	214.622  	
0.11713  	0.07677  	-0.0200  	-0.0229  	0.04893  	0.04643  	0.15581  	0.25413  	0.20265  	0.08347  	-0.0901  	0.76224  	0.10087  	0.20967  	-0.6185  	0.23829  	0.38599  	0.03467  	0.39635  	0.11928  	0.13512  	0.36810  	0.29250  	0.13177  	0.02819  	0.10650  	0.34323  	-0.5036  	-0.4656  	-0.0912  	0.01190  	0.06030  	0.17655  	-0.1565  	0.10794  	-0.0861  	0.25522  	0.04790  	-0.2094  	-0.1345  	0.13133  	0.01190  	0.02481  	0.21689  	0.04295  	-0.0374  	-0.0366  	0.07627  	0.06618  	-0.1266  	-0.0774  	-0.0207  	-0.0128  	-0.0084  	-0.0203  	0.00918  	-0.0292  	0.00648  	0.00673  	-0.0200  	-0.0100  	0.02600  	0.03103  	0.00619  	0.07307  	0.09920  	-0.0638  	-0.0117  	0.01213  	0.64147  	0.55195  	249.634  	214.622  	
0.01689  	0.03449  	-0.0808  	-0.1047  	0.08125  	-0.0614  	0.16867  	0.16874  	0.16259  	0.18634  	-0.1555  	0.76586  	0.11890  	0.12643  	-0.8095  	0.22429  	0.35386  	0.14451  	0.39832  	0.22244  	-0.0595  	0.32088  	0.19397  	0.02567  	0.08903  	0.10861  	0.20977  	-0.2755  	-0.2573  	-0.0794  	0.01636  	0.00841  	0.18710  	-0.1607  	0.01463  	0.01478  	0.09746  	-0.0126  	-0.1405  	-0.0983  	0.16780  	0.01165  	0.04152  	0.21201  	0.04213  	-0.0403  	-0.0323  	0.08261  	0.06288  	-0.1281  	-0.0584  	-0.0264  	-0.0110  	-0.0168  	-0.0187  	0.00340  	-0.0183  	0.00552  	0.01250  	-0.0236  	-0.0116  	0.01602  	0.03917  	0.01092  	0.06920  	0.09849  	-0.0644  	-0.0119  	0.01249  	0.64106  	0.55195  	249.634  	214.622  	
-0.1584  	-0.0056  	-0.2129  	-0.1486  	0.11770  	-0.1592  	0.13869  	0.11400  	0.14796  	0.22353  	-0.1257  	0.74931  	0.07368  	0.09634  	-0.8925  	0.19271  	0.34436  	0.13423  	0.39675  	0.25518  	-0.1036  	0.31689  	0.16001  	0.00223  	0.10368  	0.12897  	0.21694  	-0.2319  	-0.2261  	-0.0724  	0.01674  	0.01510  	0.16851  	-0.1437  	-0.0012  	0.03895  	0.08765  	-0.0251  	-0.1368  	-0.0779  	0.17554  	0.01083  	0.04002  	0.21483  	0.05354  	-0.0394  	-0.0305  	0.07011  	0.05485  	-0.1257  	-0.0616  	-0.0240  	-0.0149  	-0.0198  	-0.0215  	0.00404  	-0.0163  	0.00153  	0.01350  	-0.0213  	-0.0135  	0.01785  	0.03072  	0.01193  	0.06632  	0.09764  	-0.0647  	-0.0119  	0.01254  	0.62931  	0.55195  	249.634  	214.622  	
-0.3092  	-0.0802  	-0.3509  	-0.1370  	0.15071  	-0.2811  	0.15130  	0.07095  	0.11194  	0.25073  	-0.1281  	0.80198  	0.07349  	0.04923  	-0.8509  	0.09625  	0.31958  	0.16218  	0.37823  	0.28441  	-0.1640  	0.34907  	0.13647  	0.00665  	0.09096  	0.13810  	0.16968  	-0.1698  	-0.1704  	-0.0702  	0.01377  	-0.0136  	0.16175  	-0.1388  	-0.0266  	0.06351  	0.00779  	-0.0405  	-0.1228  	-0.0579  	0.16025  	0.02143  	0.01229  	0.22316  	0.06253  	-0.0390  	-0.0286  	0.06903  	0.06712  	-0.1336  	-0.0645  	-0.0294  	-0.0208  	-0.0106  	-0.0131  	-0.0061  	-0.0080  	0.01119  	0.01716  	-0.0230  	-0.0179  	0.01501  	0.03817  	0.01175  	0.06388  	0.09809  	-0.0646  	-0.0118  	0.01294  	0.62092  	0.55195  	249.634  	214.622  	
-0.4011  	-0.1018  	-0.3800  	-0.1547  	0.14136  	-0.3326  	0.13535  	0.03976  	0.08856  	0.26896  	-0.1120  	0.79396  	0.06548  	-0.0037  	-0.9072  	0.07532  	0.32188  	0.17427  	0.38198  	0.29062  	-0.1955  	0.33378  	0.14919  	-0.0145  	0.08898  	0.13536  	0.14382  	-0.1420  	-0.1587  	-0.0600  	0.02146  	-0.0172  	0.15748  	-0.1370  	-0.0394  	0.07301  	-0.0069  	-0.0588  	-0.1142  	-0.0522  	0.16960  	0.01733  	-0.0006  	0.22456  	0.06457  	-0.0382  	-0.0312  	0.06677  	0.05699  	-0.1278  	-0.0666  	-0.0269  	-0.0200  	-0.0152  	-0.0179  	-0.0040  	-0.0140  	0.00928  	0.01592  	-0.0229  	-0.0141  	0.01825  	0.03303  	0.00707  	0.06296  	0.09776  	-0.0647  	-0.0119  	0.01332  	0.62255  	0.55195  	249.634  	214.622  	
-0.3853  	-0.0735  	-0.3500  	-0.1764  	0.11095  	-0.3084  	0.12980  	0.04632  	0.08365  	0.25728  	-0.1448  	0.77533  	0.07249  	0.02732  	-0.8591  	0.04067  	0.34194  	0.16832  	0.39069  	0.27605  	-0.1903  	0.33451  	0.16328  	-0.0057  	0.09608  	0.12360  	0.12976  	-0.1515  	-0.1447  	-0.0578  	0.03423  	-0.0191  	0.15832  	-0.1363  	-0.0626  	0.06119  	-0.0121  	-0.0537  	-0.1080  	-0.0522  	0.18179  	0.01282  	0.00931  	0.22011  	0.05916  	-0.0362  	-0.0296  	0.06923  	0.05771  	-0.1302  	-0.0655  	-0.0257  	-0.0178  	-0.0158  	-0.0220  	-0.0071  	-0.0135  	0.00940  	0.01124  	-0.0254  	-0.0097  	0.01944  	0.03337  	0.00611  	0.06348  	0.09792  	-0.0650  	-0.0118  	0.01245  	0.63139  	0.55195  	249.634  	214.622  	
-0.2704  	-0.0473  	-0.2331  	-0.1630  	0.08531  	-0.2030  	0.14208  	0.08835  	0.12204  	0.21774  	-0.2265  	0.75729  	0.06742  	0.02203  	-0.8050  	0.07999  	0.36368  	0.15587  	0.39042  	0.24074  	-0.1625  	0.34845  	0.22902  	0.00144  	0.06144  	0.14499  	0.13299  	-0.1762  	-0.1551  	-0.0727  	0.03273  	-0.0075  	0.14404  	-0.1355  	-0.0854  	0.02846  	-0.0042  	-0.0361  	-0.1009  	-0.0603  	0.22626  	-0.0122  	0.03191  	0.23794  	0.04409  	-0.0405  	-0.0323  	0.07514  	0.06074  	-0.1303  	-0.0698  	-0.0225  	-0.0147  	-0.0193  	-0.0188  	-0.0094  	-0.0187  	0.00528  	0.01243  	-0.0280  	-0.0132  	0.01292  	0.03359  	0.00791  	0.06558  	0.09842  	-0.0650  	-0.0122  	0.01156  	0.64350  	0.55195  	249.634  	214.622  	
-0.1279  	0.00516  	-0.1592  	-0.0516  	0.11045  	-0.0734  	0.12898  	0.11435  	0.11666  	0.17725  	-0.2656  	0.75037  	0.07925  	0.04955  	-0.7367  	0.14019  	0.36692  	0.15034  	0.40494  	0.23930  	-0.1173  	0.34189  	0.20538  	0.00038  	0.07298  	0.12491  	0.17252  	-0.2449  	-0.2017  	-0.0718  	0.02192  	0.01691  	0.16417  	-0.1364  	-0.0406  	0.01307  	0.05079  	-0.0183  	-0.1147  	-0.0553  	0.20119  	-0.0042  	0.04576  	0.23159  	0.04516  	-0.0412  	-0.0320  	0.07966  	0.06451  	-0.1325  	-0.0661  	-0.0227  	-0.0157  	-0.0157  	-0.0164  	0.00126  	-0.0223  	0.00575  	0.01175  	-0.0225  	-0.0134  	0.01754  	0.02704  	0.00899  	0.06805  	0.10076  	-0.0648  	-0.0123  	0.01124  	0.64252  	0.55195  	249.634  	214.622  	
-0.1537  	0.00288  	-0.1981  	-0.1022  	0.09586  	-0.1151  	0.13582  	0.08303  	0.11505  	0.20692  	-0.1690  	0.74523  	0.06827  	0.01468  	-0.8158  	0.14888  	0.35195  	0.16073  	0.40980  	0.23809  	-0.1224  	0.33946  	0.19238  	-0.0116  	0.07408  	0.12465  	0.17239  	-0.2274  	-0.1892  	-0.0763  	0.01736  	0.02607  	0.16683  	-0.1429  	-0.0457  	0.02941  	0.05227  	-0.0237  	-0.1261  	-0.0546  	0.20728  	-0.0030  	0.03410  	0.23078  	0.04688  	-0.0370  	-0.0311  	0.06715  	0.05835  	-0.1313  	-0.0694  	-0.0243  	-0.0131  	-0.0150  	-0.0184  	0.00188  	-0.0240  	0.00290  	0.01218  	-0.0232  	-0.0100  	0.01927  	0.02513  	0.00697  	0.07013  	0.10279  	-0.0638  	-0.0125  	0.01158  	0.62808  	0.55195  	249.634  	214.622  	
-0.2877  	-0.0616  	-0.2725  	-0.1988  	0.06359  	-0.1873  	0.15259  	-0.0044  	0.10624  	0.23345  	-0.1632  	0.69474  	0.03919  	-0.0780  	-0.8951  	0.13317  	0.36201  	0.15371  	0.39503  	0.24985  	-0.2057  	0.34534  	0.17571  	-0.0266  	0.11202  	0.13362  	0.13990  	-0.1759  	-0.1617  	-0.0585  	0.02102  	0.02576  	0.13301  	-0.1408  	-0.0904  	0.10060  	0.02299  	-0.0326  	-0.1229  	-0.0690  	0.22587  	-0.0037  	0.03704  	0.22657  	0.05175  	-0.0380  	-0.0338  	0.07005  	0.05991  	-0.1297  	-0.0687  	-0.0245  	-0.0124  	-0.0123  	-0.0178  	-0.0016  	-0.0208  	0.00949  	0.01356  	-0.0244  	-0.0161  	0.01724  	0.03489  	0.00721  	0.07026  	0.10513  	-0.0630  	-0.0123  	0.01155  	0.62705  	0.55195  	249.634  	214.622  	
-0.2061  	-0.0380  	-0.2340  	-0.0178  	0.18052  	-0.1304  	0.13353  	0.03558  	0.08924  	0.18779  	-0.2395  	0.71352  	0.07237  	-0.0531  	-0.7740  	0.16268  	0.34718  	0.13209  	0.40422  	0.29025  	-0.1992  	0.34286  	0.12089  	0.03679  	0.18039  	0.11587  	0.21262  	-0.1593  	-0.1717  	-0.0222  	-0.0171  	0.03661  	0.13282  	-0.1326  	-0.0225  	0.10569  	0.01973  	-0.0389  	-0.1254  	-0.0499  	0.16488  	0.02292  	0.01850  	0.22288  	0.05169  	-0.0369  	-0.0405  	0.07668  	0.06498  	-0.1349  	-0.0550  	-0.0247  	-0.0122  	-0.0151  	-0.0213  	0.00481  	-0.0098  	0.00902  	0.01995  	-0.0139  	-0.0198  	0.01115  	0.02998  	0.00741  	0.06798  	0.10618  	-0.0623  	-0.0119  	0.01085  	0.63885  	0.55195  	249.634  	214.622  	
-0.0947  	0.00453  	-0.2360  	0.20089  	0.31858  	-0.0193  	0.14642  	0.12101  	0.09578  	0.14006  	-0.3944  	0.79465  	0.13479  	0.10340  	-0.5962  	0.17092  	0.34852  	0.12442  	0.39936  	0.26906  	-0.2146  	0.37165  	0.08468  	0.04039  	0.20127  	0.10750  	0.24367  	-0.1424  	-0.1427  	0.00642  	-0.0089  	0.00673  	0.13972  	-0.1304  	0.00446  	0.06023  	-0.0209  	-0.0507  	-0.1072  	-0.0363  	0.12104  	0.03165  	0.02224  	0.21131  	0.04933  	-0.0341  	-0.0421  	0.08269  	0.07135  	-0.1350  	-0.0605  	-0.0254  	-0.0155  	-0.0195  	-0.0239  	-0.0006  	-0.0092  	0.00946  	0.01219  	-0.0188  	-0.0218  	0.00930  	0.03115  	0.00365  	0.06443  	0.10723  	-0.0617  	-0.0110  	0.01167  	0.63471  	0.55195  	249.634  	214.622  	
-0.0253  	0.03000  	-0.2138  	0.20176  	0.29129  	-0.0191  	0.15760  	0.12358  	0.11814  	0.14127  	-0.4072  	0.78916  	0.14056  	0.17104  	-0.5322  	0.14610  	0.36229  	0.12943  	0.37671  	0.27269  	-0.1837  	0.37123  	0.11197  	0.00273  	0.16455  	0.10670  	0.22246  	-0.1757  	-0.1547  	0.00911  	-0.0049  	0.00889  	0.16227  	-0.1281  	-0.0152  	0.03121  	-0.0011  	-0.0405  	-0.1024  	-0.0382  	0.13296  	0.01971  	0.02495  	0.21414  	0.05121  	-0.0372  	-0.0372  	0.08757  	0.07042  	-0.1379  	-0.0563  	-0.0291  	-0.0194  	-0.0189  	-0.0239  	0.00905  	-0.0137  	0.00347  	0.00851  	-0.0258  	-0.0160  	0.01840  	0.03058  	0.00121  	0.06206  	0.10748  	-0.0611  	-0.0100  	0.01344  	0.62532  	0.55195  	249.634  	214.622  	
-0.0184  	0.01879  	-0.2234  	0.22677  	0.30145  	-0.0029  	0.15108  	0.11521  	0.12683  	0.15096  	-0.4070  	0.79363  	0.14497  	0.19670  	-0.5135  	0.13423  	0.34873  	0.10586  	0.38030  	0.24673  	-0.1625  	0.40292  	0.13869  	0.00683  	0.16397  	0.10164  	0.22969  	-0.1985  	-0.1458  	0.01361  	-0.0015  	0.00307  	0.16148  	-0.1246  	-0.0163  	0.01810  	0.02108  	-0.0504  	-0.0919  	-0.0381  	0.13839  	0.01551  	0.02003  	0.22204  	0.05756  	-0.0422  	-0.0370  	0.09047  	0.06770  	-0.1353  	-0.0579  	-0.0272  	-0.0204  	-0.0171  	-0.0230  	0.00958  	-0.0099  	0.00446  	0.00689  	-0.0275  	-0.0163  	0.01684  	0.02791  	0.00320  	0.06049  	0.10862  	-0.0609  	-0.0088  	0.01479  	0.62825  	0.55195  	249.634  	214.622  	
-0.0265  	0.02285  	-0.2255  	0.15708  	0.28195  	-0.0359  	0.15740  	0.11310  	0.12933  	0.13173  	-0.3487  	0.82128  	0.13462  	0.16745  	-0.5752  	0.12549  	0.33797  	0.09885  	0.35958  	0.24004  	-0.1300  	0.37395  	0.13441  	0.02579  	0.12415  	0.11858  	0.23767  	-0.2089  	-0.1969  	-0.0209  	-0.0068  	0.01369  	0.17222  	-0.1328  	0.01442  	0.01212  	0.03395  	-0.0393  	-0.1099  	-0.0448  	0.12841  	0.02983  	0.02463  	0.22396  	0.05483  	-0.0390  	-0.0335  	0.08348  	0.06844  	-0.1305  	-0.0599  	-0.0299  	-0.0215  	-0.0138  	-0.0212  	0.00761  	-0.0122  	0.00480  	0.01315  	-0.0284  	-0.0139  	0.01989  	0.02505  	0.00438  	0.06119  	0.10953  	-0.0604  	-0.0074  	0.01620  	0.61309  	0.55195  	249.634  	214.622  	
-0.0606  	0.00397  	-0.2277  	0.16791  	0.27815  	0.00068  	0.13301  	0.11642  	0.12664  	0.12238  	-0.3193  	0.82355  	0.13162  	0.14905  	-0.5750  	0.14024  	0.34090  	0.07623  	0.37561  	0.22658  	-0.1275  	0.37670  	0.15925  	0.07524  	0.10663  	0.11631  	0.26616  	-0.2517  	-0.2348  	-0.0217  	0.00190  	0.02341  	0.16636  	-0.1420  	0.03103  	-0.0048  	0.05055  	-0.0394  	-0.1273  	-0.0434  	0.11404  	0.03352  	0.01423  	0.22266  	0.05358  	-0.0406  	-0.0374  	0.07674  	0.06926  	-0.1291  	-0.0626  	-0.0277  	-0.0227  	-0.0166  	-0.0206  	0.00612  	-0.0113  	0.00675  	0.01213  	-0.0248  	-0.0149  	0.01860  	0.02649  	0.00668  	0.06311  	0.11169  	-0.0596  	-0.0060  	0.01773  	0.60496  	0.55195  	249.634  	214.622  	
0.00854  	0.03055  	-0.1660  	0.10502  	0.21756  	-0.0180  	0.14094  	0.14398  	0.14299  	0.13375  	-0.3024  	0.77214  	0.12453  	0.17753  	-0.5810  	0.14385  	0.37454  	0.06780  	0.39639  	0.18779  	-0.0490  	0.36536  	0.20946  	0.06956  	0.08654  	0.11950  	0.27336  	-0.3287  	-0.2799  	-0.0346  	0.00569  	0.03000  	0.16129  	-0.1433  	0.02422  	-0.0242  	0.11166  	-0.0144  	-0.1530  	-0.0733  	0.14668  	0.02534  	0.02031  	0.22374  	0.04908  	-0.0328  	-0.0345  	0.07651  	0.06315  	-0.1319  	-0.0719  	-0.0272  	-0.0169  	-0.0199  	-0.0246  	0.00851  	-0.0192  	0.00477  	0.01142  	-0.0260  	-0.0123  	0.02428  	0.02423  	0.00334  	0.06602  	0.11302  	-0.0592  	-0.0049  	0.01886  	0.60345  	0.55195  	249.634  	214.622  	
-0.0678  	-0.0038  	-0.2137  	0.07938  	0.20030  	-0.0737  	0.13202  	0.15266  	0.13011  	0.15516  	-0.2406  	0.80103  	0.11488  	0.11236  	-0.6453  	0.16803  	0.35568  	0.11888  	0.37334  	0.26923  	-0.0693  	0.33417  	0.16493  	0.04547  	0.06364  	0.12993  	0.20626  	-0.2619  	-0.2512  	-0.0734  	0.01866  	0.02028  	0.17019  	-0.1393  	0.02081  	-0.0140  	0.04733  	-0.0304  	-0.1333  	-0.0581  	0.14780  	0.00918  	0.02095  	0.23294  	0.05812  	-0.0401  	-0.0314  	0.06652  	0.05820  	-0.1226  	-0.0632  	-0.0286  	-0.0162  	-0.0212  	-0.0206  	0.00415  	-0.0197  	0.00602  	0.01300  	-0.0218  	-0.0162  	0.02813  	0.02492  	0.00277  	0.06958  	0.11501  	-0.0585  	-0.0043  	0.01910  	0.59920  	0.55195  	249.634  	214.622  	
-0.3895  	-0.0872  	-0.3762  	-0.1078  	0.17554  	-0.3006  	0.14361  	0.05349  	0.10340  	0.23537  	-0.0706  	0.84592  	0.08544  	0.01822  	-0.8808  	0.15645  	0.32159  	0.17523  	0.36763  	0.31972  	-0.2253  	0.32648  	0.11666  	-0.0036  	0.01183  	0.16702  	0.07845  	-0.0645  	-0.1476  	-0.0985  	0.04368  	0.00288  	0.15885  	-0.1332  	-0.0548  	0.05546  	-0.0554  	-0.0637  	-0.1023  	-0.0710  	0.19942  	0.00083  	-0.0028  	0.19844  	0.04912  	-0.0444  	-0.0332  	0.07058  	0.05940  	-0.1282  	-0.0641  	-0.0278  	-0.0172  	-0.0204  	-0.0129  	0.00014  	-0.0145  	0.00975  	0.01518  	-0.0213  	-0.0087  	0.02459  	0.03280  	0.00730  	0.07315  	0.11650  	-0.0574  	-0.0044  	0.01905  	0.60309  	0.55195  	249.634  	214.622  	
-0.5253  	-0.1237  	-0.4676  	-0.2518  	0.14280  	-0.4020  	0.14767  	0.03428  	0.06758  	0.29557  	0.00835  	0.79577  	0.05770  	-0.0621  	-1.0205  	0.08970  	0.30649  	0.19844  	0.39962  	0.35472  	-0.2275  	0.31851  	0.11512  	-0.0137  	0.02761  	0.15313  	0.02931  	-0.0684  	-0.1387  	-0.0942  	0.04911  	-0.0243  	0.15889  	-0.1391  	-0.0868  	0.09213  	-0.0489  	-0.0802  	-0.0789  	-0.0567  	0.18282  	0.01343  	-0.0115  	0.20730  	0.04954  	-0.0370  	-0.0366  	0.08415  	0.06229  	-0.1361  	-0.0680  	-0.0262  	-0.0186  	-0.0254  	-0.0169  	-0.0057  	-0.0192  	0.00703  	0.01238  	-0.0270  	-0.0082  	0.01859  	0.02923  	0.00644  	0.07552  	0.11864  	-0.0563  	-0.0045  	0.01969  	0.58572  	0.55195  	249.634  	214.622  	
-0.5043  	-0.0954  	-0.3850  	-0.2844  	0.06720  	-0.4023  	0.14630  	0.08660  	0.09800  	0.34256  	-0.0130  	0.74102  	0.05966  	0.00025  	-1.0036  	0.02636  	0.34078  	0.14409  	0.38690  	0.29903  	-0.1610  	0.33549  	0.16139  	0.03691  	0.02861  	0.15478  	0.08123  	-0.1724  	-0.1531  	-0.0928  	0.04959  	-0.0229  	0.15486  	-0.1445  	-0.0982  	0.04530  	-0.0113  	-0.0721  	-0.0874  	-0.0543  	0.19977  	0.01902  	-0.0083  	0.19466  	0.05044  	-0.0419  	-0.0321  	0.08581  	0.05505  	-0.1286  	-0.0653  	-0.0224  	-0.0161  	-0.0159  	-0.0226  	-0.0094  	-0.0166  	0.00269  	0.00969  	-0.0239  	-0.0138  	0.02208  	0.02680  	0.01178  	0.07742  	0.11879  	-0.0553  	-0.0048  	0.02032  	0.56879  	0.55195  	249.634  	214.622  	
-0.2871  	-0.0207  	-0.2179  	-0.1989  	0.05335  	-0.2792  	0.11953  	0.17492  	0.09639  	0.25571  	-0.1750  	0.77335  	0.17273  	0.08037  	-0.7965  	0.02305  	0.41738  	0.02198  	0.45789  	0.04549  	-0.1244  	0.19347  	-0.0316  	0.01386  	0.01626  	0.21877  	0.12711  	-0.2926  	-0.0883  	-0.0949  	0.13584  	-0.0615  	0.07539  	-0.2653  	-0.1370  	0.01092  	-0.0829  	-0.0462  	-0.1800  	-0.0960  	0.26819  	0.09885  	-0.0747  	0.29771  	-0.0082  	-0.0169  	-0.0555  	0.09584  	0.04584  	-0.1409  	-0.0624  	-0.0281  	-0.0146  	-0.0050  	-0.0177  	-0.0037  	-0.0242  	-0.0062  	0.01477  	-0.0157  	-0.0078  	0.01386  	0.01025  	0.01193  	0.07696  	0.11797  	-0.0553  	-0.0054  	0.01992  	0.57576  	0.55195  	249.634  	214.622  	
-0.2893  	-0.0234  	-0.2039  	-0.1655  	0.06774  	-0.2750  	0.09273  	0.20819  	0.08789  	0.23594  	-0.2254  	0.77661  	0.19230  	-0.0253  	-0.7709  	0.00276  	0.48599  	-0.0515  	0.51367  	-0.1210  	-0.1527  	0.05131  	-0.1696  	-0.0334  	-0.0293  	0.29406  	0.09935  	-0.2843  	0.00894  	-0.1031  	0.20889  	-0.0841  	0.00642  	-0.3689  	-0.2327  	0.01437  	-0.1806  	-0.0513  	-0.2355  	-0.1652  	0.35038  	0.16840  	-0.1325  	0.35364  	-0.0518  	-0.0077  	-0.0702  	0.11745  	0.04491  	-0.1571  	-0.0617  	-0.0206  	-0.0126  	0.00592  	-0.0105  	-0.0089  	-0.0225  	-0.0125  	0.02043  	-0.0124  	-0.0044  	0.01350  	-0.0008  	0.01087  	0.07556  	0.11539  	-0.0554  	-0.0061  	0.01844  	0.58368  	0.55195  	249.634  	214.622  	
-0.2695  	-0.0161  	-0.1468  	-0.1379  	0.03928  	-0.2324  	0.06946  	0.20508  	0.08923  	0.18775  	-0.2055  	0.76024  	0.18384  	-0.1014  	-0.7650  	0.01509  	0.52958  	-0.1076  	0.52022  	-0.1658  	-0.0898  	0.00079  	-0.1779  	-0.0332  	-0.0699  	0.31611  	0.11067  	-0.3441  	-0.0126  	-0.1233  	0.23255  	-0.0822  	0.00316  	-0.3954  	-0.2474  	-0.0193  	-0.1575  	-0.0298  	-0.2738  	-0.1949  	0.36786  	0.18679  	-0.1334  	0.36474  	-0.0573  	-0.0105  	-0.0768  	0.11716  	0.03826  	-0.1527  	-0.0598  	-0.0143  	-0.0112  	0.00653  	-0.0073  	-0.0026  	-0.0258  	-0.0169  	0.01824  	-0.0107  	-0.0024  	0.01398  	-0.0049  	0.01129  	0.07421  	0.11320  	-0.0558  	-0.0069  	0.01817  	0.58615  	0.55195  	249.634  	214.622  	
-0.3164  	-0.0320  	-0.1637  	-0.2032  	0.01489  	-0.2253  	0.07908  	0.15322  	0.08011  	0.18698  	-0.1559  	0.72769  	0.12146  	-0.1538  	-0.8445  	0.03150  	0.51667  	-0.1109  	0.49533  	-0.1261  	-0.0980  	0.00608  	-0.1039  	-0.0015  	-0.0826  	0.30081  	0.13257  	-0.3618  	-0.0604  	-0.1345  	0.21741  	-0.0676  	0.02039  	-0.3784  	-0.2303  	-0.0096  	-0.1136  	-0.0221  	-0.2660  	-0.1782  	0.35876  	0.17864  	-0.1157  	0.35828  	-0.0398  	-0.0132  	-0.0666  	0.10602  	0.03132  	-0.1508  	-0.0664  	-0.0141  	-0.0185  	0.00535  	-0.0091  	-0.0099  	-0.0286  	-0.0132  	0.01151  	-0.0154  	-0.0081  	0.01564  	0.00200  	0.00850  	0.07407  	0.11041  	-0.0564  	-0.0079  	0.01806  	0.58689  	0.55195  	249.634  	214.622  	
-0.2392  	0.01236  	-0.1344  	-0.1477  	0.03125  	-0.1539  	0.10342  	0.14201  	0.10427  	0.22239  	-0.1557  	0.77810  	0.12157  	-0.0375  	-0.8199  	0.12037  	0.46063  	0.00179  	0.45769  	0.02867  	-0.1247  	0.16640  	0.03979  	0.03563  	-0.0456  	0.24433  	0.11983  	-0.3399  	-0.1409  	-0.1242  	0.16280  	-0.0399  	0.10579  	-0.2723  	-0.1710  	-0.0123  	-0.0339  	-0.0315  	-0.2144  	-0.1381  	0.29594  	0.09180  	-0.0324  	0.28804  	-0.0009  	-0.0216  	-0.0513  	0.09906  	0.04669  	-0.1406  	-0.0701  	-0.0205  	-0.0125  	-0.0064  	-0.0126  	0.00157  	-0.0314  	-0.0067  	0.01011  	-0.0180  	-0.0006  	0.02358  	0.00925  	0.00705  	0.07405  	0.10779  	-0.0573  	-0.0088  	0.01730  	0.59671  	0.55195  	249.634  	214.622  	
-0.3282  	-0.0569  	-0.2719  	-0.2795  	0.02004  	-0.2514  	0.15751  	0.02118  	0.10327  	0.26768  	-0.1156  	0.68732  	0.04073  	-0.1018  	-0.9808  	0.09979  	0.36944  	0.16849  	0.40387  	0.24249  	-0.2369  	0.34187  	0.20669  	-0.0246  	0.06843  	0.14916  	0.12062  	-0.1838  	-0.1630  	-0.0931  	0.03837  	-0.0001  	0.14148  	-0.1503  	-0.1097  	0.07807  	0.01498  	-0.0286  	-0.1314  	-0.0544  	0.25097  	-0.0122  	0.04659  	0.23765  	0.04581  	-0.0391  	-0.0363  	0.07681  	0.05804  	-0.1274  	-0.0711  	-0.0267  	-0.0186  	-0.0179  	-0.0165  	-0.0074  	-0.0218  	0.00752  	0.00765  	-0.0257  	-0.0173  	0.02526  	0.03081  	0.00790  	0.07455  	0.10410  	-0.0582  	-0.0096  	0.01656  	0.60308  	0.55195  	249.634  	214.622  	
-0.3536  	-0.0732  	-0.2773  	-0.3003  	0.02207  	-0.2677  	0.15813  	-0.0026  	0.08220  	0.25931  	-0.1622  	0.68560  	0.04262  	-0.1157  	-0.9714  	0.09965  	0.36157  	0.18023  	0.40502  	0.25909  	-0.2766  	0.35487  	0.19918  	-0.0245  	0.08647  	0.14195  	0.13060  	-0.1586  	-0.1271  	-0.0778  	0.02985  	0.00596  	0.13190  	-0.1364  	-0.1347  	0.10505  	-0.0208  	-0.0303  	-0.1062  	-0.0470  	0.25567  	-0.0012  	0.04276  	0.23191  	0.03925  	-0.0424  	-0.0322  	0.08274  	0.06761  	-0.1349  	-0.0653  	-0.0254  	-0.0141  	-0.0161  	-0.0161  	-0.0097  	-0.0198  	0.01008  	0.01417  	-0.0246  	-0.0165  	0.02050  	0.03092  	0.00722  	0.07515  	0.10218  	-0.0595  	-0.0101  	0.01598  	0.60808  	0.55195  	249.634  	214.622  	
-0.4488  	-0.1032  	-0.3348  	-0.3001  	0.02789  	-0.3305  	0.17093  	-0.0085  	0.05947  	0.28431  	-0.1496  	0.69127  	0.03993  	-0.1100  	-0.9419  	0.07552  	0.34812  	0.17598  	0.39119  	0.24545  	-0.3081  	0.36552  	0.17882  	-0.0301  	0.11173  	0.13504  	0.15692  	-0.1595  	-0.0963  	-0.0608  	0.04363  	-0.0110  	0.14364  	-0.1334  	-0.1366  	0.10663  	-0.0467  	-0.0533  	-0.0840  	-0.0466  	0.23318  	0.01366  	0.02143  	0.22730  	0.04189  	-0.0421  	-0.0329  	0.08052  	0.06808  	-0.1338  	-0.0626  	-0.0222  	-0.0185  	-0.0193  	-0.0135  	-0.0107  	-0.0194  	0.00737  	0.01242  	-0.0242  	-0.0101  	0.02049  	0.03548  	0.01121  	0.07549  	0.10003  	-0.0608  	-0.0107  	0.01580  	0.60363  	0.55195  	249.634  	214.622  	
-0.5496  	-0.1077  	-0.4057  	-0.3144  	0.04065  	-0.4007  	0.17379  	0.00656  	0.06878  	0.30454  	-0.0746  	0.70353  	0.04438  	-0.0577  	-0.9714  	0.03603  	0.33430  	0.16978  	0.37930  	0.26736  	-0.2594  	0.36368  	0.17325  	0.00524  	0.10797  	0.14641  	0.15109  	-0.1665  	-0.1374  	-0.0738  	0.04371  	-0.0210  	0.13727  	-0.1392  	-0.1003  	0.08893  	-0.0334  	-0.0551  	-0.0906  	-0.0456  	0.20063  	0.01840  	0.01160  	0.21691  	0.05612  	-0.0430  	-0.0320  	0.06863  	0.05736  	-0.1285  	-0.0688  	-0.0239  	-0.0177  	-0.0141  	-0.0185  	-0.0121  	-0.0159  	0.00501  	0.01430  	-0.0211  	-0.0108  	0.02326  	0.03264  	0.00612  	0.07540  	0.09938  	-0.0616  	-0.0111  	0.01515  	0.60136  	0.55195  	249.634  	214.622  	
-0.4781  	-0.1098  	-0.4121  	-0.2531  	0.09356  	-0.3633  	0.13829  	0.04515  	0.07511  	0.29790  	-0.0531  	0.76273  	0.06464  	-0.0537  	-0.9648  	0.07662  	0.33038  	0.17722  	0.38121  	0.30347  	-0.2097  	0.33553  	0.17263  	0.01183  	0.06578  	0.14183  	0.12759  	-0.1515  	-0.1636  	-0.0798  	0.03819  	-0.0166  	0.14713  	-0.1407  	-0.0742  	0.06607  	-0.0243  	-0.0570  	-0.0909  	-0.0450  	0.17799  	0.01707  	-0.0007  	0.21769  	0.04794  	-0.0406  	-0.0296  	0.07237  	0.05672  	-0.1272  	-0.0653  	-0.0242  	-0.0192  	-0.0158  	-0.0169  	-0.0080  	-0.0168  	0.00387  	0.01092  	-0.0229  	-0.0101  	0.02082  	0.02861  	0.00641  	0.07448  	0.09838  	-0.0624  	-0.0114  	0.01425  	0.60760  	0.55195  	249.634  	214.622  	
-0.3431  	-0.0592  	-0.2977  	-0.2451  	0.05708  	-0.2763  	0.10759  	0.04391  	0.08743  	0.23422  	-0.1086  	0.77263  	0.03019  	-0.0548  	-0.9375  	0.09523  	0.35300  	0.16180  	0.40107  	0.25023  	-0.1721  	0.33792  	0.22809  	-0.0222  	0.07140  	0.12413  	0.13064  	-0.1583  	-0.1656  	-0.0578  	0.03082  	-0.0061  	0.13662  	-0.1299  	-0.0901  	0.07109  	0.02068  	-0.0402  	-0.1161  	-0.0744  	0.19916  	0.00182  	0.01982  	0.22486  	0.05096  	-0.0389  	-0.0282  	0.07037  	0.05812  	-0.1244  	-0.0649  	-0.0267  	-0.0145  	-0.0116  	-0.0184  	-0.0064  	-0.0157  	0.01183  	0.01352  	-0.0262  	-0.0118  	0.01459  	0.03605  	0.00630  	0.07170  	0.09860  	-0.0631  	-0.0115  	0.01442  	0.60024  	0.55195  	249.634  	214.622  	
-0.2258  	-0.0234  	-0.2404  	-0.1675  	0.08382  	-0.1547  	0.08642  	0.06381  	0.10410  	0.20829  	-0.1739  	0.76165  	0.05047  	-0.0303  	-0.9012  	0.13928  	0.35846  	0.16659  	0.42716  	0.24519  	-0.1599  	0.33044  	0.19800  	-0.0020  	0.07286  	0.13504  	0.14725  	-0.1768  	-0.1942  	-0.0630  	0.02015  	0.00528  	0.15344  	-0.1317  	-0.0560  	0.06160  	0.04350  	-0.0348  	-0.1235  	-0.0762  	0.18927  	-0.0005  	0.03340  	0.21386  	0.04876  	-0.0418  	-0.0334  	0.07121  	0.06055  	-0.1295  	-0.0636  	-0.0276  	-0.0166  	-0.0188  	-0.0211  	0.00266  	-0.0187  	0.00561  	0.01756  	-0.0266  	-0.0154  	0.01393  	0.02578  	0.00587  	0.06884  	0.09772  	-0.0637  	-0.0115  	0.01514  	0.58763  	0.55195  	249.634  	214.622  	
-0.1328  	-0.0141  	-0.1802  	-0.0959  	0.14175  	-0.1149  	0.13302  	0.07128  	0.11090  	0.22326  	-0.1653  	0.74762  	0.05337  	0.02577  	-0.8391  	0.19615  	0.33103  	0.16052  	0.41672  	0.24550  	-0.1218  	0.34247  	0.15764  	0.00769  	0.08959  	0.11264  	0.18562  	-0.2284  	-0.2166  	-0.0658  	0.00025  	0.01822  	0.16441  	-0.1405  	-0.0055  	0.07246  	0.07868  	-0.0291  	-0.1402  	-0.0611  	0.17321  	0.01107  	0.02195  	0.22459  	0.05385  	-0.0404  	-0.0330  	0.07121  	0.06295  	-0.1302  	-0.0637  	-0.0262  	-0.0142  	-0.0149  	-0.0189  	0.00272  	-0.0200  	0.00769  	0.01300  	-0.0243  	-0.0149  	0.01378  	0.02813  	0.00227  	0.06504  	0.09719  	-0.0643  	-0.0118  	0.01537  	0.59028  	0.55195  	249.634  	214.622  	
-0.0794  	0.01133  	-0.0825  	-0.1093  	0.09027  	-0.0817  	0.15572  	0.11596  	0.12725  	0.20847  	-0.1247  	0.73416  	0.06418  	0.07309  	-0.8394  	0.22385  	0.32234  	0.14249  	0.43239  	0.22379  	-0.0725  	0.35425  	0.17613  	0.04729  	0.09181  	0.11278  	0.21030  	-0.3100  	-0.2852  	-0.0874  	0.01245  	0.02920  	0.17055  	-0.1469  	0.03457  	0.04006  	0.12653  	-0.0121  	-0.1512  	-0.0802  	0.18558  	0.01886  	0.02419  	0.22789  	0.04947  	-0.0403  	-0.0329  	0.08362  	0.06085  	-0.1292  	-0.0679  	-0.0221  	-0.0097  	-0.0147  	-0.0191  	0.00355  	-0.0188  	0.00712  	0.00771  	-0.0241  	-0.0103  	0.01361  	0.03133  	0.00668  	0.06227  	0.09603  	-0.0645  	-0.0118  	0.01539  	0.58602  	0.55195  	249.634  	214.622  	
0.02754  	0.02477  	-0.0685  	-0.0638  	0.09232  	-0.0273  	0.15595  	0.14805  	0.12311  	0.18328  	-0.1357  	0.70588  	0.08445  	0.09578  	-0.7760  	0.22747  	0.34122  	0.08262  	0.44010  	0.19121  	0.00905  	0.35057  	0.17641  	0.11360  	0.12964  	0.07570  	0.30997  	-0.4001  	-0.3543  	-0.0739  	0.01016  	0.05481  	0.14380  	-0.1586  	0.08962  	0.02900  	0.18293  	0.00761  	-0.1876  	-0.0806  	0.14398  	0.02707  	0.01798  	0.22024  	0.04994  	-0.0328  	-0.0420  	0.07769  	0.06349  	-0.1247  	-0.0642  	-0.0221  	-0.0103  	-0.0122  	-0.0198  	0.00890  	-0.0166  	0.00556  	0.01179  	-0.0211  	-0.0121  	0.01548  	0.03206  	0.00418  	0.06008  	0.09648  	-0.0641  	-0.0118  	0.01581  	0.58040  	0.55195  	249.634  	214.622  	
0.00825  	0.04288  	-0.0638  	-0.0903  	0.04183  	-0.0046  	0.13880  	0.17978  	0.14204  	0.14280  	-0.0970  	0.69426  	0.08104  	0.11640  	-0.7606  	0.20991  	0.36684  	0.05972  	0.41931  	0.13799  	0.08523  	0.36056  	0.22479  	0.13302  	0.08969  	0.08294  	0.34281  	-0.4724  	-0.4281  	-0.0930  	0.01974  	0.06122  	0.15090  	-0.1586  	0.10952  	-0.0147  	0.23517  	0.02829  	-0.1991  	-0.0965  	0.15109  	0.02092  	0.02847  	0.21347  	0.04878  	-0.0379  	-0.0381  	0.07483  	0.06299  	-0.1137  	-0.0684  	-0.0219  	-0.0111  	-0.0081  	-0.0168  	0.00953  	-0.0233  	0.00481  	0.01001  	-0.0216  	-0.0133  	0.02177  	0.02998  	0.00441  	0.05965  	0.09603  	-0.0637  	-0.0121  	0.01611  	0.58091  	0.55195  	249.634  	214.622  	
-0.2288  	-0.0246  	-0.2356  	-0.1978  	0.03299  	-0.1689  	0.11939  	0.05464  	0.10598  	0.19732  	-0.1287  	0.72106  	0.03389  	-0.0130  	-0.8710  	0.15596  	0.35481  	0.15239  	0.38750  	0.25224  	-0.0988  	0.32227  	0.18488  	0.01394  	0.06996  	0.13653  	0.17923  	-0.2504  	-0.2294  	-0.0904  	0.02536  	0.01903  	0.15124  	-0.1473  	-0.0342  	0.05522  	0.05804  	-0.0252  	-0.1459  	-0.0756  	0.20401  	0.01088  	0.01953  	0.21752  	0.05440  	-0.0396  	-0.0276  	0.06560  	0.05344  	-0.1287  	-0.0669  	-0.0259  	-0.0124  	-0.0171  	-0.0201  	-0.0013  	-0.0216  	0.00638  	0.01150  	-0.0221  	-0.0166  	0.02551  	0.03272  	0.00924  	0.06119  	0.09628  	-0.0634  	-0.0121  	0.01507  	0.59016  	0.55195  	249.634  	214.622  	
-0.3825  	-0.0929  	-0.2848  	-0.2900  	-0.0192  	-0.2479  	0.13381  	-0.0191  	0.07353  	0.25821  	-0.0936  	0.71198  	0.00338  	-0.1092  	-0.9778  	0.13795  	0.37907  	0.16395  	0.39585  	0.23971  	-0.1958  	0.32242  	0.19266  	-0.0294  	0.07611  	0.15266  	0.13443  	-0.1862  	-0.1796  	-0.0795  	0.03988  	0.01018  	0.11940  	-0.1455  	-0.0941  	0.10012  	0.01780  	-0.0197  	-0.1325  	-0.0851  	0.22874  	0.00167  	0.03213  	0.23320  	0.05461  	-0.0439  	-0.0252  	0.07202  	0.05843  	-0.1269  	-0.0671  	-0.0229  	-0.0162  	-0.0166  	-0.0169  	-0.0056  	-0.0180  	0.01007  	0.00920  	-0.0277  	-0.0139  	0.02322  	0.03828  	0.00752  	0.06422  	0.09694  	-0.0630  	-0.0126  	0.01406  	0.60211  	0.55195  	249.634  	214.622  	
-0.3421  	-0.0844  	-0.2648  	-0.2861  	-0.0202  	-0.2348  	0.11040  	0.02737  	0.07831  	0.24306  	-0.0904  	0.70449  	0.01341  	-0.0821  	-0.9721  	0.13283  	0.36848  	0.13499  	0.40930  	0.19728  	-0.1713  	0.33705  	0.25752  	0.01506  	0.02921  	0.13811  	0.14918  	-0.2373  	-0.2050  	-0.0885  	0.03126  	0.02055  	0.13411  	-0.1514  	-0.0901  	0.04859  	0.05476  	-0.0081  	-0.1459  	-0.0841  	0.23737  	0.00363  	0.03589  	0.23955  	0.04964  	-0.0406  	-0.0310  	0.06861  	0.05885  	-0.1268  	-0.0736  	-0.0223  	-0.0198  	-0.0146  	-0.0190  	-0.0095  	-0.0193  	0.00712  	0.00971  	-0.0310  	-0.0140  	0.01905  	0.03005  	0.00344  	0.06751  	0.09997  	-0.0625  	-0.0128  	0.01359  	0.59835  	0.55195  	249.634  	214.622  	
-0.2387  	-0.0478  	-0.2342  	-0.2250  	0.01348  	-0.1847  	0.13544  	0.07702  	0.09163  	0.22354  	-0.1104  	0.70299  	0.03583  	-0.0192  	-0.9035  	0.13131  	0.37189  	0.13577  	0.39842  	0.21323  	-0.1336  	0.34469  	0.27090  	0.04826  	0.03140  	0.14412  	0.19226  	-0.2963  	-0.2307  	-0.1020  	0.03055  	0.01544  	0.16071  	-0.1655  	-0.0582  	0.02989  	0.06846  	-0.0208  	-0.1620  	-0.0616  	0.21120  	-0.0028  	0.02853  	0.23121  	0.04720  	-0.0421  	-0.0268  	0.07128  	0.05443  	-0.1335  	-0.0723  	-0.0238  	-0.0175  	-0.0198  	-0.0230  	-0.0089  	-0.0262  	0.00437  	0.00830  	-0.0270  	-0.0116  	0.02081  	0.03260  	0.00450  	0.07084  	0.10254  	-0.0616  	-0.0129  	0.01360  	0.58224  	0.55195  	249.634  	214.622  	
-0.0518  	0.04523  	-0.0769  	-0.1044  	0.04459  	-0.0615  	0.16424  	0.16055  	0.13328  	0.17966  	-0.0890  	0.75502  	0.10066  	0.11425  	-0.8020  	0.19764  	0.35226  	0.13387  	0.40165  	0.21088  	-0.0689  	0.36677  	0.23571  	0.02159  	0.03626  	0.12325  	0.17341  	-0.3608  	-0.2878  	-0.1004  	0.04366  	0.00640  	0.17829  	-0.1419  	-0.0044  	0.00019  	0.11097  	0.00713  	-0.1498  	-0.0781  	0.19169  	-0.0032  	0.03353  	0.21516  	0.03292  	-0.0388  	-0.0348  	0.08421  	0.06487  	-0.1174  	-0.0723  	-0.0212  	-0.0114  	-0.0168  	-0.0183  	-0.0011  	-0.0266  	0.00425  	0.00263  	-0.0293  	-0.0159  	0.02962  	0.03195  	0.00328  	0.07293  	0.10580  	-0.0610  	-0.0127  	0.01325  	0.58239  	0.55195  	249.634  	214.622  	
0.06397  	0.04356  	-0.0332  	-0.0399  	0.07809  	0.01976  	0.17970  	0.19368  	0.14967  	0.14900  	-0.0822  	0.76207  	0.10355  	0.16379  	-0.7615  	0.21787  	0.35129  	0.08830  	0.39297  	0.19094  	0.01986  	0.37200  	0.23089  	0.04827  	0.02354  	0.12659  	0.22450  	-0.4253  	-0.3323  	-0.0952  	0.02507  	0.02471  	0.17578  	-0.1476  	0.03621  	-0.0239  	0.14768  	0.02045  	-0.1672  	-0.0985  	0.18377  	0.00091  	0.02723  	0.22002  	0.05158  	-0.0402  	-0.0345  	0.07948  	0.07226  	-0.1145  	-0.0735  	-0.0221  	-0.0118  	-0.0143  	-0.0183  	0.00136  	-0.0276  	0.00315  	0.00407  	-0.0290  	-0.0179  	0.02234  	0.03202  	0.00140  	0.07169  	0.10736  	-0.0603  	-0.0125  	0.01261  	0.59692  	0.55195  	249.634  	214.622  	
0.11257  	0.03664  	-0.0150  	0.00899  	0.10856  	0.06670  	0.18705  	0.21896  	0.15602  	0.12877  	-0.1788  	0.75555  	0.13823  	0.21236  	-0.7215  	0.24214  	0.35126  	0.08670  	0.39141  	0.19735  	0.00378  	0.36562  	0.19857  	0.05261  	0.08303  	0.12788  	0.26268  	-0.4108  	-0.2962  	-0.0642  	0.03084  	0.03977  	0.18020  	-0.1526  	0.02599  	-0.0093  	0.11994  	0.01266  	-0.1439  	-0.0976  	0.16977  	0.00709  	0.03919  	0.22519  	0.05149  	-0.0381  	-0.0335  	0.09306  	0.07581  	-0.1192  	-0.0720  	-0.0231  	-0.0115  	-0.0132  	-0.0158  	0.00211  	-0.0289  	0.00392  	0.00724  	-0.0236  	-0.0140  	0.01832  	0.03540  	-0.0008  	0.06853  	0.10865  	-0.0599  	-0.0118  	0.01345  	0.59878  	0.55195  	249.634  	214.622  	
0.05846  	0.06142  	-0.0633  	-0.0298  	0.08621  	-0.0075  	0.18126  	0.18667  	0.15729  	0.14245  	-0.1775  	0.74579  	0.14127  	0.19824  	-0.7189  	0.18450  	0.35340  	0.10109  	0.38043  	0.20166  	-0.0229  	0.36838  	0.19650  	0.03887  	0.07907  	0.13879  	0.23190  	-0.3617  	-0.2806  	-0.0713  	0.02444  	0.01937  	0.18519  	-0.1483  	0.01770  	0.00168  	0.10675  	-0.0071  	-0.1342  	-0.0949  	0.17239  	0.01038  	0.03339  	0.22253  	0.04592  	-0.0402  	-0.0289  	0.08489  	0.06936  	-0.1210  	-0.0667  	-0.0226  	-0.0116  	-0.0162  	-0.0197  	0.00359  	-0.0258  	0.00460  	0.00916  	-0.0252  	-0.0109  	0.01713  	0.03225  	-6.1747  	0.06625  	0.10897  	-0.0596  	-0.0108  	0.01507  	0.59184  	0.55195  	249.634  	214.622  	
0.05796  	0.04914  	-0.1266  	0.02651  	0.13948  	-0.0445  	0.17354  	0.16266  	0.16168  	0.15121  	-0.2551  	0.72105  	0.14774  	0.24051  	-0.5963  	0.15633  	0.36497  	0.06679  	0.39052  	0.16816  	-0.0066  	0.37561  	0.19291  	0.08236  	0.13889  	0.10804  	0.32941  	-0.4258  	-0.3181  	-0.0369  	0.01651  	0.05151  	0.16055  	-0.1523  	0.06421  	-0.0225  	0.15769  	-0.0059  	-0.1637  	-0.0855  	0.13083  	0.02997  	0.02449  	0.21757  	0.04586  	-0.0367  	-0.0371  	0.08495  	0.07153  	-0.1306  	-0.0775  	-0.0219  	-0.0170  	-0.0135  	-0.0175  	0.00726  	-0.0296  	-0.0010  	0.01058  	-0.0229  	-0.0114  	0.02392  	0.02727  	0.00270  	0.06426  	0.11007  	-0.0597  	-0.0098  	0.01639  	0.60037  	0.55195  	249.634  	214.622  	
0.06000  	0.01238  	-0.1589  	0.19567  	0.24744  	0.03112  	0.14816  	0.16061  	0.14820  	0.13246  	-0.3577  	0.77439  	0.16427  	0.19823  	-0.5381  	0.14342  	0.35179  	0.08759  	0.38004  	0.19737  	-0.0827  	0.38889  	0.16852  	0.03642  	0.14211  	0.09608  	0.27438  	-0.3150  	-0.2116  	-0.0049  	-0.0054  	0.01995  	0.16320  	-0.1416  	0.02995  	-0.0083  	0.06675  	-0.0265  	-0.1190  	-0.0523  	0.13573  	0.02346  	0.01398  	0.22638  	0.05407  	-0.0370  	-0.0375  	0.08414  	0.07143  	-0.1279  	-0.0593  	-0.0238  	-0.0176  	-0.0185  	-0.0210  	0.00772  	-0.0187  	0.00569  	0.01076  	-0.0237  	-0.0173  	0.01683  	0.03014  	0.00633  	0.06392  	0.11059  	-0.0594  	-0.0085  	0.01785  	0.59097  	0.55195  	249.634  	214.622  	
-0.0041  	0.04313  	-0.1906  	0.04166  	0.18227  	-0.0512  	0.15514  	0.14741  	0.14573  	0.15060  	-0.2508  	0.77927  	0.12930  	0.15749  	-0.6614  	0.11663  	0.36162  	0.11548  	0.38715  	0.19290  	-0.0476  	0.37407  	0.19639  	0.06869  	0.09639  	0.11156  	0.25084  	-0.3162  	-0.2704  	-0.0763  	0.00675  	0.00677  	0.16775  	-0.1491  	0.02100  	-0.0092  	0.08033  	-0.0260  	-0.1421  	-0.0385  	0.17098  	0.01592  	0.02460  	0.22324  	0.04715  	-0.0358  	-0.0313  	0.07802  	0.06122  	-0.1257  	-0.0613  	-0.0258  	-0.0180  	-0.0167  	-0.0247  	0.00588  	-0.0168  	0.00679  	0.01451  	-0.0198  	-0.0121  	0.02094  	0.02206  	0.00155  	0.06470  	0.11273  	-0.0590  	-0.0069  	0.01926  	0.58428  	0.55195  	249.634  	214.622  	
-0.2958  	-0.0662  	-0.2846  	-0.2926  	0.00066  	-0.2036  	0.14147  	0.04441  	0.09341  	0.23291  	-0.1216  	0.68741  	0.02909  	-0.0836  	-0.9759  	0.10579  	0.34400  	0.17699  	0.40571  	0.25108  	-0.1523  	0.33190  	0.19750  	0.02695  	0.07754  	0.12696  	0.17088  	-0.2613  	-0.1981  	-0.0893  	0.03172  	0.01390  	0.13839  	-0.1415  	-0.0935  	0.07449  	0.04236  	-0.0073  	-0.1245  	-0.0579  	0.22022  	-0.0018  	0.02900  	0.23438  	0.04677  	-0.0372  	-0.0330  	0.07177  	0.05548  	-0.1271  	-0.0637  	-0.0257  	-0.0092  	-0.0174  	-0.0196  	-0.0068  	-0.0162  	0.01167  	0.01141  	-0.0206  	-0.0126  	0.01942  	0.02943  	0.00633  	0.06681  	0.11413  	-0.0590  	-0.0056  	0.02014  	0.58340  	0.55195  	249.634  	214.622  	
-0.4205  	-0.1131  	-0.3053  	-0.3774  	-0.0392  	-0.2590  	0.16041  	-0.0172  	0.07588  	0.27361  	-0.0986  	0.62556  	0.00824  	-0.1842  	-1.0347  	0.09453  	0.36162  	0.16026  	0.40973  	0.23219  	-0.2358  	0.33691  	0.21026  	-0.0391  	0.11343  	0.14445  	0.16124  	-0.1934  	-0.1447  	-0.0776  	0.03520  	0.01003  	0.11961  	-0.1427  	-0.1436  	0.11098  	0.02326  	-0.0266  	-0.1097  	-0.0671  	0.25414  	0.00843  	0.03949  	0.23630  	0.04940  	-0.0402  	-0.0357  	0.06911  	0.05778  	-0.1298  	-0.0616  	-0.0191  	-0.0165  	-0.0138  	-0.0153  	-0.0062  	-0.0184  	0.00724  	0.01495  	-0.0214  	-0.0105  	0.02022  	0.03009  	0.01040  	0.07051  	0.11651  	-0.0585  	-0.0047  	0.01997  	0.57931  	0.55195  	249.634  	214.622  	
-0.4419  	-0.0973  	-0.3161  	-0.3664  	-0.0211  	-0.2822  	0.16321  	-0.0083  	0.06479  	0.27271  	-0.1195  	0.65045  	0.00067  	-0.1953  	-1.0086  	0.10154  	0.34861  	0.16972  	0.40496  	0.24448  	-0.2630  	0.34905  	0.21612  	-0.0437  	0.10545  	0.14810  	0.16041  	-0.1858  	-0.1287  	-0.0678  	0.03665  	0.00236  	0.12368  	-0.1421  	-0.1570  	0.10985  	0.00816  	-0.0320  	-0.1094  	-0.0593  	0.25097  	0.01208  	0.03497  	0.23988  	0.04663  	-0.0408  	-0.0305  	0.06877  	0.06018  	-0.1346  	-0.0641  	-0.0194  	-0.0151  	-0.0135  	-0.0170  	-0.0094  	-0.0193  	0.00493  	0.01598  	-0.0200  	-0.0121  	0.01923  	0.02924  	0.01151  	0.07445  	0.11846  	-0.0578  	-0.0045  	0.01958  	0.58369  	0.55195  	249.634  	214.622  	
-0.4234  	-0.0796  	-0.3416  	-0.2026  	0.09277  	-0.2674  	0.13745  	0.02089  	0.05659  	0.25544  	-0.1570  	0.73713  	0.02813  	-0.1106  	-0.9018  	0.08183  	0.34679  	0.16506  	0.39101  	0.25419  	-0.2802  	0.35847  	0.18587  	-0.0249  	0.12130  	0.13286  	0.16057  	-0.1640  	-0.1050  	-0.0590  	0.03459  	-0.0106  	0.13818  	-0.1377  	-0.1206  	0.08663  	-0.0240  	-0.0483  	-0.0998  	-0.0524  	0.21459  	0.00959  	0.01316  	0.22980  	0.04945  	-0.0417  	-0.0297  	0.06800  	0.06225  	-0.1363  	-0.0635  	-0.0219  	-0.0148  	-0.0163  	-0.0194  	-0.0079  	-0.0157  	0.00329  	0.01521  	-0.0241  	-0.0101  	0.02089  	0.03025  	0.00848  	0.07747  	0.12149  	-0.0569  	-0.0042  	0.01989  	0.56231  	0.55195  	249.634  	214.622  	
-0.4530  	-0.0817  	-0.3435  	-0.2489  	0.06885  	-0.2963  	0.12247  	0.03322  	0.07260  	0.26721  	-0.1212  	0.73749  	0.02543  	-0.0876  	-0.9363  	0.05961  	0.35322  	0.15691  	0.40008  	0.24955  	-0.2411  	0.35771  	0.19852  	-0.0246  	0.11426  	0.14239  	0.15996  	-0.1735  	-0.1284  	-0.0630  	0.03581  	-0.0217  	0.13423  	-0.1405  	-0.1106  	0.08156  	-0.0046  	-0.0480  	-0.1089  	-0.0717  	0.21031  	0.00846  	0.01904  	0.22610  	0.05282  	-0.0399  	-0.0313  	0.06589  	0.06252  	-0.1312  	-0.0664  	-0.0260  	-0.0156  	-0.0159  	-0.0190  	-0.0065  	-0.0146  	0.00400  	0.01353  	-0.0254  	-0.0101  	0.01950  	0.03074  	0.00781  	0.08061  	0.12255  	-0.0561  	-0.0043  	0.02020  	0.53915  	0.55195  	249.634  	214.622  	
-0.4081  	-0.0849  	-0.3009  	-0.2650  	0.02307  	-0.2568  	0.10893  	0.03661  	0.08616  	0.25967  	-0.1432  	0.74373  	0.03935  	-0.0930  	-0.9482  	0.08333  	0.36712  	0.15155  	0.40649  	0.22964  	-0.2348  	0.35136  	0.24775  	-0.0242  	0.07418  	0.14349  	0.13454  	-0.1802  	-0.1397  	-0.0655  	0.03827  	-0.0164  	0.13328  	-0.1312  	-0.1309  	0.07696  	-0.0095  	-0.0399  	-0.1063  	-0.0697  	0.23178  	0.00375  	0.02998  	0.23282  	0.04577  	-0.0393  	-0.0305  	0.07566  	0.06338  	-0.1300  	-0.0689  	-0.0245  	-0.0180  	-0.0137  	-0.0139  	-0.0085  	-0.0173  	0.00724  	0.01180  	-0.0265  	-0.0108  	0.01651  	0.03503  	0.00939  	0.08181  	0.12279  	-0.0561  	-0.0049  	0.01980  	0.54181  	0.55195  	249.634  	214.622  	
-0.3643  	-0.0769  	-0.2715  	-0.2650  	0.02834  	-0.2320  	0.11085  	0.02818  	0.09164  	0.27335  	-0.1876  	0.77414  	0.05579  	-0.0902  	-0.9682  	0.11472  	0.37541  	0.16856  	0.39582  	0.23276  	-0.2594  	0.34774  	0.25430  	-0.0362  	0.04571  	0.15698  	0.07960  	-0.1409  	-0.1049  	-0.0791  	0.04961  	-0.0103  	0.13847  	-0.1259  	-0.1752  	0.06845  	-0.0386  	-0.0381  	-0.0786  	-0.0635  	0.26133  	-0.0146  	0.05212  	0.24295  	0.03538  	-0.0436  	-0.0343  	0.08807  	0.06626  	-0.1290  	-0.0729  	-0.0214  	-0.0164  	-0.0197  	-0.0138  	-0.0139  	-0.0209  	0.00724  	0.01017  	-0.0301  	-0.0107  	0.02100  	0.03855  	0.01143  	0.08115  	0.12054  	-0.0560  	-0.0057  	0.01871  	0.54596  	0.55195  	249.634  	214.622  	
-0.3713  	-0.0483  	-0.2426  	-0.2769  	0.02460  	-0.2648  	0.07949  	0.07307  	0.07719  	0.25550  	-0.1474  	0.75975  	0.07562  	-0.1551  	-0.9242  	0.06011  	0.45581  	0.02280  	0.45644  	0.00816  	-0.1804  	0.16168  	0.06437  	-0.0425  	-0.0313  	0.24087  	0.08046  	-0.2273  	-0.0651  	-0.1083  	0.13924  	-0.0470  	0.06837  	-0.2633  	-0.2213  	0.03558  	-0.0773  	-0.0279  	-0.1912  	-0.1294  	0.32142  	0.09106  	-0.0362  	0.30787  	-0.0111  	-0.0277  	-0.0499  	0.09584  	0.04934  	-0.1380  	-0.0645  	-0.0177  	-0.0176  	-0.0043  	-0.0128  	-0.0140  	-0.0234  	-0.0031  	0.01030  	-0.0191  	-0.0099  	0.02148  	0.02116  	0.00989  	0.08036  	0.11845  	-0.0562  	-0.0065  	0.01860  	0.54798  	0.55195  	249.634  	214.622  	
-0.2532  	-0.0109  	-0.1758  	-0.1972  	0.04931  	-0.2076  	0.07814  	0.15238  	0.07930  	0.19400  	-0.1466  	0.76536  	0.11717  	-0.1272  	-0.8391  	0.04251  	0.50385  	-0.1155  	0.50103  	-0.1539  	-0.0560  	0.02601  	-0.1035  	0.00649  	-0.0802  	0.30490  	0.15228  	-0.3966  	-0.0948  	-0.1283  	0.21400  	-0.0644  	0.02778  	-0.3842  	-0.2089  	-0.0065  	-0.0857  	-0.0148  	-0.3027  	-0.1849  	0.34522  	0.17946  	-0.1137  	0.35390  	-0.0454  	-0.0161  	-0.0631  	0.09954  	0.03399  	-0.1515  	-0.0669  	-0.0166  	-0.0183  	0.00529  	-0.0115  	-0.0086  	-0.0315  	-0.0128  	0.00768  	-0.0162  	-0.0085  	0.01510  	0.00954  	0.00506  	0.08029  	0.11529  	-0.0566  	-0.0074  	0.01853  	0.54601  	0.55195  	249.634  	214.622  	
-0.2722  	-0.0119  	-0.1647  	-0.1839  	0.04034  	-0.2187  	0.06421  	0.16666  	0.08086  	0.17784  	-0.1132  	0.77088  	0.12537  	-0.1280  	-0.8087  	0.03539  	0.51981  	-0.1404  	0.51033  	-0.1953  	-0.0460  	-0.0182  	-0.1389  	0.00276  	-0.0812  	0.31902  	0.13602  	-0.3972  	-0.0769  	-0.1353  	0.23783  	-0.0760  	0.01558  	-0.4091  	-0.2050  	-0.0142  	-0.1025  	-0.0187  	-0.3215  	-0.2080  	0.35385  	0.20030  	-0.1404  	0.36152  	-0.0496  	-0.0133  	-0.0652  	0.10211  	0.02954  	-0.1518  	-0.0692  	-0.0148  	-0.0134  	0.00996  	-0.0105  	-0.0092  	-0.0318  	-0.0162  	0.00711  	-0.0137  	-0.0052  	0.01595  	0.00677  	0.00780  	0.08001  	0.11215  	-0.0572  	-0.0082  	0.01795  	0.55274  	0.55195  	249.634  	214.622  	
-0.1159  	0.06612  	-0.0455  	-0.1005  	0.04094  	-0.1364  	0.09098  	0.23781  	0.11290  	0.14003  	-0.0953  	0.78000  	0.15675  	-0.0033  	-0.7075  	0.10069  	0.48837  	-0.1226  	0.50511  	-0.1780  	0.07421  	0.03200  	-0.1227  	0.03380  	-0.0804  	0.28164  	0.19080  	-0.4742  	-0.1715  	-0.1309  	0.21724  	-0.0561  	0.05089  	-0.3794  	-0.1095  	-0.0530  	-0.0094  	0.00112  	-0.3254  	-0.2113  	0.31353  	0.18884  	-0.1382  	0.34345  	-0.0382  	-0.0128  	-0.0635  	0.09877  	0.03487  	-0.1420  	-0.0664  	-0.0170  	-0.0024  	0.00972  	-0.0098  	-0.0014  	-0.0311  	-0.0102  	0.00818  	-0.0140  	0.00117  	0.02537  	0.00743  	0.00921  	0.07987  	0.10763  	-0.0578  	-0.0089  	0.01747  	0.55624  	0.55195  	249.634  	214.622  	
-0.0860  	0.05349  	-0.0885  	-0.0744  	0.06064  	-0.1012  	0.11702  	0.19928  	0.13248  	0.13942  	-0.1200  	0.76352  	0.12801  	0.05251  	-0.7319  	0.12578  	0.41708  	-0.0065  	0.45876  	-0.0013  	0.02506  	0.16801  	0.01030  	0.02102  	-0.0141  	0.19795  	0.18838  	-0.3968  	-0.2098  	-0.1107  	0.12358  	-0.0210  	0.11229  	-0.2767  	-0.0501  	-0.0380  	0.03816  	-0.0007  	-0.2447  	-0.1496  	0.25655  	0.10710  	-0.0661  	0.28188  	-0.0009  	-0.0243  	-0.0486  	0.08824  	0.04680  	-0.1305  	-0.0632  	-0.0208  	-0.0086  	-0.0032  	-0.0151  	0.00197  	-0.0245  	-0.0024  	0.00834  	-0.0184  	-0.0042  	0.02267  	0.02265  	0.00783  	0.07992  	0.10484  	-0.0589  	-0.0093  	0.01715  	0.55915  	0.55195  	249.634  	214.622  	
0.01372  	0.04950  	-0.0968  	-0.0053  	0.08908  	-0.0073  	0.16952  	0.19643  	0.15170  	0.13337  	-0.1560  	0.73535  	0.10332  	0.17184  	-0.6877  	0.18362  	0.34551  	0.09483  	0.38224  	0.20099  	0.01786  	0.36682  	0.21269  	0.06782  	0.05840  	0.12087  	0.24036  	-0.3966  	-0.3213  	-0.0932  	0.01107  	0.03505  	0.17469  	-0.1475  	0.03948  	-0.0260  	0.13548  	0.01581  	-0.1642  	-0.1028  	0.17713  	0.00963  	0.02719  	0.21853  	0.04508  	-0.0390  	-0.0324  	0.07915  	0.06687  	-0.1175  	-0.0720  	-0.0241  	-0.0124  	-0.0128  	-0.0184  	0.00280  	-0.0232  	0.00619  	0.00744  	-0.0285  	-0.0112  	0.01958  	0.03240  	0.00436  	0.07993  	0.10178  	-0.0601  	-0.0098  	0.01718  	0.55469  	0.55195  	249.634  	214.622  	
0.12694  	0.05429  	-0.0174  	0.03337  	0.08823  	0.09189  	0.19285  	0.23979  	0.15554  	0.08186  	-0.1356  	0.73122  	0.11179  	0.20239  	-0.6295  	0.23789  	0.36747  	0.04907  	0.38925  	0.15501  	0.09078  	0.38494  	0.23664  	0.10750  	0.08781  	0.11115  	0.32649  	-0.4771  	-0.3731  	-0.0831  	0.01726  	0.05243  	0.16401  	-0.1536  	0.06720  	-0.0365  	0.21100  	0.02592  	-0.1781  	-0.1183  	0.13684  	0.00999  	0.01743  	0.22311  	0.04889  	-0.0392  	-0.0363  	0.08500  	0.07375  	-0.1185  	-0.0704  	-0.0235  	-0.0084  	-0.0103  	-0.0191  	0.01041  	-0.0302  	0.00480  	0.00812  	-0.0180  	-0.0109  	0.02634  	0.03689  	0.00473  	0.07994  	0.10008  	-0.0613  	-0.0102  	0.01674  	0.55213  	0.55195  	249.634  	214.622  	
0.12108  	0.05217  	-0.0120  	0.02708  	0.08204  	0.08928  	0.18635  	0.23849  	0.16462  	0.09296  	-0.1305  	0.73260  	0.11056  	0.20640  	-0.6381  	0.23866  	0.37031  	0.03794  	0.39417  	0.15426  	0.09638  	0.38845  	0.24544  	0.11830  	0.08674  	0.11199  	0.32143  	-0.4903  	-0.3910  	-0.0878  	0.01377  	0.05425  	0.16510  	-0.1519  	0.06702  	-0.0441  	0.21401  	0.03349  	-0.1825  	-0.1168  	0.13665  	0.00650  	0.02320  	0.22406  	0.04827  	-0.0377  	-0.0349  	0.08459  	0.07048  	-0.1183  	-0.0699  	-0.0228  	-0.0099  	-0.0099  	-0.0202  	0.00739  	-0.0288  	0.00573  	0.00670  	-0.0191  	-0.0136  	0.02343  	0.03792  	0.00454  	0.07925  	0.09812  	-0.0624  	-0.0106  	0.01609  	0.55861  	0.55195  	249.634  	214.622  	
0.14554  	0.04974  	0.00730  	0.01203  	0.06500  	0.09917  	0.18128  	0.24702  	0.18189  	0.09879  	-0.1308  	0.72601  	0.11856  	0.22193  	-0.6255  	0.23961  	0.38228  	0.03432  	0.39598  	0.14409  	0.12840  	0.38684  	0.25647  	0.13079  	0.08084  	0.10705  	0.34257  	-0.5054  	-0.4236  	-0.0790  	0.01317  	0.06066  	0.16228  	-0.1514  	0.08736  	-0.0586  	0.23896  	0.03187  	-0.1941  	-0.1157  	0.12625  	0.01515  	0.02636  	0.22197  	0.04860  	-0.0412  	-0.0355  	0.08596  	0.07557  	-0.1257  	-0.0707  	-0.0232  	-0.0111  	-0.0093  	-0.0174  	0.01156  	-0.0278  	0.00596  	0.00571  	-0.0175  	-0.0125  	0.02500  	0.03660  	0.00844  	0.07701  	0.09799  	-0.0635  	-0.0107  	0.01642  	0.54932  	0.55195  	249.634  	214.622  	
0.13696  	0.06173  	0.01479  	0.00247  	0.05100  	0.09387  	0.17325  	0.25669  	0.19069  	0.10023  	-0.1186  	0.72764  	0.11806  	0.22567  	-0.6176  	0.24508  	0.37990  	0.03322  	0.40239  	0.14063  	0.14971  	0.38118  	0.26907  	0.13425  	0.06897  	0.10512  	0.34691  	-0.5124  	-0.4409  	-0.0879  	0.00795  	0.06180  	0.16731  	-0.1516  	0.08993  	-0.0661  	0.24892  	0.03878  	-0.1990  	-0.1223  	0.12825  	0.01639  	0.02874  	0.22108  	0.04842  	-0.0406  	-0.0356  	0.08516  	0.07197  	-0.1260  	-0.0736  	-0.0235  	-0.0113  	-0.0090  	-0.0185  	0.01073  	-0.0279  	0.00719  	0.00459  	-0.0176  	-0.0108  	0.02402  	0.03510  	0.00833  	0.07479  	0.09691  	-0.0642  	-0.0108  	0.01715  	0.53444  	0.55195  	249.634  	214.622  	
0.11605  	0.06661  	0.00132  	-0.0159  	0.04052  	0.07674  	0.16355  	0.26170  	0.19762  	0.09717  	-0.1132  	0.73295  	0.11418  	0.22073  	-0.6157  	0.24034  	0.38066  	0.03294  	0.40332  	0.13096  	0.14334  	0.37509  	0.26957  	0.13033  	0.05507  	0.10361  	0.34395  	-0.5162  	-0.4487  	-0.0934  	0.00891  	0.06525  	0.17354  	-0.1522  	0.09357  	-0.0713  	0.24741  	0.04592  	-0.1985  	-0.1276  	0.13634  	0.01332  	0.02957  	0.21788  	0.04540  	-0.0390  	-0.0363  	0.08063  	0.06847  	-0.1252  	-0.0748  	-0.0233  	-0.0105  	-0.0075  	-0.0207  	0.00957  	-0.0292  	0.00692  	0.00679  	-0.0168  	-0.0092  	0.02351  	0.03325  	0.00683  	0.07163  	0.09671  	-0.0645  	-0.0113  	0.01740  	0.53889  	0.55195  	249.634  	214.622  	
0.11463  	0.08234  	-0.0078  	-0.0198  	0.03851  	0.06047  	0.15763  	0.26328  	0.20619  	0.07948  	-0.0906  	0.75303  	0.10461  	0.22427  	-0.6171  	0.24347  	0.37883  	0.03144  	0.40065  	0.11554  	0.15141  	0.37802  	0.28223  	0.13611  	0.03256  	0.10455  	0.34528  	-0.5170  	-0.4682  	-0.0941  	0.01218  	0.06480  	0.17779  	-0.1550  	0.10689  	-0.0827  	0.26133  	0.04796  	-0.2094  	-0.1318  	0.13926  	0.01126  	0.02685  	0.21725  	0.04386  	-0.0387  	-0.0359  	0.07678  	0.06696  	-0.1253  	-0.0777  	-0.0225  	-0.0113  	-0.0069  	-0.0206  	0.00939  	-0.0305  	0.00668  	0.00745  	-0.0169  	-0.0095  	0.02606  	0.03198  	0.00561  	0.06887  	0.09560  	-0.0642  	-0.0115  	0.01750  	0.53943  	0.55195  	249.634  	214.622  	
0.11787  	0.08307  	-0.0158  	-0.0274  	0.03725  	0.04236  	0.15487  	0.25679  	0.20606  	0.07777  	-0.0879  	0.76368  	0.10057  	0.21649  	-0.6151  	0.23886  	0.38067  	0.03334  	0.39917  	0.11303  	0.14815  	0.37703  	0.29443  	0.13157  	0.02746  	0.10665  	0.34486  	-0.5121  	-0.4699  	-0.0929  	0.01490  	0.06097  	0.17824  	-0.1560  	0.10899  	-0.0890  	0.26294  	0.04810  	-0.2136  	-0.1346  	0.13780  	0.01177  	0.02600  	0.21695  	0.04296  	-0.0385  	-0.0356  	0.07600  	0.06627  	-0.1252  	-0.0790  	-0.0215  	-0.0124  	-0.0074  	-0.0209  	0.00989  	-0.0305  	0.00678  	0.00723  	-0.0185  	-0.0096  	0.02708  	0.03075  	0.00558  	0.06616  	0.09633  	-0.0631  	-0.0116  	0.01787  	0.53768  	0.55195  	249.634  	214.622  	
0.11711  	0.07819  	-0.0176  	-0.0247  	0.04629  	0.04602  	0.15563  	0.25577  	0.20306  	0.08288  	-0.0896  	0.76256  	0.10088  	0.21188  	-0.6187  	0.23886  	0.38427  	0.03423  	0.39705  	0.11732  	0.13822  	0.36910  	0.29356  	0.13198  	0.02742  	0.10608  	0.34439  	-0.5062  	-0.4671  	-0.0918  	0.01233  	0.06075  	0.17689  	-0.1562  	0.10805  	-0.0867  	0.25765  	0.04836  	-0.2100  	-0.1343  	0.13227  	0.01211  	0.02489  	0.21735  	0.04296  	-0.0376  	-0.0365  	0.07645  	0.06621  	-0.1263  	-0.0777  	-0.0209  	-0.0125  	-0.0081  	-0.0204  	0.00941  	-0.0294  	0.00650  	0.00681  	-0.0196  	-0.0098  	0.02625  	0.03107  	0.00621  	0.06483  	0.09589  	-0.0619  	-0.0119  	0.01799  	0.53877  	0.55195  	249.634  	214.622  	
0.11655  	0.07759  	-0.0184  	-0.0242  	0.04701  	0.04597  	0.15576  	0.25534  	0.20262  	0.08327  	-0.0894  	0.76218  	0.10033  	0.21065  	-0.6182  	0.23818  	0.38504  	0.03438  	0.39670  	0.11818  	0.13711  	0.36815  	0.29362  	0.13204  	0.02757  	0.10615  	0.34420  	-0.5052  	-0.4667  	-0.0917  	0.01203  	0.06066  	0.17650  	-0.1563  	0.10805  	-0.0866  	0.25694  	0.04842  	-0.2100  	-0.1344  	0.13162  	0.01207  	0.02472  	0.21735  	0.04295  	-0.0375  	-0.0365  	0.07635  	0.06606  	-0.1264  	-0.0776  	-0.0208  	-0.0126  	-0.0082  	-0.0204  	0.00932  	-0.0292  	0.00649  	0.00676  	-0.0198  	-0.0098  	0.02621  	0.03103  	0.00624  	0.06546  	0.09644  	-0.0608  	-0.0119  	0.01686  	0.54890  	0.55195  	249.634  	214.622  	
0.11651  	0.07705  	-0.0186  	-0.0239  	0.04758  	0.04631  	0.15593  	0.25532  	0.20236  	0.08356  	-0.0896  	0.76193  	0.10021  	0.21014  	-0.6181  	0.23801  	0.38553  	0.03446  	0.39656  	0.11860  	0.13655  	0.36763  	0.29369  	0.13230  	0.02779  	0.10606  	0.34454  	-0.5050  	-0.4665  	-0.0916  	0.01177  	0.06075  	0.17617  	-0.1564  	0.10804  	-0.0864  	0.25658  	0.04853  	-0.2098  	-0.1345  	0.13111  	0.01211  	0.02467  	0.21737  	0.04291  	-0.0374  	-0.0366  	0.07638  	0.06608  	-0.1265  	-0.0775  	-0.0207  	-0.0126  	-0.0083  	-0.0203  	0.00930  	-0.0291  	0.00647  	0.00672  	-0.0200  	-0.0098  	0.02615  	0.03104  	0.00626  	0.06767  	0.09720  	-0.0597  	-0.0125  	0.01566  	0.56230  	0.55195  	249.634  	214.622  	
0.11651  	0.07705  	-0.0186  	-0.0239  	0.04758  	0.04631  	0.15593  	0.25532  	0.20236  	0.08356  	-0.0896  	0.76193  	0.10021  	0.21014  	-0.6181  	0.23801  	0.38553  	0.03446  	0.39656  	0.11860  	0.13655  	0.36763  	0.29369  	0.13230  	0.02779  	0.10606  	0.34454  	-0.5050  	-0.4665  	-0.0916  	0.01177  	0.06075  	0.17617  	-0.1564  	0.10804  	-0.0864  	0.25658  	0.04853  	-0.2098  	-0.1345  	0.13111  	0.01211  	0.02467  	0.21737  	0.04291  	-0.0374  	-0.0366  	0.07638  	0.06608  	-0.1265  	-0.0775  	-0.0207  	-0.0126  	-0.0083  	-0.0203  	0.00930  	-0.0291  	0.00647  	0.00672  	-0.0200  	-0.0098  	0.02615  	0.03104  	0.00626  	0.07071  	0.10030  	-0.0591  	-0.0126  	0.01487  	0.55943  	0.55195  	249.634  	214.622  	
0.11651  	0.07705  	-0.0186  	-0.0239  	0.04758  	0.04631  	0.15593  	0.25532  	0.20236  	0.08356  	-0.0896  	0.76193  	0.10021  	0.21014  	-0.6181  	0.23801  	0.38553  	0.03446  	0.39656  	0.11860  	0.13655  	0.36763  	0.29369  	0.13230  	0.02779  	0.10606  	0.34454  	-0.5050  	-0.4665  	-0.0916  	0.01177  	0.06075  	0.17617  	-0.1564  	0.10804  	-0.0864  	0.25658  	0.04853  	-0.2098  	-0.1345  	0.13111  	0.01211  	0.02467  	0.21737  	0.04291  	-0.0374  	-0.0366  	0.07638  	0.06608  	-0.1265  	-0.0775  	-0.0207  	-0.0126  	-0.0083  	-0.0203  	0.00930  	-0.0291  	0.00647  	0.00672  	-0.0200  	-0.0098  	0.02615  	0.03104  	0.00626  	0.07424  	0.10299  	-0.0585  	-0.0128  	0.01453  	0.54399  	0.55195  	249.634  	214.622  	
0.11651  	0.07705  	-0.0186  	-0.0239  	0.04758  	0.04631  	0.15593  	0.25532  	0.20236  	0.08356  	-0.0896  	0.76193  	0.10021  	0.21014  	-0.6181  	0.23801  	0.38553  	0.03446  	0.39656  	0.11860  	0.13655  	0.36763  	0.29369  	0.13230  	0.02779  	0.10606  	0.34454  	-0.5050  	-0.4665  	-0.0916  	0.01177  	0.06075  	0.17617  	-0.1564  	0.10804  	-0.0864  	0.25658  	0.04853  	-0.2098  	-0.1345  	0.13111  	0.01211  	0.02467  	0.21737  	0.04291  	-0.0374  	-0.0366  	0.07638  	0.06608  	-0.1265  	-0.0775  	-0.0207  	-0.0126  	-0.0083  	-0.0203  	0.00930  	-0.0291  	0.00647  	0.00672  	-0.0200  	-0.0098  	0.02615  	0.03104  	0.00626  	0.07711  	0.10634  	-0.0586  	-0.0127  	0.01396  	0.54354  	0.55195  	249.634  	214.622  	
0.11651  	0.07705  	-0.0186  	-0.0239  	0.04758  	0.04631  	0.15593  	0.25532  	0.20236  	0.08356  	-0.0896  	0.76193  	0.10021  	0.21014  	-0.6181  	0.23801  	0.38553  	0.03446  	0.39656  	0.11860  	0.13655  	0.36763  	0.29369  	0.13230  	0.02779  	0.10606  	0.34454  	-0.5050  	-0.4665  	-0.0916  	0.01177  	0.06075  	0.17617  	-0.1564  	0.10804  	-0.0864  	0.25658  	0.04853  	-0.2098  	-0.1345  	0.13111  	0.01211  	0.02467  	0.21737  	0.04291  	-0.0374  	-0.0366  	0.07638  	0.06608  	-0.1265  	-0.0775  	-0.0207  	-0.0126  	-0.0083  	-0.0203  	0.00930  	-0.0291  	0.00647  	0.00672  	-0.0200  	-0.0098  	0.02615  	0.03104  	0.00626  	0.07664  	0.10783  	-0.0585  	-0.0126  	0.01329  	0.55648  	0.55195  	249.634  	214.622  	
0.11653  	0.07706  	-0.0186  	-0.0239  	0.04761  	0.04634  	0.15594  	0.25533  	0.20236  	0.08356  	-0.0897  	0.76195  	0.10022  	0.21017  	-0.6180  	0.23801  	0.38552  	0.03447  	0.39657  	0.11860  	0.13653  	0.36764  	0.29368  	0.13230  	0.02780  	0.10606  	0.34457  	-0.5050  	-0.4665  	-0.0916  	0.01177  	0.06075  	0.17617  	-0.1564  	0.10804  	-0.0864  	0.25657  	0.04853  	-0.2098  	-0.1345  	0.13111  	0.01211  	0.02467  	0.21738  	0.04291  	-0.0374  	-0.0366  	0.07639  	0.06609  	-0.1265  	-0.0775  	-0.0207  	-0.0126  	-0.0083  	-0.0203  	0.00930  	-0.0291  	0.00647  	0.00672  	-0.0200  	-0.0098  	0.02614  	0.03105  	0.00626  	0.07411  	0.10927  	-0.0587  	-0.0119  	0.01403  	0.55724  	0.55195  	249.634  	214.622  	
0.11647  	0.07705  	-0.0186  	-0.0239  	0.04754  	0.04629  	0.15594  	0.25530  	0.20235  	0.08355  	-0.0896  	0.76188  	0.10019  	0.21011  	-0.6181  	0.23799  	0.38555  	0.03449  	0.39656  	0.11861  	0.13652  	0.36762  	0.29366  	0.13229  	0.02784  	0.10606  	0.34452  	-0.5049  	-0.4665  	-0.0916  	0.01176  	0.06074  	0.17616  	-0.1564  	0.10803  	-0.0864  	0.25654  	0.04852  	-0.2098  	-0.1345  	0.13110  	0.01210  	0.02466  	0.21737  	0.04291  	-0.0374  	-0.0366  	0.07638  	0.06608  	-0.1265  	-0.0775  	-0.0207  	-0.0126  	-0.0083  	-0.0203  	0.00930  	-0.0291  	0.00646  	0.00672  	-0.0200  	-0.0098  	0.02615  	0.03104  	0.00626  	0.07193  	0.10975  	-0.0589  	-0.0110  	0.01562  	0.55226  	0.55195  	249.634  	214.622  	
0.11648  	0.07703  	-0.0186  	-0.0239  	0.04758  	0.04635  	0.15592  	0.25531  	0.20235  	0.08351  	-0.0897  	0.76190  	0.10023  	0.21015  	-0.6180  	0.23797  	0.38554  	0.03445  	0.39656  	0.11859  	0.13654  	0.36764  	0.29369  	0.13231  	0.02779  	0.10606  	0.34453  	-0.5050  	-0.4665  	-0.0916  	0.01177  	0.06075  	0.17616  	-0.1564  	0.10806  	-0.0864  	0.25658  	0.04853  	-0.2098  	-0.1345  	0.13112  	0.01211  	0.02466  	0.21737  	0.04291  	-0.0374  	-0.0366  	0.07637  	0.06608  	-0.1265  	-0.0775  	-0.0207  	-0.0126  	-0.0083  	-0.0203  	0.00930  	-0.0291  	0.00647  	0.00672  	-0.0200  	-0.0098  	0.02615  	0.03104  	0.00626  	0.06950  	0.11109  	-0.0592  	-0.0100  	0.01696  	0.56702  	0.55195  	249.634  	214.622  	
0.11655  	0.07704  	-0.0186  	-0.0238  	0.04761  	0.04640  	0.15596  	0.25535  	0.20238  	0.08359  	-0.0897  	0.76193  	0.10026  	0.21017  	-0.6180  	0.23802  	0.38552  	0.03445  	0.39656  	0.11862  	0.13655  	0.36768  	0.29374  	0.13232  	0.02779  	0.10607  	0.34458  	-0.5050  	-0.4665  	-0.0916  	0.01177  	0.06075  	0.17616  	-0.1564  	0.10802  	-0.0864  	0.25656  	0.04853  	-0.2098  	-0.1344  	0.13106  	0.01212  	0.02467  	0.21738  	0.04292  	-0.0374  	-0.0366  	0.07638  	0.06608  	-0.1266  	-0.0775  	-0.0207  	-0.0126  	-0.0083  	-0.0203  	0.00930  	-0.0291  	0.00647  	0.00672  	-0.0200  	-0.0098  	0.02615  	0.03105  	0.00626  	0.06828  	0.11131  	-0.0592  	-0.0085  	0.01843  	0.56696  	0.55195  	249.634  	214.622  	
0.11649  	0.07705  	-0.0186  	-0.0239  	0.04758  	0.04632  	0.15594  	0.25531  	0.20236  	0.08357  	-0.0896  	0.76191  	0.10020  	0.21012  	-0.6181  	0.23800  	0.38551  	0.03446  	0.39656  	0.11861  	0.13654  	0.36764  	0.29368  	0.13228  	0.02779  	0.10606  	0.34452  	-0.5049  	-0.4665  	-0.0916  	0.01177  	0.06075  	0.17618  	-0.1564  	0.10803  	-0.0864  	0.25658  	0.04854  	-0.2098  	-0.1345  	0.13113  	0.01210  	0.02467  	0.21737  	0.04291  	-0.0374  	-0.0366  	0.07638  	0.06608  	-0.1265  	-0.0775  	-0.0207  	-0.0126  	-0.0083  	-0.0203  	0.00930  	-0.0291  	0.00646  	0.00672  	-0.0200  	-0.0098  	0.02614  	0.03104  	0.00626  	0.06770  	0.11292  	-0.0589  	-0.0069  	0.01985  	0.57050  	0.55195  	249.634  	214.622  	
0.11652  	0.07713  	-0.0185  	-0.0239  	0.04745  	0.04629  	0.15590  	0.25537  	0.20243  	0.08352  	-0.0896  	0.76200  	0.10023  	0.21022  	-0.6181  	0.23808  	0.38545  	0.03446  	0.39660  	0.11853  	0.13669  	0.36774  	0.29367  	0.13226  	0.02775  	0.10608  	0.34449  	-0.5051  	-0.4666  	-0.0916  	0.01183  	0.06075  	0.17624  	-0.1563  	0.10802  	-0.0865  	0.25667  	0.04853  	-0.2098  	-0.1345  	0.13121  	0.01210  	0.02468  	0.21737  	0.04293  	-0.0374  	-0.0366  	0.07637  	0.06608  	-0.1265  	-0.0775  	-0.0208  	-0.0126  	-0.0083  	-0.0203  	0.00930  	-0.0292  	0.00648  	0.00673  	-0.0199  	-0.0098  	0.02616  	0.03104  	0.00626  	0.06831  	0.11372  	-0.0586  	-0.0056  	0.02065  	0.57894  	0.55195  	249.634  	214.622  	
0.11651  	0.07705  	-0.0186  	-0.0239  	0.04758  	0.04631  	0.15593  	0.25532  	0.20236  	0.08356  	-0.0896  	0.76193  	0.10021  	0.21014  	-0.6181  	0.23801  	0.38553  	0.03446  	0.39656  	0.11860  	0.13655  	0.36763  	0.29369  	0.13230  	0.02779  	0.10606  	0.34454  	-0.5050  	-0.4665  	-0.0916  	0.01177  	0.06075  	0.17617  	-0.1564  	0.10804  	-0.0864  	0.25658  	0.04853  	-0.2098  	-0.1345  	0.13111  	0.01211  	0.02467  	0.21737  	0.04291  	-0.0374  	-0.0366  	0.07638  	0.06608  	-0.1265  	-0.0775  	-0.0207  	-0.0126  	-0.0083  	-0.0203  	0.00930  	-0.0291  	0.00647  	0.00672  	-0.0200  	-0.0098  	0.02615  	0.03104  	0.00626  	0.07056  	0.11563  	-0.0579  	-0.0048  	0.02038  	0.58697  	0.55195  	249.634  	214.622  	
0.11651  	0.07705  	-0.0186  	-0.0239  	0.04758  	0.04631  	0.15593  	0.25532  	0.20236  	0.08356  	-0.0896  	0.76193  	0.10021  	0.21014  	-0.6181  	0.23801  	0.38553  	0.03446  	0.39656  	0.11860  	0.13655  	0.36763  	0.29369  	0.13230  	0.02779  	0.10606  	0.34454  	-0.5050  	-0.4665  	-0.0916  	0.01177  	0.06075  	0.17617  	-0.1564  	0.10804  	-0.0864  	0.25658  	0.04853  	-0.2098  	-0.1345  	0.13111  	0.01211  	0.02467  	0.21737  	0.04291  	-0.0374  	-0.0366  	0.07638  	0.06608  	-0.1265  	-0.0775  	-0.0207  	-0.0126  	-0.0083  	-0.0203  	0.00930  	-0.0291  	0.00647  	0.00672  	-0.0200  	-0.0098  	0.02615  	0.03104  	0.00626  	0.07360  	0.11685  	-0.0570  	-0.0046  	0.01971  	0.60077  	0.55195  	249.634  	214.622  	
0.11879  	0.08975  	0.01394  	-0.0067  	0.05401  	0.02401  	0.12823  	0.30356  	0.18563  	0.06235  	-0.0766  	0.77611  	0.13945  	0.16828  	-0.5697  	0.18926  	0.46038  	-0.0997  	0.45475  	-0.0941  	0.19450  	0.18418  	0.08980  	0.13438  	-0.0275  	0.18757  	0.34191  	-0.5802  	-0.4018  	-0.1080  	0.10610  	0.02131  	0.09998  	-0.2885  	0.05577  	-0.1093  	0.18622  	0.04702  	-0.3035  	-0.2022  	0.19175  	0.11805  	-0.0699  	0.28097  	-0.0046  	-0.0210  	-0.0559  	0.09157  	0.05354  	-0.1362  	-0.0725  	-0.0168  	-0.0115  	0.00513  	-0.0153  	0.00816  	-0.0312  	-0.0026  	0.00723  	-0.0129  	-0.0061  	0.02357  	0.01795  	0.00668  	0.07626  	0.11910  	-0.0561  	-0.0042  	0.01966  	0.58676  	0.55195  	249.634  	214.622  	
0.12062  	0.09991  	0.04000  	0.00704  	0.05916  	0.00616  	0.10607  	0.34216  	0.17224  	0.04538  	-0.0662  	0.78746  	0.17083  	0.13479  	-0.5309  	0.15026  	0.52026  	-0.2071  	0.50130  	-0.2642  	0.24086  	0.03742  	-0.0733  	0.13604  	-0.0717  	0.25277  	0.33980  	-0.6405  	-0.3500  	-0.1211  	0.18157  	-0.0102  	0.03902  	-0.3943  	0.01395  	-0.1276  	0.12994  	0.04581  	-0.3785  	-0.2564  	0.24026  	0.20281  	-0.1455  	0.33184  	-0.0427  	-0.0078  	-0.0713  	0.10372  	0.04350  	-0.1439  	-0.0685  	-0.0137  	-0.0107  	0.01591  	-0.0113  	0.00725  	-0.0328  	-0.0099  	0.00764  	-0.0073  	-0.0030  	0.02150  	0.00748  	0.00702  	0.07939  	0.11970  	-0.0555  	-0.0044  	0.01971  	0.57171  	0.55195  	249.634  	214.622  	
0.12108  	0.10245  	0.04651  	0.01048  	0.06045  	0.00170  	0.10053  	0.35181  	0.16889  	0.04114  	-0.0636  	0.79030  	0.17868  	0.12642  	-0.5213  	0.14051  	0.53523  	-0.2339  	0.51293  	-0.3068  	0.25245  	0.00073  	-0.1140  	0.13645  	-0.0828  	0.26907  	0.33927  	-0.6555  	-0.3371  	-0.1244  	0.20043  	-0.0181  	0.02378  	-0.4207  	0.00350  	-0.1322  	0.11587  	0.04550  	-0.3973  	-0.2699  	0.25239  	0.22400  	-0.1645  	0.34456  	-0.0522  	-0.0045  	-0.0751  	0.10676  	0.04099  	-0.1458  	-0.0675  	-0.0129  	-0.0105  	0.01860  	-0.0103  	0.00702  	-0.0332  	-0.0117  	0.00774  	-0.0059  	-0.0023  	0.02098  	0.00486  	0.00710  	0.08089  	0.11960  	-0.0556  	-0.0050  	0.01920  	0.57880  	0.55195  	249.634  	214.622  	
0.12062  	0.09991  	0.04000  	0.00704  	0.05916  	0.00616  	0.10607  	0.34216  	0.17224  	0.04538  	-0.0662  	0.78746  	0.17083  	0.13479  	-0.5309  	0.15026  	0.52026  	-0.2071  	0.50130  	-0.2642  	0.24086  	0.03742  	-0.0733  	0.13604  	-0.0717  	0.25277  	0.33980  	-0.6405  	-0.3500  	-0.1211  	0.18157  	-0.0102  	0.03902  	-0.3943  	0.01395  	-0.1276  	0.12994  	0.04581  	-0.3785  	-0.2564  	0.24026  	0.20281  	-0.1455  	0.33184  	-0.0427  	-0.0078  	-0.0713  	0.10372  	0.04350  	-0.1439  	-0.0685  	-0.0137  	-0.0107  	0.01591  	-0.0113  	0.00725  	-0.0328  	-0.0099  	0.00764  	-0.0073  	-0.0030  	0.02150  	0.00748  	0.00702  	0.08040  	0.11704  	-0.0554  	-0.0060  	0.01815  	0.58251  	0.55195  	249.634  	214.622  	
0.11879  	0.08975  	0.01394  	-0.0067  	0.05401  	0.02401  	0.12823  	0.30356  	0.18563  	0.06235  	-0.0766  	0.77611  	0.13945  	0.16828  	-0.5697  	0.18926  	0.46038  	-0.0997  	0.45475  	-0.0941  	0.19450  	0.18418  	0.08980  	0.13438  	-0.0275  	0.18757  	0.34191  	-0.5802  	-0.4018  	-0.1080  	0.10610  	0.02131  	0.09998  	-0.2885  	0.05577  	-0.1093  	0.18622  	0.04702  	-0.3035  	-0.2022  	0.19175  	0.11805  	-0.0699  	0.28097  	-0.0046  	-0.0210  	-0.0559  	0.09157  	0.05354  	-0.1362  	-0.0725  	-0.0168  	-0.0115  	0.00513  	-0.0153  	0.00816  	-0.0312  	-0.0026  	0.00723  	-0.0129  	-0.0061  	0.02357  	0.01795  	0.00668  	0.07947  	0.11483  	-0.0558  	-0.0067  	0.01797  	0.58369  	0.55195  	249.634  	214.622  	
0.11651  	0.07705  	-0.0186  	-0.0239  	0.04758  	0.04631  	0.15593  	0.25532  	0.20236  	0.08356  	-0.0896  	0.76193  	0.10021  	0.21014  	-0.6181  	0.23801  	0.38553  	0.03446  	0.39656  	0.11860  	0.13655  	0.36763  	0.29369  	0.13230  	0.02779  	0.10606  	0.34454  	-0.5050  	-0.4665  	-0.0916  	0.01177  	0.06075  	0.17617  	-0.1564  	0.10804  	-0.0864  	0.25658  	0.04853  	-0.2098  	-0.1345  	0.13111  	0.01211  	0.02467  	0.21737  	0.04291  	-0.0374  	-0.0366  	0.07638  	0.06608  	-0.1265  	-0.0775  	-0.0207  	-0.0126  	-0.0083  	-0.0203  	0.00930  	-0.0291  	0.00647  	0.00672  	-0.0200  	-0.0098  	0.02615  	0.03104  	0.00626  	0.07923  	0.11158  	-0.0565  	-0.0077  	0.01792  	0.58391  	0.55195  	249.634  	214.622  	
0.11651  	0.07705  	-0.0186  	-0.0239  	0.04758  	0.04631  	0.15593  	0.25532  	0.20236  	0.08356  	-0.0896  	0.76193  	0.10021  	0.21014  	-0.6181  	0.23801  	0.38553  	0.03446  	0.39656  	0.11860  	0.13655  	0.36763  	0.29369  	0.13230  	0.02779  	0.10606  	0.34454  	-0.5050  	-0.4665  	-0.0916  	0.01177  	0.06075  	0.17617  	-0.1564  	0.10804  	-0.0864  	0.25658  	0.04853  	-0.2098  	-0.1345  	0.13111  	0.01211  	0.02467  	0.21737  	0.04291  	-0.0374  	-0.0366  	0.07638  	0.06608  	-0.1265  	-0.0775  	-0.0207  	-0.0126  	-0.0083  	-0.0203  	0.00930  	-0.0291  	0.00647  	0.00672  	-0.0200  	-0.0098  	0.02615  	0.03104  	0.00626  	0.07896  	0.10813  	-0.0575  	-0.0085  	0.01727  	0.59286  	0.55195  	249.634  	214.622  	
0.11651  	0.07705  	-0.0186  	-0.0239  	0.04758  	0.04631  	0.15593  	0.25532  	0.20236  	0.08356  	-0.0896  	0.76193  	0.10021  	0.21014  	-0.6181  	0.23801  	0.38553  	0.03446  	0.39656  	0.11860  	0.13655  	0.36763  	0.29369  	0.13230  	0.02779  	0.10606  	0.34454  	-0.5050  	-0.4665  	-0.0916  	0.01177  	0.06075  	0.17617  	-0.1564  	0.10804  	-0.0864  	0.25658  	0.04853  	-0.2098  	-0.1345  	0.13111  	0.01211  	0.02467  	0.21737  	0.04291  	-0.0374  	-0.0366  	0.07638  	0.06608  	-0.1265  	-0.0775  	-0.0207  	-0.0126  	-0.0083  	-0.0203  	0.00930  	-0.0291  	0.00647  	0.00672  	-0.0200  	-0.0098  	0.02615  	0.03104  	0.00626  	0.07926  	0.10342  	-0.0585  	-0.0091  	0.01661  	0.59992  	0.55195  	249.634  	214.622  	
0.11651  	0.07705  	-0.0186  	-0.0239  	0.04758  	0.04631  	0.15593  	0.25532  	0.20236  	0.08356  	-0.0896  	0.76193  	0.10021  	0.21014  	-0.6181  	0.23801  	0.38553  	0.03446  	0.39656  	0.11860  	0.13655  	0.36763  	0.29369  	0.13230  	0.02779  	0.10606  	0.34454  	-0.5050  	-0.4665  	-0.0916  	0.01177  	0.06075  	0.17617  	-0.1564  	0.10804  	-0.0864  	0.25658  	0.04853  	-0.2098  	-0.1345  	0.13111  	0.01211  	0.02467  	0.21737  	0.04291  	-0.0374  	-0.0366  	0.07638  	0.06608  	-0.1265  	-0.0775  	-0.0207  	-0.0126  	-0.0083  	-0.0203  	0.00930  	-0.0291  	0.00647  	0.00672  	-0.0200  	-0.0098  	0.02615  	0.03104  	0.00626  	0.07949  	0.10035  	-0.0598  	-0.0095  	0.01613  	0.60655  	0.55195  	249.634  	214.622  	
0.11651  	0.07705  	-0.0186  	-0.0239  	0.04758  	0.04631  	0.15593  	0.25532  	0.20236  	0.08356  	-0.0896  	0.76193  	0.10021  	0.21014  	-0.6181  	0.23801  	0.38553  	0.03446  	0.39656  	0.11860  	0.13655  	0.36763  	0.29369  	0.13230  	0.02779  	0.10606  	0.34454  	-0.5050  	-0.4665  	-0.0916  	0.01177  	0.06075  	0.17617  	-0.1564  	0.10804  	-0.0864  	0.25658  	0.04853  	-0.2098  	-0.1345  	0.13111  	0.01211  	0.02467  	0.21737  	0.04291  	-0.0374  	-0.0366  	0.07638  	0.06608  	-0.1265  	-0.0775  	-0.0207  	-0.0126  	-0.0083  	-0.0203  	0.00930  	-0.0291  	0.00647  	0.00672  	-0.0200  	-0.0098  	0.02615  	0.03104  	0.00626  	0.07940  	0.09725  	-0.0608  	-0.0101  	0.01592  	0.60490  	0.55195  	249.634  	214.622  	
0.11651  	0.07705  	-0.0186  	-0.0239  	0.04758  	0.04631  	0.15593  	0.25532  	0.20236  	0.08356  	-0.0896  	0.76193  	0.10021  	0.21014  	-0.6181  	0.23801  	0.38553  	0.03446  	0.39656  	0.11860  	0.13655  	0.36763  	0.29369  	0.13230  	0.02779  	0.10606  	0.34454  	-0.5050  	-0.4665  	-0.0916  	0.01177  	0.06075  	0.17617  	-0.1564  	0.10804  	-0.0864  	0.25658  	0.04853  	-0.2098  	-0.1345  	0.13111  	0.01211  	0.02467  	0.21737  	0.04291  	-0.0374  	-0.0366  	0.07638  	0.06608  	-0.1265  	-0.0775  	-0.0207  	-0.0126  	-0.0083  	-0.0203  	0.00930  	-0.0291  	0.00647  	0.00672  	-0.0200  	-0.0098  	0.02615  	0.03104  	0.00626  	0.07896  	0.09560  	-0.0617  	-0.0105  	0.01517  	0.60894  	0.55195  	249.634  	214.622  	
0.11651  	0.07705  	-0.0186  	-0.0239  	0.04758  	0.04631  	0.15593  	0.25532  	0.20236  	0.08356  	-0.0896  	0.76193  	0.10021  	0.21014  	-0.6181  	0.23801  	0.38553  	0.03446  	0.39656  	0.11860  	0.13655  	0.36763  	0.29369  	0.13230  	0.02779  	0.10606  	0.34454  	-0.5050  	-0.4665  	-0.0916  	0.01177  	0.06075  	0.17617  	-0.1564  	0.10804  	-0.0864  	0.25658  	0.04853  	-0.2098  	-0.1345  	0.13111  	0.01211  	0.02467  	0.21737  	0.04291  	-0.0374  	-0.0366  	0.07638  	0.06608  	-0.1265  	-0.0775  	-0.0207  	-0.0126  	-0.0083  	-0.0203  	0.00930  	-0.0291  	0.00647  	0.00672  	-0.0200  	-0.0098  	0.02615  	0.03104  	0.00626  	0.07781  	0.09371  	-0.0626  	-0.0110  	0.01422  	0.61793  	0.55195  	249.634  	214.622  	
0.11651  	0.07705  	-0.0186  	-0.0239  	0.04758  	0.04631  	0.15593  	0.25532  	0.20236  	0.08356  	-0.0896  	0.76193  	0.10021  	0.21014  	-0.6181  	0.23801  	0.38553  	0.03446  	0.39656  	0.11860  	0.13655  	0.36763  	0.29369  	0.13230  	0.02779  	0.10606  	0.34454  	-0.5050  	-0.4665  	-0.0916  	0.01177  	0.06075  	0.17617  	-0.1564  	0.10804  	-0.0864  	0.25658  	0.04853  	-0.2098  	-0.1345  	0.13111  	0.01211  	0.02467  	0.21737  	0.04291  	-0.0374  	-0.0366  	0.07638  	0.06608  	-0.1265  	-0.0775  	-0.0207  	-0.0126  	-0.0083  	-0.0203  	0.00930  	-0.0291  	0.00647  	0.00672  	-0.0200  	-0.0098  	0.02615  	0.03104  	0.00626  	0.07500  	0.09377  	-0.0634  	-0.0113  	0.01438  	0.60872  	0.55195  	249.634  	214.622  	
0.11651  	0.07705  	-0.0186  	-0.0239  	0.04758  	0.04631  	0.15593  	0.25532  	0.20236  	0.08356  	-0.0896  	0.76193  	0.10021  	0.21014  	-0.6181  	0.23801  	0.38553  	0.03446  	0.39656  	0.11860  	0.13655  	0.36763  	0.29369  	0.13230  	0.02779  	0.10606  	0.34454  	-0.5050  	-0.4665  	-0.0916  	0.01177  	0.06075  	0.17617  	-0.1564  	0.10804  	-0.0864  	0.25658  	0.04853  	-0.2098  	-0.1345  	0.13111  	0.01211  	0.02467  	0.21737  	0.04291  	-0.0374  	-0.0366  	0.07638  	0.06608  	-0.1265  	-0.0775  	-0.0207  	-0.0126  	-0.0083  	-0.0203  	0.00930  	-0.0291  	0.00647  	0.00672  	-0.0200  	-0.0098  	0.02615  	0.03104  	0.00626  	0.07208  	0.09314  	-0.0639  	-0.0116  	0.01512  	0.59627  	0.55195  	249.634  	214.622  	
0.11651  	0.07705  	-0.0186  	-0.0239  	0.04758  	0.04631  	0.15593  	0.25532  	0.20236  	0.08356  	-0.0896  	0.76193  	0.10021  	0.21014  	-0.6181  	0.23801  	0.38553  	0.03446  	0.39656  	0.11860  	0.13655  	0.36763  	0.29369  	0.13230  	0.02779  	0.10606  	0.34454  	-0.5050  	-0.4665  	-0.0916  	0.01177  	0.06075  	0.17617  	-0.1564  	0.10804  	-0.0864  	0.25658  	0.04853  	-0.2098  	-0.1345  	0.13111  	0.01211  	0.02467  	0.21737  	0.04291  	-0.0374  	-0.0366  	0.07638  	0.06608  	-0.1265  	-0.0775  	-0.0207  	-0.0126  	-0.0083  	-0.0203  	0.00930  	-0.0291  	0.00647  	0.00672  	-0.0200  	-0.0098  	0.02615  	0.03104  	0.00626  	0.06838  	0.09334  	-0.0643  	-0.0120  	0.01545  	0.59835  	0.55195  	249.634  	214.622  	
0.11651  	0.07705  	-0.0186  	-0.0239  	0.04758  	0.04631  	0.15593  	0.25532  	0.20236  	0.08356  	-0.0896  	0.76193  	0.10021  	0.21014  	-0.6181  	0.23801  	0.38553  	0.03446  	0.39656  	0.11860  	0.13655  	0.36763  	0.29369  	0.13230  	0.02779  	0.10606  	0.34454  	-0.5050  	-0.4665  	-0.0916  	0.01177  	0.06075  	0.17617  	-0.1564  	0.10804  	-0.0864  	0.25658  	0.04853  	-0.2098  	-0.1345  	0.13111  	0.01211  	0.02467  	0.21737  	0.04291  	-0.0374  	-0.0366  	0.07638  	0.06608  	-0.1265  	-0.0775  	-0.0207  	-0.0126  	-0.0083  	-0.0203  	0.00930  	-0.0291  	0.00647  	0.00672  	-0.0200  	-0.0098  	0.02615  	0.03104  	0.00626  	0.06527  	0.09303  	-0.0641  	-0.0123  	0.01550  	0.59335  	0.55195  	249.634  	214.622  	
0.11651  	0.07705  	-0.0186  	-0.0239  	0.04758  	0.04631  	0.15593  	0.25532  	0.20236  	0.08356  	-0.0896  	0.76193  	0.10021  	0.21014  	-0.6181  	0.23801  	0.38553  	0.03446  	0.39656  	0.11860  	0.13655  	0.36763  	0.29369  	0.13230  	0.02779  	0.10606  	0.34454  	-0.5050  	-0.4665  	-0.0916  	0.01177  	0.06075  	0.17617  	-0.1564  	0.10804  	-0.0864  	0.25658  	0.04853  	-0.2098  	-0.1345  	0.13111  	0.01211  	0.02467  	0.21737  	0.04291  	-0.0374  	-0.0366  	0.07638  	0.06608  	-0.1265  	-0.0775  	-0.0207  	-0.0126  	-0.0083  	-0.0203  	0.00930  	-0.0291  	0.00647  	0.00672  	-0.0200  	-0.0098  	0.02615  	0.03104  	0.00626  	0.06243  	0.09436  	-0.0632  	-0.0124  	0.01590  	0.58739  	0.55195  	249.634  	214.622  	
0.11651  	0.07705  	-0.0186  	-0.0239  	0.04758  	0.04631  	0.15593  	0.25532  	0.20236  	0.08356  	-0.0896  	0.76193  	0.10021  	0.21014  	-0.6181  	0.23801  	0.38553  	0.03446  	0.39656  	0.11860  	0.13655  	0.36763  	0.29369  	0.13230  	0.02779  	0.10606  	0.34454  	-0.5050  	-0.4665  	-0.0916  	0.01177  	0.06075  	0.17617  	-0.1564  	0.10804  	-0.0864  	0.25658  	0.04853  	-0.2098  	-0.1345  	0.13111  	0.01211  	0.02467  	0.21737  	0.04291  	-0.0374  	-0.0366  	0.07638  	0.06608  	-0.1265  	-0.0775  	-0.0207  	-0.0126  	-0.0083  	-0.0203  	0.00930  	-0.0291  	0.00647  	0.00672  	-0.0200  	-0.0098  	0.02615  	0.03104  	0.00626  	0.06149  	0.09473  	-0.0624  	-0.0126  	0.01620  	0.58548  	0.55195  	249.634  	214.622  	
0.11651  	0.07705  	-0.0186  	-0.0239  	0.04758  	0.04631  	0.15593  	0.25532  	0.20236  	0.08356  	-0.0896  	0.76193  	0.10021  	0.21014  	-0.6181  	0.23801  	0.38553  	0.03446  	0.39656  	0.11860  	0.13655  	0.36763  	0.29369  	0.13230  	0.02779  	0.10606  	0.34454  	-0.5050  	-0.4665  	-0.0916  	0.01177  	0.06075  	0.17617  	-0.1564  	0.10804  	-0.0864  	0.25658  	0.04853  	-0.2098  	-0.1345  	0.13111  	0.01211  	0.02467  	0.21737  	0.04291  	-0.0374  	-0.0366  	0.07638  	0.06608  	-0.1265  	-0.0775  	-0.0207  	-0.0126  	-0.0083  	-0.0203  	0.00930  	-0.0291  	0.00647  	0.00672  	-0.0200  	-0.0098  	0.02615  	0.03104  	0.00626  	0.06263  	0.09571  	-0.0619  	-0.0126  	0.01527  	0.59091  	0.55195  	249.634  	214.622  	
0.11651  	0.07705  	-0.0186  	-0.0239  	0.04758  	0.04631  	0.15593  	0.25532  	0.20236  	0.08356  	-0.0896  	0.76193  	0.10021  	0.21014  	-0.6181  	0.23801  	0.38553  	0.03446  	0.39656  	0.11860  	0.13655  	0.36763  	0.29369  	0.13230  	0.02779  	0.10606  	0.34454  	-0.5050  	-0.4665  	-0.0916  	0.01177  	0.06075  	0.17617  	-0.1564  	0.10804  	-0.0864  	0.25658  	0.04853  	-0.2098  	-0.1345  	0.13111  	0.01211  	0.02467  	0.21737  	0.04291  	-0.0374  	-0.0366  	0.07638  	0.06608  	-0.1265  	-0.0775  	-0.0207  	-0.0126  	-0.0083  	-0.0203  	0.00930  	-0.0291  	0.00647  	0.00672  	-0.0200  	-0.0098  	0.02615  	0.03104  	0.00626  	0.06548  	0.09702  	-0.0613  	-0.0131  	0.01418  	0.60012  	0.55195  	249.634  	214.622  	
0.11651  	0.07705  	-0.0186  	-0.0239  	0.04758  	0.04631  	0.15593  	0.25532  	0.20236  	0.08356  	-0.0896  	0.76193  	0.10021  	0.21014  	-0.6181  	0.23801  	0.38553  	0.03446  	0.39656  	0.11860  	0.13655  	0.36763  	0.29369  	0.13230  	0.02779  	0.10606  	0.34454  	-0.5050  	-0.4665  	-0.0916  	0.01177  	0.06075  	0.17617  	-0.1564  	0.10804  	-0.0864  	0.25658  	0.04853  	-0.2098  	-0.1345  	0.13111  	0.01211  	0.02467  	0.21737  	0.04291  	-0.0374  	-0.0366  	0.07638  	0.06608  	-0.1265  	-0.0775  	-0.0207  	-0.0126  	-0.0083  	-0.0203  	0.00930  	-0.0291  	0.00647  	0.00672  	-0.0200  	-0.0098  	0.02615  	0.03104  	0.00626  	0.06882  	0.10038  	-0.0609  	-0.0132  	0.01361  	0.59372  	0.55195  	249.634  	214.622  	
0.11651  	0.07705  	-0.0186  	-0.0239  	0.04758  	0.04631  	0.15593  	0.25532  	0.20236  	0.08356  	-0.0896  	0.76193  	0.10021  	0.21014  	-0.6181  	0.23801  	0.38553  	0.03446  	0.39656  	0.11860  	0.13655  	0.36763  	0.29369  	0.13230  	0.02779  	0.10606  	0.34454  	-0.5050  	-0.4665  	-0.0916  	0.01177  	0.06075  	0.17617  	-0.1564  	0.10804  	-0.0864  	0.25658  	0.04853  	-0.2098  	-0.1345  	0.13111  	0.01211  	0.02467  	0.21737  	0.04291  	-0.0374  	-0.0366  	0.07638  	0.06608  	-0.1265  	-0.0775  	-0.0207  	-0.0126  	-0.0083  	-0.0203  	0.00930  	-0.0291  	0.00647  	0.00672  	-0.0200  	-0.0098  	0.02615  	0.03104  	0.00626  	0.07203  	0.10314  	-0.0602  	-0.0132  	0.01345  	0.57709  	0.55195  	249.634  	214.622  	
0.11651  	0.07705  	-0.0186  	-0.0239  	0.04758  	0.04631  	0.15593  	0.25532  	0.20236  	0.08356  	-0.0896  	0.76193  	0.10021  	0.21014  	-0.6181  	0.23801  	0.38553  	0.03446  	0.39656  	0.11860  	0.13655  	0.36763  	0.29369  	0.13230  	0.02779  	0.10606  	0.34454  	-0.5050  	-0.4665  	-0.0916  	0.01177  	0.06075  	0.17617  	-0.1564  	0.10804  	-0.0864  	0.25658  	0.04853  	-0.2098  	-0.1345  	0.13111  	0.01211  	0.02467  	0.21737  	0.04291  	-0.0374  	-0.0366  	0.07638  	0.06608  	-0.1265  	-0.0775  	-0.0207  	-0.0126  	-0.0083  	-0.0203  	0.00930  	-0.0291  	0.00647  	0.00672  	-0.0200  	-0.0098  	0.02615  	0.03104  	0.00626  	0.07382  	0.10622  	-0.0600  	-0.0129  	0.01292  	0.57659  	0.55195  	249.634  	214.622  	
0.11651  	0.07705  	-0.0186  	-0.0239  	0.04758  	0.04631  	0.15593  	0.25532  	0.20236  	0.08356  	-0.0896  	0.76193  	0.10021  	0.21014  	-0.6181  	0.23801  	0.38553  	0.03446  	0.39656  	0.11860  	0.13655  	0.36763  	0.29369  	0.13230  	0.02779  	0.10606  	0.34454  	-0.5050  	-0.4665  	-0.0916  	0.01177  	0.06075  	0.17617  	-0.1564  	0.10804  	-0.0864  	0.25658  	0.04853  	-0.2098  	-0.1345  	0.13111  	0.01211  	0.02467  	0.21737  	0.04291  	-0.0374  	-0.0366  	0.07638  	0.06608  	-0.1265  	-0.0775  	-0.0207  	-0.0126  	-0.0083  	-0.0203  	0.00930  	-0.0291  	0.00647  	0.00672  	-0.0200  	-0.0098  	0.02615  	0.03104  	0.00626  	0.07035  	0.10860  	-0.0590  	-0.0126  	0.01335  	0.57945  	0.55195  	249.634  	214.622  	
0.11651  	0.07705  	-0.0186  	-0.0239  	0.04758  	0.04631  	0.15593  	0.25532  	0.20236  	0.08356  	-0.0896  	0.76193  	0.10021  	0.21014  	-0.6181  	0.23801  	0.38553  	0.03446  	0.39656  	0.11860  	0.13655  	0.36763  	0.29369  	0.13230  	0.02779  	0.10606  	0.34454  	-0.5050  	-0.4665  	-0.0916  	0.01177  	0.06075  	0.17617  	-0.1564  	0.10804  	-0.0864  	0.25658  	0.04853  	-0.2098  	-0.1345  	0.13111  	0.01211  	0.02467  	0.21737  	0.04291  	-0.0374  	-0.0366  	0.07638  	0.06608  	-0.1265  	-0.0775  	-0.0207  	-0.0126  	-0.0083  	-0.0203  	0.00930  	-0.0291  	0.00647  	0.00672  	-0.0200  	-0.0098  	0.02615  	0.03104  	0.00626  	0.06801  	0.11023  	-0.0589  	-0.0117  	0.01391  	0.57873  	0.55195  	249.634  	214.622  	
0.11651  	0.07705  	-0.0186  	-0.0239  	0.04758  	0.04631  	0.15593  	0.25532  	0.20236  	0.08356  	-0.0896  	0.76193  	0.10021  	0.21014  	-0.6181  	0.23801  	0.38553  	0.03446  	0.39656  	0.11860  	0.13655  	0.36763  	0.29369  	0.13230  	0.02779  	0.10606  	0.34454  	-0.5050  	-0.4665  	-0.0916  	0.01177  	0.06075  	0.17617  	-0.1564  	0.10804  	-0.0864  	0.25658  	0.04853  	-0.2098  	-0.1345  	0.13111  	0.01211  	0.02467  	0.21737  	0.04291  	-0.0374  	-0.0366  	0.07638  	0.06608  	-0.1265  	-0.0775  	-0.0207  	-0.0126  	-0.0083  	-0.0203  	0.00930  	-0.0291  	0.00647  	0.00672  	-0.0200  	-0.0098  	0.02615  	0.03104  	0.00626  	0.06769  	0.10965  	-0.0594  	-0.0106  	0.01447  	0.57360  	0.55195  	249.634  	214.622  	
0.11651  	0.07705  	-0.0186  	-0.0239  	0.04758  	0.04631  	0.15593  	0.25532  	0.20236  	0.08356  	-0.0896  	0.76193  	0.10021  	0.21014  	-0.6181  	0.23801  	0.38553  	0.03446  	0.39656  	0.11860  	0.13655  	0.36763  	0.29369  	0.13230  	0.02779  	0.10606  	0.34454  	-0.5050  	-0.4665  	-0.0916  	0.01177  	0.06075  	0.17617  	-0.1564  	0.10804  	-0.0864  	0.25658  	0.04853  	-0.2098  	-0.1345  	0.13111  	0.01211  	0.02467  	0.21737  	0.04291  	-0.0374  	-0.0366  	0.07638  	0.06608  	-0.1265  	-0.0775  	-0.0207  	-0.0126  	-0.0083  	-0.0203  	0.00930  	-0.0291  	0.00647  	0.00672  	-0.0200  	-0.0098  	0.02615  	0.03104  	0.00626  	0.06761  	0.10874  	-0.0602  	-0.0094  	0.01440  	0.58777  	0.55195  	249.634  	214.622  	
0.11651  	0.07705  	-0.0186  	-0.0239  	0.04758  	0.04631  	0.15593  	0.25532  	0.20236  	0.08356  	-0.0896  	0.76193  	0.10021  	0.21014  	-0.6181  	0.23801  	0.38553  	0.03446  	0.39656  	0.11860  	0.13655  	0.36763  	0.29369  	0.13230  	0.02779  	0.10606  	0.34454  	-0.5050  	-0.4665  	-0.0916  	0.01177  	0.06075  	0.17617  	-0.1564  	0.10804  	-0.0864  	0.25658  	0.04853  	-0.2098  	-0.1345  	0.13111  	0.01211  	0.02467  	0.21737  	0.04291  	-0.0374  	-0.0366  	0.07638  	0.06608  	-0.1265  	-0.0775  	-0.0207  	-0.0126  	-0.0083  	-0.0203  	0.00930  	-0.0291  	0.00647  	0.00672  	-0.0200  	-0.0098  	0.02615  	0.03104  	0.00626  	0.06914  	0.10647  	-0.0615  	-0.0084  	0.01406  	0.60063  	0.55195  	249.634  	214.622  	
0.11651  	0.07705  	-0.0186  	-0.0239  	0.04758  	0.04631  	0.15593  	0.25532  	0.20236  	0.08356  	-0.0896  	0.76193  	0.10021  	0.21014  	-0.6181  	0.23801  	0.38553  	0.03446  	0.39656  	0.11860  	0.13655  	0.36763  	0.29369  	0.13230  	0.02779  	0.10606  	0.34454  	-0.5050  	-0.4665  	-0.0916  	0.01177  	0.06075  	0.17617  	-0.1564  	0.10804  	-0.0864  	0.25658  	0.04853  	-0.2098  	-0.1345  	0.13111  	0.01211  	0.02467  	0.21737  	0.04291  	-0.0374  	-0.0366  	0.07638  	0.06608  	-0.1265  	-0.0775  	-0.0207  	-0.0126  	-0.0083  	-0.0203  	0.00930  	-0.0291  	0.00647  	0.00672  	-0.0200  	-0.0098  	0.02615  	0.03104  	0.00626  	0.07222  	0.10487  	-0.0632  	-0.0074  	0.01305  	0.62017  	0.55195  	249.634  	214.622  	
0.11651  	0.07705  	-0.0186  	-0.0239  	0.04758  	0.04631  	0.15593  	0.25532  	0.20236  	0.08356  	-0.0896  	0.76193  	0.10021  	0.21014  	-0.6181  	0.23801  	0.38553  	0.03446  	0.39656  	0.11860  	0.13655  	0.36763  	0.29369  	0.13230  	0.02779  	0.10606  	0.34454  	-0.5050  	-0.4665  	-0.0916  	0.01177  	0.06075  	0.17617  	-0.1564  	0.10804  	-0.0864  	0.25658  	0.04853  	-0.2098  	-0.1345  	0.13111  	0.01211  	0.02467  	0.21737  	0.04291  	-0.0374  	-0.0366  	0.07638  	0.06608  	-0.1265  	-0.0775  	-0.0207  	-0.0126  	-0.0083  	-0.0203  	0.00930  	-0.0291  	0.00647  	0.00672  	-0.0200  	-0.0098  	0.02615  	0.03104  	0.00626  	0.07691  	0.10261  	-0.0655  	-0.0068  	0.01143  	0.65105  	0.55195  	249.634  	214.622  	
0.11651  	0.07705  	-0.0186  	-0.0239  	0.04758  	0.04631  	0.15593  	0.25532  	0.20236  	0.08356  	-0.0896  	0.76193  	0.10021  	0.21014  	-0.6181  	0.23801  	0.38553  	0.03446  	0.39656  	0.11860  	0.13655  	0.36763  	0.29369  	0.13230  	0.02779  	0.10606  	0.34454  	-0.5050  	-0.4665  	-0.0916  	0.01177  	0.06075  	0.17617  	-0.1564  	0.10804  	-0.0864  	0.25658  	0.04853  	-0.2098  	-0.1345  	0.13111  	0.01211  	0.02467  	0.21737  	0.04291  	-0.0374  	-0.0366  	0.07638  	0.06608  	-0.1265  	-0.0775  	-0.0207  	-0.0126  	-0.0083  	-0.0203  	0.00930  	-0.0291  	0.00647  	0.00672  	-0.0200  	-0.0098  	0.02615  	0.03104  	0.00626  	0.08304  	0.10151  	-0.0678  	-0.0066  	0.00882  	0.67853  	0.55195  	249.634  	214.622  	
0.11651  	0.07705  	-0.0186  	-0.0239  	0.04758  	0.04631  	0.15593  	0.25532  	0.20236  	0.08356  	-0.0896  	0.76193  	0.10021  	0.21014  	-0.6181  	0.23801  	0.38553  	0.03446  	0.39656  	0.11860  	0.13655  	0.36763  	0.29369  	0.13230  	0.02779  	0.10606  	0.34454  	-0.5050  	-0.4665  	-0.0916  	0.01177  	0.06075  	0.17617  	-0.1564  	0.10804  	-0.0864  	0.25658  	0.04853  	-0.2098  	-0.1345  	0.13111  	0.01211  	0.02467  	0.21737  	0.04291  	-0.0374  	-0.0366  	0.07638  	0.06608  	-0.1265  	-0.0775  	-0.0207  	-0.0126  	-0.0083  	-0.0203  	0.00930  	-0.0291  	0.00647  	0.00672  	-0.0200  	-0.0098  	0.02615  	0.03104  	0.00626  	0.08935  	0.10142  	-0.0696  	-0.0069  	0.00667  	0.70013  	0.55195  	249.634  	214.622  	
0.11651  	0.07705  	-0.0186  	-0.0239  	0.04758  	0.04631  	0.15593  	0.25532  	0.20236  	0.08356  	-0.0896  	0.76193  	0.10021  	0.21014  	-0.6181  	0.23801  	0.38553  	0.03446  	0.39656  	0.11860  	0.13655  	0.36763  	0.29369  	0.13230  	0.02779  	0.10606  	0.34454  	-0.5050  	-0.4665  	-0.0916  	0.01177  	0.06075  	0.17617  	-0.1564  	0.10804  	-0.0864  	0.25658  	0.04853  	-0.2098  	-0.1345  	0.13111  	0.01211  	0.02467  	0.21737  	0.04291  	-0.0374  	-0.0366  	0.07638  	0.06608  	-0.1265  	-0.0775  	-0.0207  	-0.0126  	-0.0083  	-0.0203  	0.00930  	-0.0291  	0.00647  	0.00672  	-0.0200  	-0.0098  	0.02615  	0.03104  	0.00626  	0.09491  	0.10333  	-0.0710  	-0.0072  	0.00477  	0.70653  	0.55195  	249.634  	214.622  	
0.11651  	0.07705  	-0.0186  	-0.0239  	0.04758  	0.04631  	0.15593  	0.25532  	0.20236  	0.08356  	-0.0896  	0.76193  	0.10021  	0.21014  	-0.6181  	0.23801  	0.38553  	0.03446  	0.39656  	0.11860  	0.13655  	0.36763  	0.29369  	0.13230  	0.02779  	0.10606  	0.34454  	-0.5050  	-0.4665  	-0.0916  	0.01177  	0.06075  	0.17617  	-0.1564  	0.10804  	-0.0864  	0.25658  	0.04853  	-0.2098  	-0.1345  	0.13111  	0.01211  	0.02467  	0.21737  	0.04291  	-0.0374  	-0.0366  	0.07638  	0.06608  	-0.1265  	-0.0775  	-0.0207  	-0.0126  	-0.0083  	-0.0203  	0.00930  	-0.0291  	0.00647  	0.00672  	-0.0200  	-0.0098  	0.02615  	0.03104  	0.00626  	0.09875  	0.10502  	-0.0718  	-0.0077  	0.00322  	0.70769  	0.55195  	249.634  	214.622  	
0.11651  	0.07705  	-0.0186  	-0.0239  	0.04758  	0.04631  	0.15593  	0.25532  	0.20236  	0.08356  	-0.0896  	0.76193  	0.10021  	0.21014  	-0.6181  	0.23801  	0.38553  	0.03446  	0.39656  	0.11860  	0.13655  	0.36763  	0.29369  	0.13230  	0.02779  	0.10606  	0.34454  	-0.5050  	-0.4665  	-0.0916  	0.01177  	0.06075  	0.17617  	-0.1564  	0.10804  	-0.0864  	0.25658  	0.04853  	-0.2098  	-0.1345  	0.13111  	0.01211  	0.02467  	0.21737  	0.04291  	-0.0374  	-0.0366  	0.07638  	0.06608  	-0.1265  	-0.0775  	-0.0207  	-0.0126  	-0.0083  	-0.0203  	0.00930  	-0.0291  	0.00647  	0.00672  	-0.0200  	-0.0098  	0.02615  	0.03104  	0.00626  	0.09802  	0.10729  	-0.0721  	-0.0082  	0.00259  	0.71301  	0.55195  	249.634  	214.622  	
0.11651  	0.07705  	-0.0186  	-0.0239  	0.04758  	0.04631  	0.15593  	0.25532  	0.20236  	0.08356  	-0.0896  	0.76193  	0.10021  	0.21014  	-0.6181  	0.23801  	0.38553  	0.03446  	0.39656  	0.11860  	0.13655  	0.36763  	0.29369  	0.13230  	0.02779  	0.10606  	0.34454  	-0.5050  	-0.4665  	-0.0916  	0.01177  	0.06075  	0.17617  	-0.1564  	0.10804  	-0.0864  	0.25658  	0.04853  	-0.2098  	-0.1345  	0.13111  	0.01211  	0.02467  	0.21737  	0.04291  	-0.0374  	-0.0366  	0.07638  	0.06608  	-0.1265  	-0.0775  	-0.0207  	-0.0126  	-0.0083  	-0.0203  	0.00930  	-0.0291  	0.00647  	0.00672  	-0.0200  	-0.0098  	0.02615  	0.03104  	0.00626  	0.09295  	0.10888  	-0.0713  	-0.0088  	0.00343  	0.70797  	0.55195  	249.634  	214.622  	
0.11651  	0.07705  	-0.0186  	-0.0239  	0.04758  	0.04631  	0.15593  	0.25532  	0.20236  	0.08356  	-0.0896  	0.76193  	0.10021  	0.21014  	-0.6181  	0.23801  	0.38553  	0.03446  	0.39656  	0.11860  	0.13655  	0.36763  	0.29369  	0.13230  	0.02779  	0.10606  	0.34454  	-0.5050  	-0.4665  	-0.0916  	0.01177  	0.06075  	0.17617  	-0.1564  	0.10804  	-0.0864  	0.25658  	0.04853  	-0.2098  	-0.1345  	0.13111  	0.01211  	0.02467  	0.21737  	0.04291  	-0.0374  	-0.0366  	0.07638  	0.06608  	-0.1265  	-0.0775  	-0.0207  	-0.0126  	-0.0083  	-0.0203  	0.00930  	-0.0291  	0.00647  	0.00672  	-0.0200  	-0.0098  	0.02615  	0.03104  	0.00626  	0.09069  	0.10910  	-0.0716  	-0.0090  	0.00347  	0.70401  	0.55195  	249.634  	214.622  	
0.11651  	0.07705  	-0.0186  	-0.0239  	0.04758  	0.04631  	0.15593  	0.25532  	0.20236  	0.08356  	-0.0896  	0.76193  	0.10021  	0.21014  	-0.6181  	0.23801  	0.38553  	0.03446  	0.39656  	0.11860  	0.13655  	0.36763  	0.29369  	0.13230  	0.02779  	0.10606  	0.34454  	-0.5050  	-0.4665  	-0.0916  	0.01177  	0.06075  	0.17617  	-0.1564  	0.10804  	-0.0864  	0.25658  	0.04853  	-0.2098  	-0.1345  	0.13111  	0.01211  	0.02467  	0.21737  	0.04291  	-0.0374  	-0.0366  	0.07638  	0.06608  	-0.1265  	-0.0775  	-0.0207  	-0.0126  	-0.0083  	-0.0203  	0.00930  	-0.0291  	0.00647  	0.00672  	-0.0200  	-0.0098  	0.02615  	0.03104  	0.00626  	0.08911  	0.10795  	-0.0718  	-0.0090  	0.00362  	0.68811  	0.55195  	249.634  	214.622  	
0.11651  	0.07705  	-0.0186  	-0.0239  	0.04758  	0.04631  	0.15593  	0.25532  	0.20236  	0.08356  	-0.0896  	0.76193  	0.10021  	0.21014  	-0.6181  	0.23801  	0.38553  	0.03446  	0.39656  	0.11860  	0.13655  	0.36763  	0.29369  	0.13230  	0.02779  	0.10606  	0.34454  	-0.5050  	-0.4665  	-0.0916  	0.01177  	0.06075  	0.17617  	-0.1564  	0.10804  	-0.0864  	0.25658  	0.04853  	-0.2098  	-0.1345  	0.13111  	0.01211  	0.02467  	0.21737  	0.04291  	-0.0374  	-0.0366  	0.07638  	0.06608  	-0.1265  	-0.0775  	-0.0207  	-0.0126  	-0.0083  	-0.0203  	0.00930  	-0.0291  	0.00647  	0.00672  	-0.0200  	-0.0098  	0.02615  	0.03104  	0.00626  	0.08674  	0.10684  	-0.0713  	-0.0088  	0.00427  	0.67544  	0.55195  	249.634  	214.622  	
0.11651  	0.07705  	-0.0186  	-0.0239  	0.04758  	0.04631  	0.15593  	0.25532  	0.20236  	0.08356  	-0.0896  	0.76193  	0.10021  	0.21014  	-0.6181  	0.23801  	0.38553  	0.03446  	0.39656  	0.11860  	0.13655  	0.36763  	0.29369  	0.13230  	0.02779  	0.10606  	0.34454  	-0.5050  	-0.4665  	-0.0916  	0.01177  	0.06075  	0.17617  	-0.1564  	0.10804  	-0.0864  	0.25658  	0.04853  	-0.2098  	-0.1345  	0.13111  	0.01211  	0.02467  	0.21737  	0.04291  	-0.0374  	-0.0366  	0.07638  	0.06608  	-0.1265  	-0.0775  	-0.0207  	-0.0126  	-0.0083  	-0.0203  	0.00930  	-0.0291  	0.00647  	0.00672  	-0.0200  	-0.0098  	0.02615  	0.03104  	0.00626  	0.08525  	0.10472  	-0.0716  	-0.0086  	0.00512  	0.67195  	0.55195  	249.634  	214.622  	
0.11879  	0.08975  	0.01394  	-0.0067  	0.05401  	0.02401  	0.12823  	0.30356  	0.18563  	0.06235  	-0.0766  	0.77611  	0.13945  	0.16828  	-0.5697  	0.18926  	0.46038  	-0.0997  	0.45475  	-0.0941  	0.19450  	0.18418  	0.08980  	0.13438  	-0.0275  	0.18757  	0.34191  	-0.5802  	-0.4018  	-0.1080  	0.10610  	0.02131  	0.09998  	-0.2885  	0.05577  	-0.1093  	0.18622  	0.04702  	-0.3035  	-0.2022  	0.19175  	0.11805  	-0.0699  	0.28097  	-0.0046  	-0.0210  	-0.0559  	0.09157  	0.05354  	-0.1362  	-0.0725  	-0.0168  	-0.0115  	0.00513  	-0.0153  	0.00816  	-0.0312  	-0.0026  	0.00723  	-0.0129  	-0.0061  	0.02357  	0.01795  	0.00668  	0.08507  	0.10308  	-0.0723  	-0.0083  	0.00501  	0.66716  	0.55195  	249.634  	214.622  	
0.12062  	0.09991  	0.04000  	0.00704  	0.05916  	0.00616  	0.10607  	0.34216  	0.17224  	0.04538  	-0.0662  	0.78746  	0.17083  	0.13479  	-0.5309  	0.15026  	0.52026  	-0.2071  	0.50130  	-0.2642  	0.24086  	0.03742  	-0.0733  	0.13604  	-0.0717  	0.25277  	0.33980  	-0.6405  	-0.3500  	-0.1211  	0.18157  	-0.0102  	0.03902  	-0.3943  	0.01395  	-0.1276  	0.12994  	0.04581  	-0.3785  	-0.2564  	0.24026  	0.20281  	-0.1455  	0.33184  	-0.0427  	-0.0078  	-0.0713  	0.10372  	0.04350  	-0.1439  	-0.0685  	-0.0137  	-0.0107  	0.01591  	-0.0113  	0.00725  	-0.0328  	-0.0099  	0.00764  	-0.0073  	-0.0030  	0.02150  	0.00748  	0.00702  	0.08609  	0.10189  	-0.0728  	-0.0083  	0.00497  	0.66475  	0.55195  	249.634  	214.622  	
0.12108  	0.10245  	0.04651  	0.01048  	0.06045  	0.00170  	0.10053  	0.35181  	0.16889  	0.04114  	-0.0636  	0.79030  	0.17868  	0.12642  	-0.5213  	0.14051  	0.53523  	-0.2339  	0.51293  	-0.3068  	0.25245  	0.00073  	-0.1140  	0.13645  	-0.0828  	0.26907  	0.33927  	-0.6555  	-0.3371  	-0.1244  	0.20043  	-0.0181  	0.02378  	-0.4207  	0.00350  	-0.1322  	0.11587  	0.04550  	-0.3973  	-0.2699  	0.25239  	0.22400  	-0.1645  	0.34456  	-0.0522  	-0.0045  	-0.0751  	0.10676  	0.04099  	-0.1458  	-0.0675  	-0.0129  	-0.0105  	0.01860  	-0.0103  	0.00702  	-0.0332  	-0.0117  	0.00774  	-0.0059  	-0.0023  	0.02098  	0.00486  	0.00710  	0.08734  	0.10248  	-0.0728  	-0.0081  	0.00518  	0.65664  	0.55195  	249.634  	214.622  	
0.12062  	0.09991  	0.04000  	0.00704  	0.05916  	0.00616  	0.10607  	0.34216  	0.17224  	0.04538  	-0.0662  	0.78746  	0.17083  	0.13479  	-0.5309  	0.15026  	0.52026  	-0.2071  	0.50130  	-0.2642  	0.24086  	0.03742  	-0.0733  	0.13604  	-0.0717  	0.25277  	0.33980  	-0.6405  	-0.3500  	-0.1211  	0.18157  	-0.0102  	0.03902  	-0.3943  	0.01395  	-0.1276  	0.12994  	0.04581  	-0.3785  	-0.2564  	0.24026  	0.20281  	-0.1455  	0.33184  	-0.0427  	-0.0078  	-0.0713  	0.10372  	0.04350  	-0.1439  	-0.0685  	-0.0137  	-0.0107  	0.01591  	-0.0113  	0.00725  	-0.0328  	-0.0099  	0.00764  	-0.0073  	-0.0030  	0.02150  	0.00748  	0.00702  	0.08849  	0.10404  	-0.0719  	-0.0082  	0.00603  	0.63609  	0.55195  	249.634  	214.622  	
0.11879  	0.08975  	0.01394  	-0.0067  	0.05401  	0.02401  	0.12823  	0.30356  	0.18563  	0.06235  	-0.0766  	0.77611  	0.13945  	0.16828  	-0.5697  	0.18926  	0.46038  	-0.0997  	0.45475  	-0.0941  	0.19450  	0.18418  	0.08980  	0.13438  	-0.0275  	0.18757  	0.34191  	-0.5802  	-0.4018  	-0.1080  	0.10610  	0.02131  	0.09998  	-0.2885  	0.05577  	-0.1093  	0.18622  	0.04702  	-0.3035  	-0.2022  	0.19175  	0.11805  	-0.0699  	0.28097  	-0.0046  	-0.0210  	-0.0559  	0.09157  	0.05354  	-0.1362  	-0.0725  	-0.0168  	-0.0115  	0.00513  	-0.0153  	0.00816  	-0.0312  	-0.0026  	0.00723  	-0.0129  	-0.0061  	0.02357  	0.01795  	0.00668  	0.08801  	0.10666  	-0.0713  	-0.0075  	0.00623  	0.63107  	0.55195  	249.634  	214.622  	
0.11651  	0.07705  	-0.0186  	-0.0239  	0.04758  	0.04631  	0.15593  	0.25532  	0.20236  	0.08356  	-0.0896  	0.76193  	0.10021  	0.21014  	-0.6181  	0.23801  	0.38553  	0.03446  	0.39656  	0.11860  	0.13655  	0.36763  	0.29369  	0.13230  	0.02779  	0.10606  	0.34454  	-0.5050  	-0.4665  	-0.0916  	0.01177  	0.06075  	0.17617  	-0.1564  	0.10804  	-0.0864  	0.25658  	0.04853  	-0.2098  	-0.1345  	0.13111  	0.01211  	0.02467  	0.21737  	0.04291  	-0.0374  	-0.0366  	0.07638  	0.06608  	-0.1265  	-0.0775  	-0.0207  	-0.0126  	-0.0083  	-0.0203  	0.00930  	-0.0291  	0.00647  	0.00672  	-0.0200  	-0.0098  	0.02615  	0.03104  	0.00626  	0.08578  	0.10741  	-0.0704  	-0.0069  	0.00653  	0.63278  	0.55195  	249.634  	214.622  	
0.11651  	0.07705  	-0.0186  	-0.0239  	0.04758  	0.04631  	0.15593  	0.25532  	0.20236  	0.08356  	-0.0896  	0.76193  	0.10021  	0.21014  	-0.6181  	0.23801  	0.38553  	0.03446  	0.39656  	0.11860  	0.13655  	0.36763  	0.29369  	0.13230  	0.02779  	0.10606  	0.34454  	-0.5050  	-0.4665  	-0.0916  	0.01177  	0.06075  	0.17617  	-0.1564  	0.10804  	-0.0864  	0.25658  	0.04853  	-0.2098  	-0.1345  	0.13111  	0.01211  	0.02467  	0.21737  	0.04291  	-0.0374  	-0.0366  	0.07638  	0.06608  	-0.1265  	-0.0775  	-0.0207  	-0.0126  	-0.0083  	-0.0203  	0.00930  	-0.0291  	0.00647  	0.00672  	-0.0200  	-0.0098  	0.02615  	0.03104  	0.00626  	0.08240  	0.10813  	-0.0693  	-0.0061  	0.00689  	0.63812  	0.55195  	249.634  	214.622  	
0.11651  	0.07705  	-0.0186  	-0.0239  	0.04758  	0.04631  	0.15593  	0.25532  	0.20236  	0.08356  	-0.0896  	0.76193  	0.10021  	0.21014  	-0.6181  	0.23801  	0.38553  	0.03446  	0.39656  	0.11860  	0.13655  	0.36763  	0.29369  	0.13230  	0.02779  	0.10606  	0.34454  	-0.5050  	-0.4665  	-0.0916  	0.01177  	0.06075  	0.17617  	-0.1564  	0.10804  	-0.0864  	0.25658  	0.04853  	-0.2098  	-0.1345  	0.13111  	0.01211  	0.02467  	0.21737  	0.04291  	-0.0374  	-0.0366  	0.07638  	0.06608  	-0.1265  	-0.0775  	-0.0207  	-0.0126  	-0.0083  	-0.0203  	0.00930  	-0.0291  	0.00647  	0.00672  	-0.0200  	-0.0098  	0.02615  	0.03104  	0.00626  	0.07789  	0.10884  	-0.0679  	-0.0052  	0.00730  	0.64710  	0.55195  	249.634  	214.622  	
0.11651  	0.07705  	-0.0186  	-0.0239  	0.04758  	0.04631  	0.15593  	0.25532  	0.20236  	0.08356  	-0.0896  	0.76193  	0.10021  	0.21014  	-0.6181  	0.23801  	0.38553  	0.03446  	0.39656  	0.11860  	0.13655  	0.36763  	0.29369  	0.13230  	0.02779  	0.10606  	0.34454  	-0.5050  	-0.4665  	-0.0916  	0.01177  	0.06075  	0.17617  	-0.1564  	0.10804  	-0.0864  	0.25658  	0.04853  	-0.2098  	-0.1345  	0.13111  	0.01211  	0.02467  	0.21737  	0.04291  	-0.0374  	-0.0366  	0.07638  	0.06608  	-0.1265  	-0.0775  	-0.0207  	-0.0126  	-0.0083  	-0.0203  	0.00930  	-0.0291  	0.00647  	0.00672  	-0.0200  	-0.0098  	0.02615  	0.03104  	0.00626  	0.07222  	0.10952  	-0.0663  	-0.0042  	0.00777  	0.65972  	0.55195  	249.634  	214.622  	
0.11651  	0.07705  	-0.0186  	-0.0239  	0.04758  	0.04631  	0.15593  	0.25532  	0.20236  	0.08356  	-0.0896  	0.76193  	0.10021  	0.21014  	-0.6181  	0.23801  	0.38553  	0.03446  	0.39656  	0.11860  	0.13655  	0.36763  	0.29369  	0.13230  	0.02779  	0.10606  	0.34454  	-0.5050  	-0.4665  	-0.0916  	0.01177  	0.06075  	0.17617  	-0.1564  	0.10804  	-0.0864  	0.25658  	0.04853  	-0.2098  	-0.1345  	0.13111  	0.01211  	0.02467  	0.21737  	0.04291  	-0.0374  	-0.0366  	0.07638  	0.06608  	-0.1265  	-0.0775  	-0.0207  	-0.0126  	-0.0083  	-0.0203  	0.00930  	-0.0291  	0.00647  	0.00672  	-0.0200  	-0.0098  	0.02615  	0.03104  	0.00626  	0.06542  	0.11018  	-0.0645  	-0.0031  	0.00831  	0.67597  	0.55195  	249.634  	214.622  	
0.11651  	0.07705  	-0.0186  	-0.0239  	0.04758  	0.04631  	0.15593  	0.25532  	0.20236  	0.08356  	-0.0896  	0.76193  	0.10021  	0.21014  	-0.6181  	0.23801  	0.38553  	0.03446  	0.39656  	0.11860  	0.13655  	0.36763  	0.29369  	0.13230  	0.02779  	0.10606  	0.34454  	-0.5050  	-0.4665  	-0.0916  	0.01177  	0.06075  	0.17617  	-0.1564  	0.10804  	-0.0864  	0.25658  	0.04853  	-0.2098  	-0.1345  	0.13111  	0.01211  	0.02467  	0.21737  	0.04291  	-0.0374  	-0.0366  	0.07638  	0.06608  	-0.1265  	-0.0775  	-0.0207  	-0.0126  	-0.0083  	-0.0203  	0.00930  	-0.0291  	0.00647  	0.00672  	-0.0200  	-0.0098  	0.02615  	0.03104  	0.00626  	0.05746  	0.11082  	-0.0624  	-0.0018  	0.00890  	0.69586  	0.55195  	249.634  	214.622  	
